cycle,level_code,level_fr,level_ar,level_en,section_code,section_fr,section_ar,section_en,class_key,subject_code,subject_fr,subject_ar,subject_en,language,optional,domain,scope,topic,chapter,objective_order,objective
secondaire,BAC,Baccalauréat (4ème année secondaire),البكالوريا (السنة الرابعة ثانوي),Baccalaureate (4th year of secondary education),ECO,Économie et gestion,اقتصاد وتصرف,Economics and Management,bac-economie-gestion,MATH,Mathématiques,الرياضيات,Mathematics,fr,False,Analyse,domain,,,1,Reconnaître si une fonction est continue en un réel ou sur un intervalle à partir de son expression algébrique ou d’un graphique.
secondaire,BAC,Baccalauréat (4ème année secondaire),البكالوريا (السنة الرابعة ثانوي),Baccalaureate (4th year of secondary education),ECO,Économie et gestion,اقتصاد وتصرف,Economics and Management,bac-economie-gestion,MATH,Mathématiques,الرياضيات,Mathematics,fr,False,Analyse,domain,,,2,"Déterminer les valeurs exactes ou approchées d’une fonction continue sur [a,b]."
secondaire,BAC,Baccalauréat (4ème année secondaire),البكالوريا (السنة الرابعة ثانوي),Baccalaureate (4th year of secondary education),ECO,Économie et gestion,اقتصاد وتصرف,Economics and Management,bac-economie-gestion,MATH,Mathématiques,الرياضيات,Mathematics,fr,False,Analyse,domain,,,3,"Déterminer une valeur exacte ou approchée d’une solution d’une équation de la forme f(x) = k , dans le cas où f est une fonction continue sur un intervalle."
secondaire,BAC,Baccalauréat (4ème année secondaire),البكالوريا (السنة الرابعة ثانوي),Baccalaureate (4th year of secondary education),ECO,Économie et gestion,اقتصاد وتصرف,Economics and Management,bac-economie-gestion,MATH,Mathématiques,الرياضيات,Mathematics,fr,False,Analyse,domain,,,4,Déterminer la limite éventuelle d’une fonction du programme en un réel ou à l’infini.
secondaire,BAC,Baccalauréat (4ème année secondaire),البكالوريا (السنة الرابعة ثانوي),Baccalaureate (4th year of secondary education),ECO,Économie et gestion,اقتصاد وتصرف,Economics and Management,bac-economie-gestion,MATH,Mathématiques,الرياضيات,Mathematics,fr,False,Analyse,domain,,,5,Reconnaître si une fonction du programme est dérivable en un point ou sur un intervalle.
secondaire,BAC,Baccalauréat (4ème année secondaire),البكالوريا (السنة الرابعة ثانوي),Baccalaureate (4th year of secondary education),ECO,Économie et gestion,اقتصاد وتصرف,Economics and Management,bac-economie-gestion,MATH,Mathématiques,الرياضيات,Mathematics,fr,False,Analyse,domain,,,6,Reconnaître que le nombre dérivé d’une fonction en a est la pente de la tangente à la courbe de cette fonction en le point d’abscisse a .
secondaire,BAC,Baccalauréat (4ème année secondaire),البكالوريا (السنة الرابعة ثانوي),Baccalaureate (4th year of secondary education),ECO,Économie et gestion,اقتصاد وتصرف,Economics and Management,bac-economie-gestion,MATH,Mathématiques,الرياضيات,Mathematics,fr,False,Analyse,domain,,,7,Déterminer l’équation de la tangente (ou des demi-tangentes) à une courbe en un point d’abscisse a.
secondaire,BAC,Baccalauréat (4ème année secondaire),البكالوريا (السنة الرابعة ثانوي),Baccalaureate (4th year of secondary education),ECO,Économie et gestion,اقتصاد وتصرف,Economics and Management,bac-economie-gestion,MATH,Mathématiques,الرياضيات,Mathematics,fr,False,Analyse,domain,,,8,Déterminer le nombre dérivé d’une fonction du programme en un réel a connaissant l’équation de la tangente à la courbe représentative de la fonction au point d’abscisse a.
secondaire,BAC,Baccalauréat (4ème année secondaire),البكالوريا (السنة الرابعة ثانوي),Baccalaureate (4th year of secondary education),ECO,Économie et gestion,اقتصاد وتصرف,Economics and Management,bac-economie-gestion,MATH,Mathématiques,الرياضيات,Mathematics,fr,False,Analyse,domain,,,9,Déterminer la dérivée d’une fonction du programme sur un intervalle en utilisant les opérations sur les fonctions dérivables et les dérivées de fonctions usuelles.
secondaire,BAC,Baccalauréat (4ème année secondaire),البكالوريا (السنة الرابعة ثانوي),Baccalaureate (4th year of secondary education),ECO,Économie et gestion,اقتصاد وتصرف,Economics and Management,bac-economie-gestion,MATH,Mathématiques,الرياضيات,Mathematics,fr,False,Analyse,domain,,,10,Déterminer le sens de variation d’une fonction du programme connaissant le signe de sa dérivée.
secondaire,BAC,Baccalauréat (4ème année secondaire),البكالوريا (السنة الرابعة ثانوي),Baccalaureate (4th year of secondary education),ECO,Économie et gestion,اقتصاد وتصرف,Economics and Management,bac-economie-gestion,MATH,Mathématiques,الرياضيات,Mathematics,fr,False,Analyse,domain,,,11,Déterminer le sens de variation d’une fonction à partir de sa représentation graphique.
secondaire,BAC,Baccalauréat (4ème année secondaire),البكالوريا (السنة الرابعة ثانوي),Baccalaureate (4th year of secondary education),ECO,Économie et gestion,اقتصاد وتصرف,Economics and Management,bac-economie-gestion,MATH,Mathématiques,الرياضيات,Mathematics,fr,False,Analyse,domain,,,12,Reconnaître qu’un réel est un extremum local ou global d’une fonction du programme.
secondaire,BAC,Baccalauréat (4ème année secondaire),البكالوريا (السنة الرابعة ثانوي),Baccalaureate (4th year of secondary education),ECO,Économie et gestion,اقتصاد وتصرف,Economics and Management,bac-economie-gestion,MATH,Mathématiques,الرياضيات,Mathematics,fr,False,Analyse,domain,,,13,Reconnaître qu’un réel est un point d’inflexion d’une fonction du programme.
secondaire,BAC,Baccalauréat (4ème année secondaire),البكالوريا (السنة الرابعة ثانوي),Baccalaureate (4th year of secondary education),ECO,Économie et gestion,اقتصاد وتصرف,Economics and Management,bac-economie-gestion,MATH,Mathématiques,الرياضيات,Mathematics,fr,False,Analyse,domain,,,14,Reconnaître qu’un point ou une droite est un centre ou un axe de symétrie.
secondaire,BAC,Baccalauréat (4ème année secondaire),البكالوريا (السنة الرابعة ثانوي),Baccalaureate (4th year of secondary education),ECO,Économie et gestion,اقتصاد وتصرف,Economics and Management,bac-economie-gestion,MATH,Mathématiques,الرياضيات,Mathematics,fr,False,Analyse,domain,,,15,Reconnaître qu’une droite est une asymptote à la courbe représentative d’une fonction du programme.
secondaire,BAC,Baccalauréat (4ème année secondaire),البكالوريا (السنة الرابعة ثانوي),Baccalaureate (4th year of secondary education),ECO,Économie et gestion,اقتصاد وتصرف,Economics and Management,bac-economie-gestion,MATH,Mathématiques,الرياضيات,Mathematics,fr,False,Analyse,domain,,,16,"Tracer une courbe représentative d’une fonction à partir d’une autre en utilisant une transformation plane (translation, symétrie axiale ou centrale) ou une transformation d’écriture menant à un changement de repère."
secondaire,BAC,Baccalauréat (4ème année secondaire),البكالوريا (السنة الرابعة ثانوي),Baccalaureate (4th year of secondary education),ECO,Économie et gestion,اقتصاد وتصرف,Economics and Management,bac-economie-gestion,MATH,Mathématiques,الرياضيات,Mathematics,fr,False,Analyse,domain,,,17,Exploiter ou créer un graphique pour étudier la position relative de deux courbes.
secondaire,BAC,Baccalauréat (4ème année secondaire),البكالوريا (السنة الرابعة ثانوي),Baccalaureate (4th year of secondary education),ECO,Économie et gestion,اقتصاد وتصرف,Economics and Management,bac-economie-gestion,MATH,Mathématiques,الرياضيات,Mathematics,fr,False,Analyse,domain,,,18,Exploiter ou créer une représentation graphique pour déterminer ou estimer les solutions éventuelles d’une équation ou d’une inéquation.
secondaire,BAC,Baccalauréat (4ème année secondaire),البكالوريا (السنة الرابعة ثانوي),Baccalaureate (4th year of secondary education),ECO,Économie et gestion,اقتصاد وتصرف,Economics and Management,bac-economie-gestion,MATH,Mathématiques,الرياضيات,Mathematics,fr,False,Analyse,domain,,,19,Déterminer l’ensemble des primitives d’une fonction continue sur un intervalle I.
secondaire,BAC,Baccalauréat (4ème année secondaire),البكالوريا (السنة الرابعة ثانوي),Baccalaureate (4th year of secondary education),ECO,Économie et gestion,اقتصاد وتصرف,Economics and Management,bac-economie-gestion,MATH,Mathématiques,الرياضيات,Mathematics,fr,False,Analyse,domain,,,20,"Reconnaître qu’une fonction est la primitive d’une fonction continue sur un intervalle I, qui s’annule en un réel a de I."
secondaire,BAC,Baccalauréat (4ème année secondaire),البكالوريا (السنة الرابعة ثانوي),Baccalaureate (4th year of secondary education),ECO,Économie et gestion,اقتصاد وتصرف,Economics and Management,bac-economie-gestion,MATH,Mathématiques,الرياضيات,Mathematics,fr,False,Analyse,domain,,,21,Calculer les primitives des fonctions usuelles.
secondaire,BAC,Baccalauréat (4ème année secondaire),البكالوريا (السنة الرابعة ثانوي),Baccalaureate (4th year of secondary education),ECO,Économie et gestion,اقتصاد وتصرف,Economics and Management,bac-economie-gestion,MATH,Mathématiques,الرياضيات,Mathematics,fr,False,Analyse,domain,,,22,Calculer une intégrale en utilisant une primitive.
secondaire,BAC,Baccalauréat (4ème année secondaire),البكالوريا (السنة الرابعة ثانوي),Baccalaureate (4th year of secondary education),ECO,Économie et gestion,اقتصاد وتصرف,Economics and Management,bac-economie-gestion,MATH,Mathématiques,الرياضيات,Mathematics,fr,False,Analyse,domain,,,23,Calculer une intégrale à l’aide d’intégration par parties.
secondaire,BAC,Baccalauréat (4ème année secondaire),البكالوريا (السنة الرابعة ثانوي),Baccalaureate (4th year of secondary education),ECO,Économie et gestion,اقتصاد وتصرف,Economics and Management,bac-economie-gestion,MATH,Mathématiques,الرياضيات,Mathematics,fr,False,Analyse,domain,,,24,Calculer l' aire d'une partie du plan limitée par des courbes.
secondaire,BAC,Baccalauréat (4ème année secondaire),البكالوريا (السنة الرابعة ثانوي),Baccalaureate (4th year of secondary education),ECO,Économie et gestion,اقتصاد وتصرف,Economics and Management,bac-economie-gestion,MATH,Mathématiques,الرياضيات,Mathematics,fr,False,Analyse,domain,,,25,Reconnaître qu’un réel est un majorant ou un minorant d’une suite du programme.
secondaire,BAC,Baccalauréat (4ème année secondaire),البكالوريا (السنة الرابعة ثانوي),Baccalaureate (4th year of secondary education),ECO,Économie et gestion,اقتصاد وتصرف,Economics and Management,bac-economie-gestion,MATH,Mathématiques,الرياضيات,Mathematics,fr,False,Analyse,domain,,,26,Etudier les variations d’une suite du programme.
secondaire,BAC,Baccalauréat (4ème année secondaire),البكالوريا (السنة الرابعة ثانوي),Baccalaureate (4th year of secondary education),ECO,Économie et gestion,اقتصاد وتصرف,Economics and Management,bac-economie-gestion,MATH,Mathématiques,الرياضيات,Mathematics,fr,False,Analyse,domain,,,27,"Représenter graphiquement les points An de coordonnées (n, un), dans le cas où (un)n est une suite du type un = f(n) où f est une fonction du programme."
secondaire,BAC,Baccalauréat (4ème année secondaire),البكالوريا (السنة الرابعة ثانوي),Baccalaureate (4th year of secondary education),ECO,Économie et gestion,اقتصاد وتصرف,Economics and Management,bac-economie-gestion,MATH,Mathématiques,الرياضيات,Mathematics,fr,False,Analyse,domain,,,28,Représenter graphiquement une suite homographique.
secondaire,BAC,Baccalauréat (4ème année secondaire),البكالوريا (السنة الرابعة ثانوي),Baccalaureate (4th year of secondary education),ECO,Économie et gestion,اقتصاد وتصرف,Economics and Management,bac-economie-gestion,MATH,Mathématiques,الرياضيات,Mathematics,fr,False,Analyse,domain,,,29,Etudier la convergence d’une suite du programme.
secondaire,BAC,Baccalauréat (4ème année secondaire),البكالوريا (السنة الرابعة ثانوي),Baccalaureate (4th year of secondary education),ECO,Économie et gestion,اقتصاد وتصرف,Economics and Management,bac-economie-gestion,MATH,Mathématiques,الرياضيات,Mathematics,fr,False,Analyse,domain,,,30,Déterminer une valeur exacte ou approchée de la limite d’une suite convergente.
secondaire,BAC,Baccalauréat (4ème année secondaire),البكالوريا (السنة الرابعة ثانوي),Baccalaureate (4th year of secondary education),ECO,Économie et gestion,اقتصاد وتصرف,Economics and Management,bac-economie-gestion,MATH,Mathématiques,الرياضيات,Mathematics,fr,False,Analyse,domain,,,31,Les élèves résolvent des problèmes dans des situations mathématiques ou en rapport avec l’environnement faisant appel à des suites ou à des fonctions du programme.
secondaire,BAC,Baccalauréat (4ème année secondaire),البكالوريا (السنة الرابعة ثانوي),Baccalaureate (4th year of secondary education),ECO,Économie et gestion,اقتصاد وتصرف,Economics and Management,bac-economie-gestion,MATH,Mathématiques,الرياضيات,Mathematics,fr,False,Analyse,domain,,,32,Ils résolvent des problèmes puisés dans des situations réelles pouvant être modélisées par une suite ou une fonction du programme.
secondaire,BAC,Baccalauréat (4ème année secondaire),البكالوريا (السنة الرابعة ثانوي),Baccalaureate (4th year of secondary education),ECO,Économie et gestion,اقتصاد وتصرف,Economics and Management,bac-economie-gestion,MATH,Mathématiques,الرياضيات,Mathematics,fr,False,Analyse,domain,,,33,Ils résolvent des problèmes d’optimisation.
secondaire,BAC,Baccalauréat (4ème année secondaire),البكالوريا (السنة الرابعة ثانوي),Baccalaureate (4th year of secondary education),ECO,Économie et gestion,اقتصاد وتصرف,Economics and Management,bac-economie-gestion,MATH,Mathématiques,الرياضيات,Mathematics,fr,False,Algèbre et géométrie,domain,,,34,Exploiter les opérations sur les matrices.
secondaire,BAC,Baccalauréat (4ème année secondaire),البكالوريا (السنة الرابعة ثانوي),Baccalaureate (4th year of secondary education),ECO,Économie et gestion,اقتصاد وتصرف,Economics and Management,bac-economie-gestion,MATH,Mathématiques,الرياضيات,Mathematics,fr,False,Algèbre et géométrie,domain,,,35,Calculer le déterminant d’une matrice carrée d’ordre 2 ou 3.
secondaire,BAC,Baccalauréat (4ème année secondaire),البكالوريا (السنة الرابعة ثانوي),Baccalaureate (4th year of secondary education),ECO,Économie et gestion,اقتصاد وتصرف,Economics and Management,bac-economie-gestion,MATH,Mathématiques,الرياضيات,Mathematics,fr,False,Algèbre et géométrie,domain,,,36,Calculer l’inverse d’une matrice carré d’ordre 2 ou 3 de déterminant non nul.
secondaire,BAC,Baccalauréat (4ème année secondaire),البكالوريا (السنة الرابعة ثانوي),Baccalaureate (4th year of secondary education),ECO,Économie et gestion,اقتصاد وتصرف,Economics and Management,bac-economie-gestion,MATH,Mathématiques,الرياضيات,Mathematics,fr,False,Algèbre et géométrie,domain,,,37,"Résoudre un système linéaire de n équations à n inconnues réelles (2x2 ou 3x3 ), en utilisant l’inverse d’une matrice carrée d’ordre 2 ou 3 de déterminant non nul."
secondaire,BAC,Baccalauréat (4ème année secondaire),البكالوريا (السنة الرابعة ثانوي),Baccalaureate (4th year of secondary education),ECO,Économie et gestion,اقتصاد وتصرف,Economics and Management,bac-economie-gestion,MATH,Mathématiques,الرياضيات,Mathematics,fr,False,Algèbre et géométrie,domain,,,38,Colorier un graphe.
secondaire,BAC,Baccalauréat (4ème année secondaire),البكالوريا (السنة الرابعة ثانوي),Baccalaureate (4th year of secondary education),ECO,Économie et gestion,اقتصاد وتصرف,Economics and Management,bac-economie-gestion,MATH,Mathématiques,الرياضيات,Mathematics,fr,False,Algèbre et géométrie,domain,,,39,Reconnaître une chaîne eulérienne.
secondaire,BAC,Baccalauréat (4ème année secondaire),البكالوريا (السنة الرابعة ثانوي),Baccalaureate (4th year of secondary education),ECO,Économie et gestion,اقتصاد وتصرف,Economics and Management,bac-economie-gestion,MATH,Mathématiques,الرياضيات,Mathematics,fr,False,Algèbre et géométrie,domain,,,40,Déterminer la plus courte chaîne.
secondaire,BAC,Baccalauréat (4ème année secondaire),البكالوريا (السنة الرابعة ثانوي),Baccalaureate (4th year of secondary education),ECO,Économie et gestion,اقتصاد وتصرف,Economics and Management,bac-economie-gestion,MATH,Mathématiques,الرياضيات,Mathematics,fr,False,Algèbre et géométrie,domain,,,41,Déterminer le nombre chromatique.
secondaire,BAC,Baccalauréat (4ème année secondaire),البكالوريا (السنة الرابعة ثانوي),Baccalaureate (4th year of secondary education),ECO,Économie et gestion,اقتصاد وتصرف,Economics and Management,bac-economie-gestion,MATH,Mathématiques,الرياضيات,Mathematics,fr,False,Algèbre et géométrie,domain,,,42,Etablir le lien entre la somme des degrés des sommets et le nombre d’arêtes d’un graphe.
secondaire,BAC,Baccalauréat (4ème année secondaire),البكالوريا (السنة الرابعة ثانوي),Baccalaureate (4th year of secondary education),ECO,Économie et gestion,اقتصاد وتصرف,Economics and Management,bac-economie-gestion,MATH,Mathématiques,الرياضيات,Mathematics,fr,False,Algèbre et géométrie,domain,,,43,Etudier la convergence d’un graphe probabiliste à deux sommets.
secondaire,BAC,Baccalauréat (4ème année secondaire),البكالوريا (السنة الرابعة ثانوي),Baccalaureate (4th year of secondary education),ECO,Économie et gestion,اقتصاد وتصرف,Economics and Management,bac-economie-gestion,MATH,Mathématiques,الرياضيات,Mathematics,fr,False,Algèbre et géométrie,domain,,,44,Représenter géométriquement un nombre complexe.
secondaire,BAC,Baccalauréat (4ème année secondaire),البكالوريا (السنة الرابعة ثانوي),Baccalaureate (4th year of secondary education),ECO,Économie et gestion,اقتصاد وتصرف,Economics and Management,bac-economie-gestion,MATH,Mathématiques,الرياضيات,Mathematics,fr,False,Algèbre et géométrie,domain,,,45,Calculer ou transformer des expressions complexes.
secondaire,BAC,Baccalauréat (4ème année secondaire),البكالوريا (السنة الرابعة ثانوي),Baccalaureate (4th year of secondary education),ECO,Économie et gestion,اقتصاد وتصرف,Economics and Management,bac-economie-gestion,MATH,Mathématiques,الرياضيات,Mathematics,fr,False,Algèbre et géométrie,domain,,,46,Déterminer le conjugué d’un nombre complexe.
secondaire,BAC,Baccalauréat (4ème année secondaire),البكالوريا (السنة الرابعة ثانوي),Baccalaureate (4th year of secondary education),ECO,Économie et gestion,اقتصاد وتصرف,Economics and Management,bac-economie-gestion,MATH,Mathématiques,الرياضيات,Mathematics,fr,False,Algèbre et géométrie,domain,,,47,Déterminer le module d’un nombre complexe.
secondaire,BAC,Baccalauréat (4ème année secondaire),البكالوريا (السنة الرابعة ثانوي),Baccalaureate (4th year of secondary education),ECO,Économie et gestion,اقتصاد وتصرف,Economics and Management,bac-economie-gestion,MATH,Mathématiques,الرياضيات,Mathematics,fr,False,Algèbre et géométrie,domain,,,48,Repérer un point dans le plan orienté connaissant son affixe.
secondaire,BAC,Baccalauréat (4ème année secondaire),البكالوريا (السنة الرابعة ثانوي),Baccalaureate (4th year of secondary education),ECO,Économie et gestion,اقتصاد وتصرف,Economics and Management,bac-economie-gestion,MATH,Mathématiques,الرياضيات,Mathematics,fr,False,Algèbre et géométrie,domain,,,49,Déterminer la racine carré d’un nombre complexe.
secondaire,BAC,Baccalauréat (4ème année secondaire),البكالوريا (السنة الرابعة ثانوي),Baccalaureate (4th year of secondary education),ECO,Économie et gestion,اقتصاد وتصرف,Economics and Management,bac-economie-gestion,MATH,Mathématiques,الرياضيات,Mathematics,fr,False,Algèbre et géométrie,domain,,,50,Résoudre une équation de degré supérieur ou égal à 2 à coefficients complexes.
secondaire,BAC,Baccalauréat (4ème année secondaire),البكالوريا (السنة الرابعة ثانوي),Baccalaureate (4th year of secondary education),ECO,Économie et gestion,اقتصاد وتصرف,Economics and Management,bac-economie-gestion,MATH,Mathématiques,الرياضيات,Mathematics,fr,False,Algèbre et géométrie,domain,,,51,Représenter dans le plan complexe les solutions d’une équation de degré supérieur ou égal à 2 à coefficients complexes.
secondaire,BAC,Baccalauréat (4ème année secondaire),البكالوريا (السنة الرابعة ثانوي),Baccalaureate (4th year of secondary education),ECO,Économie et gestion,اقتصاد وتصرف,Economics and Management,bac-economie-gestion,MATH,Mathématiques,الرياضيات,Mathematics,fr,False,Algèbre et géométrie,domain,,,52,Les élèves résolvent des problèmes dans des situations mathématiques ou en rapport avec l’environnement.
secondaire,BAC,Baccalauréat (4ème année secondaire),البكالوريا (السنة الرابعة ثانوي),Baccalaureate (4th year of secondary education),ECO,Économie et gestion,اقتصاد وتصرف,Economics and Management,bac-economie-gestion,MATH,Mathématiques,الرياضيات,Mathematics,fr,False,Algèbre et géométrie,domain,,,53,Ils résolvent des problèmes pouvant être modélisés par un système linéaire.
secondaire,BAC,Baccalauréat (4ème année secondaire),البكالوريا (السنة الرابعة ثانوي),Baccalaureate (4th year of secondary education),ECO,Économie et gestion,اقتصاد وتصرف,Economics and Management,bac-economie-gestion,MATH,Mathématiques,الرياضيات,Mathematics,fr,False,Algèbre et géométrie,domain,,,54,Ils résolvent des problèmes pouvant être modélisés par un graphe orienté ou non.
secondaire,BAC,Baccalauréat (4ème année secondaire),البكالوريا (السنة الرابعة ثانوي),Baccalaureate (4th year of secondary education),ECO,Économie et gestion,اقتصاد وتصرف,Economics and Management,bac-economie-gestion,MATH,Mathématiques,الرياضيات,Mathematics,fr,False,Statistiques - Probabilités,domain,,,55,"Décider, à partir d’un nuage de points, de l’utilité d’un ajustement affine."
secondaire,BAC,Baccalauréat (4ème année secondaire),البكالوريا (السنة الرابعة ثانوي),Baccalaureate (4th year of secondary education),ECO,Économie et gestion,اقتصاد وتصرف,Economics and Management,bac-economie-gestion,MATH,Mathématiques,الرياضيات,Mathematics,fr,False,Statistiques - Probabilités,domain,,,56,Déterminer et tracer une droite de régression.
secondaire,BAC,Baccalauréat (4ème année secondaire),البكالوريا (السنة الرابعة ثانوي),Baccalaureate (4th year of secondary education),ECO,Économie et gestion,اقتصاد وتصرف,Economics and Management,bac-economie-gestion,MATH,Mathématiques,الرياضيات,Mathematics,fr,False,Statistiques - Probabilités,domain,,,57,Calculer la covariance d’une série statistique double.
secondaire,BAC,Baccalauréat (4ème année secondaire),البكالوريا (السنة الرابعة ثانوي),Baccalaureate (4th year of secondary education),ECO,Économie et gestion,اقتصاد وتصرف,Economics and Management,bac-economie-gestion,MATH,Mathématiques,الرياضيات,Mathematics,fr,False,Statistiques - Probabilités,domain,,,58,Calculer le coefficient de corrélation linéaire et interpréter le résultat
secondaire,BAC,Baccalauréat (4ème année secondaire),البكالوريا (السنة الرابعة ثانوي),Baccalaureate (4th year of secondary education),ECO,Économie et gestion,اقتصاد وتصرف,Economics and Management,bac-economie-gestion,MATH,Mathématiques,الرياضيات,Mathematics,fr,False,Statistiques - Probabilités,domain,,,59,Calculer la probabilité d’un événement sachant qu’un autre est réalisé.
secondaire,BAC,Baccalauréat (4ème année secondaire),البكالوريا (السنة الرابعة ثانوي),Baccalaureate (4th year of secondary education),ECO,Économie et gestion,اقتصاد وتصرف,Economics and Management,bac-economie-gestion,MATH,Mathématiques,الرياضيات,Mathematics,fr,False,Statistiques - Probabilités,domain,,,60,Décider de l’indépendance de deux événements.
secondaire,BAC,Baccalauréat (4ème année secondaire),البكالوريا (السنة الرابعة ثانوي),Baccalaureate (4th year of secondary education),ECO,Économie et gestion,اقتصاد وتصرف,Economics and Management,bac-economie-gestion,MATH,Mathématiques,الرياضيات,Mathematics,fr,False,Statistiques - Probabilités,domain,,,61,Calculer la probabilité d’un événement en utilisant la formule de BAYES et/ou la formule des probabilités totales.
secondaire,BAC,Baccalauréat (4ème année secondaire),البكالوريا (السنة الرابعة ثانوي),Baccalaureate (4th year of secondary education),ECO,Économie et gestion,اقتصاد وتصرف,Economics and Management,bac-economie-gestion,MATH,Mathématiques,الرياضيات,Mathematics,fr,False,Statistiques - Probabilités,domain,,,62,Déterminer la loi de probabilité d’une variable aléatoire.
secondaire,BAC,Baccalauréat (4ème année secondaire),البكالوريا (السنة الرابعة ثانوي),Baccalaureate (4th year of secondary education),ECO,Économie et gestion,اقتصاد وتصرف,Economics and Management,bac-economie-gestion,MATH,Mathématiques,الرياضيات,Mathematics,fr,False,Statistiques - Probabilités,domain,,,63,Calculer les caractéristiques d’une variable aléatoire et interpréter les résultats.
secondaire,BAC,Baccalauréat (4ème année secondaire),البكالوريا (السنة الرابعة ثانوي),Baccalaureate (4th year of secondary education),ECO,Économie et gestion,اقتصاد وتصرف,Economics and Management,bac-economie-gestion,MATH,Mathématiques,الرياضيات,Mathematics,fr,False,Statistiques - Probabilités,domain,,,64,Reconnaître un schéma de Bernoulli et en dégager les paramètres.
secondaire,BAC,Baccalauréat (4ème année secondaire),البكالوريا (السنة الرابعة ثانوي),Baccalaureate (4th year of secondary education),ECO,Économie et gestion,اقتصاد وتصرف,Economics and Management,bac-economie-gestion,MATH,Mathématiques,الرياضيات,Mathematics,fr,False,Statistiques - Probabilités,domain,,,65,Déterminer la loi de probabilité d’une épreuve de Bernoulli.
secondaire,BAC,Baccalauréat (4ème année secondaire),البكالوريا (السنة الرابعة ثانوي),Baccalaureate (4th year of secondary education),ECO,Économie et gestion,اقتصاد وتصرف,Economics and Management,bac-economie-gestion,MATH,Mathématiques,الرياضيات,Mathematics,fr,False,Statistiques - Probabilités,domain,,,66,Reconnaître qu’une variable aléatoire suit une loi exponentielle ou une loi uniforme.
secondaire,BAC,Baccalauréat (4ème année secondaire),البكالوريا (السنة الرابعة ثانوي),Baccalaureate (4th year of secondary education),ECO,Économie et gestion,اقتصاد وتصرف,Economics and Management,bac-economie-gestion,MATH,Mathématiques,الرياضيات,Mathematics,fr,False,Statistiques - Probabilités,domain,,,67,Déterminer la fonction de répartition d’une variable aléatoire qui suit une loi exponentielle ou une loi uniforme.
secondaire,BAC,Baccalauréat (4ème année secondaire),البكالوريا (السنة الرابعة ثانوي),Baccalaureate (4th year of secondary education),ECO,Économie et gestion,اقتصاد وتصرف,Economics and Management,bac-economie-gestion,MATH,Mathématiques,الرياضيات,Mathematics,fr,False,Statistiques - Probabilités,domain,,,68,Les élèves résolvent des problèmes dans des situations mathématiques ou en rapport avec l’environnement.
secondaire,BAC,Baccalauréat (4ème année secondaire),البكالوريا (السنة الرابعة ثانوي),Baccalaureate (4th year of secondary education),ECO,Économie et gestion,اقتصاد وتصرف,Economics and Management,bac-economie-gestion,MATH,Mathématiques,الرياضيات,Mathematics,fr,False,Statistiques - Probabilités,domain,,,69,"En particulier, ils résolvent des problèmes puisés dans des situations réelles menant à un modèle statistique ou probabiliste."
secondaire,BAC,Baccalauréat (4ème année secondaire),البكالوريا (السنة الرابعة ثانوي),Baccalaureate (4th year of secondary education),INFO,Sciences de l'informatique,علوم الإعلامية,Computer Science,bac-informatique,MATH,Mathématiques,الرياضيات,Mathematics,fr,False,Analyse,domain,,,1,Reconnaître si une fonction est continue en un réel ou sur un intervalle à partir de son expression algébrique ou d’un graphique.
secondaire,BAC,Baccalauréat (4ème année secondaire),البكالوريا (السنة الرابعة ثانوي),Baccalaureate (4th year of secondary education),INFO,Sciences de l'informatique,علوم الإعلامية,Computer Science,bac-informatique,MATH,Mathématiques,الرياضيات,Mathematics,fr,False,Analyse,domain,,,2,"Déterminer une valeur exacte ou approchée d’une solution d’une équation de la forme f(x) = k , dans le cas où f est une fonction continue sur un intervalle."
secondaire,BAC,Baccalauréat (4ème année secondaire),البكالوريا (السنة الرابعة ثانوي),Baccalaureate (4th year of secondary education),INFO,Sciences de l'informatique,علوم الإعلامية,Computer Science,bac-informatique,MATH,Mathématiques,الرياضيات,Mathematics,fr,False,Analyse,domain,,,3,Déterminer la limite éventuelle d’une fonction du programme en un réel ou à l’infini.
secondaire,BAC,Baccalauréat (4ème année secondaire),البكالوريا (السنة الرابعة ثانوي),Baccalaureate (4th year of secondary education),INFO,Sciences de l'informatique,علوم الإعلامية,Computer Science,bac-informatique,MATH,Mathématiques,الرياضيات,Mathematics,fr,False,Analyse,domain,,,4,Reconnaître qu'une fonction réalise une bijection.
secondaire,BAC,Baccalauréat (4ème année secondaire),البكالوريا (السنة الرابعة ثانوي),Baccalaureate (4th year of secondary education),INFO,Sciences de l'informatique,علوم الإعلامية,Computer Science,bac-informatique,MATH,Mathématiques,الرياضيات,Mathematics,fr,False,Analyse,domain,,,5,Reconnaître si une fonction du programme est dérivable en un point ou sur un intervalle.
secondaire,BAC,Baccalauréat (4ème année secondaire),البكالوريا (السنة الرابعة ثانوي),Baccalaureate (4th year of secondary education),INFO,Sciences de l'informatique,علوم الإعلامية,Computer Science,bac-informatique,MATH,Mathématiques,الرياضيات,Mathematics,fr,False,Analyse,domain,,,6,Reconnaître que le nombre dérivé d’une fonction en a est la pente de la tangente à la courbe de cette fonction en le point d’abscisse a .
secondaire,BAC,Baccalauréat (4ème année secondaire),البكالوريا (السنة الرابعة ثانوي),Baccalaureate (4th year of secondary education),INFO,Sciences de l'informatique,علوم الإعلامية,Computer Science,bac-informatique,MATH,Mathématiques,الرياضيات,Mathematics,fr,False,Analyse,domain,,,7,Déterminer l’équation de la tangente (ou des demi-tangentes) à une courbe en un point d’abscisse a.
secondaire,BAC,Baccalauréat (4ème année secondaire),البكالوريا (السنة الرابعة ثانوي),Baccalaureate (4th year of secondary education),INFO,Sciences de l'informatique,علوم الإعلامية,Computer Science,bac-informatique,MATH,Mathématiques,الرياضيات,Mathematics,fr,False,Analyse,domain,,,8,Déterminer le nombre dérivé d’une fonction du programme en un réel a connaissant l’équation de la tangente à la courbe représentative de la fonction au point d’abscisse a.
secondaire,BAC,Baccalauréat (4ème année secondaire),البكالوريا (السنة الرابعة ثانوي),Baccalaureate (4th year of secondary education),INFO,Sciences de l'informatique,علوم الإعلامية,Computer Science,bac-informatique,MATH,Mathématiques,الرياضيات,Mathematics,fr,False,Analyse,domain,,,9,Déterminer la dérivée d’une fonction du programme sur un intervalle en utilisant les opérations sur les fonctions dérivables et les dérivées de fonctions usuelles.
secondaire,BAC,Baccalauréat (4ème année secondaire),البكالوريا (السنة الرابعة ثانوي),Baccalaureate (4th year of secondary education),INFO,Sciences de l'informatique,علوم الإعلامية,Computer Science,bac-informatique,MATH,Mathématiques,الرياضيات,Mathematics,fr,False,Analyse,domain,,,10,Déterminer la dérivée d’une fonction composée.
secondaire,BAC,Baccalauréat (4ème année secondaire),البكالوريا (السنة الرابعة ثانوي),Baccalaureate (4th year of secondary education),INFO,Sciences de l'informatique,علوم الإعلامية,Computer Science,bac-informatique,MATH,Mathématiques,الرياضيات,Mathematics,fr,False,Analyse,domain,,,11,Résoudre des inéquations en utilisant l’inégalité des accroissements finis.
secondaire,BAC,Baccalauréat (4ème année secondaire),البكالوريا (السنة الرابعة ثانوي),Baccalaureate (4th year of secondary education),INFO,Sciences de l'informatique,علوم الإعلامية,Computer Science,bac-informatique,MATH,Mathématiques,الرياضيات,Mathematics,fr,False,Analyse,domain,,,12,Déterminer le sens de variation d’une fonction du programme connaissant le signe de sa dérivée.
secondaire,BAC,Baccalauréat (4ème année secondaire),البكالوريا (السنة الرابعة ثانوي),Baccalaureate (4th year of secondary education),INFO,Sciences de l'informatique,علوم الإعلامية,Computer Science,bac-informatique,MATH,Mathématiques,الرياضيات,Mathematics,fr,False,Analyse,domain,,,13,Déterminer le sens de variation d’une fonction à partir de sa représentation graphique.
secondaire,BAC,Baccalauréat (4ème année secondaire),البكالوريا (السنة الرابعة ثانوي),Baccalaureate (4th year of secondary education),INFO,Sciences de l'informatique,علوم الإعلامية,Computer Science,bac-informatique,MATH,Mathématiques,الرياضيات,Mathematics,fr,False,Analyse,domain,,,14,Reconnaître qu’un réel est un extremum local ou global d’une fonction du programme.
secondaire,BAC,Baccalauréat (4ème année secondaire),البكالوريا (السنة الرابعة ثانوي),Baccalaureate (4th year of secondary education),INFO,Sciences de l'informatique,علوم الإعلامية,Computer Science,bac-informatique,MATH,Mathématiques,الرياضيات,Mathematics,fr,False,Analyse,domain,,,15,Reconnaître un point d’inflexion.
secondaire,BAC,Baccalauréat (4ème année secondaire),البكالوريا (السنة الرابعة ثانوي),Baccalaureate (4th year of secondary education),INFO,Sciences de l'informatique,علوم الإعلامية,Computer Science,bac-informatique,MATH,Mathématiques,الرياضيات,Mathematics,fr,False,Analyse,domain,,,16,Reconnaître qu’un point ou une droite est un centre ou un axe de symétrie d'une courbe.
secondaire,BAC,Baccalauréat (4ème année secondaire),البكالوريا (السنة الرابعة ثانوي),Baccalaureate (4th year of secondary education),INFO,Sciences de l'informatique,علوم الإعلامية,Computer Science,bac-informatique,MATH,Mathématiques,الرياضيات,Mathematics,fr,False,Analyse,domain,,,17,Reconnaître les branches infinies éventuelles de la courbe représentative d’une fonction du programme.
secondaire,BAC,Baccalauréat (4ème année secondaire),البكالوريا (السنة الرابعة ثانوي),Baccalaureate (4th year of secondary education),INFO,Sciences de l'informatique,علوم الإعلامية,Computer Science,bac-informatique,MATH,Mathématiques,الرياضيات,Mathematics,fr,False,Analyse,domain,,,18,Tracer la courbe représentative de la réciproque d’une fonction donnée.
secondaire,BAC,Baccalauréat (4ème année secondaire),البكالوريا (السنة الرابعة ثانوي),Baccalaureate (4th year of secondary education),INFO,Sciences de l'informatique,علوم الإعلامية,Computer Science,bac-informatique,MATH,Mathématiques,الرياضيات,Mathematics,fr,False,Analyse,domain,,,19,"Tracer une courbe représentative d’une fonction à partir d’une autre en utilisant une transformation plane (translation, symétrie axiale ou centrale) ou une transformation d’écriture menant à un changement de repère."
secondaire,BAC,Baccalauréat (4ème année secondaire),البكالوريا (السنة الرابعة ثانوي),Baccalaureate (4th year of secondary education),INFO,Sciences de l'informatique,علوم الإعلامية,Computer Science,bac-informatique,MATH,Mathématiques,الرياضيات,Mathematics,fr,False,Analyse,domain,,,20,Exploiter ou créer un graphique pour étudier la position relative de deux courbes.
secondaire,BAC,Baccalauréat (4ème année secondaire),البكالوريا (السنة الرابعة ثانوي),Baccalaureate (4th year of secondary education),INFO,Sciences de l'informatique,علوم الإعلامية,Computer Science,bac-informatique,MATH,Mathématiques,الرياضيات,Mathematics,fr,False,Analyse,domain,,,21,Exploiter ou créer une représentation graphique pour déterminer ou estimer les solutions éventuelles d’une équation ou d’une inéquation.
secondaire,BAC,Baccalauréat (4ème année secondaire),البكالوريا (السنة الرابعة ثانوي),Baccalaureate (4th year of secondary education),INFO,Sciences de l'informatique,علوم الإعلامية,Computer Science,bac-informatique,MATH,Mathématiques,الرياضيات,Mathematics,fr,False,Analyse,domain,,,22,Déterminer l’ensemble des primitives d’une fonction continue sur un intervalle I.
secondaire,BAC,Baccalauréat (4ème année secondaire),البكالوريا (السنة الرابعة ثانوي),Baccalaureate (4th year of secondary education),INFO,Sciences de l'informatique,علوم الإعلامية,Computer Science,bac-informatique,MATH,Mathématiques,الرياضيات,Mathematics,fr,False,Analyse,domain,,,23,"Reconnaître qu’une fonction est la primitive d’une fonction continue sur un intervalle I, qui s’annule en un réel a de I."
secondaire,BAC,Baccalauréat (4ème année secondaire),البكالوريا (السنة الرابعة ثانوي),Baccalaureate (4th year of secondary education),INFO,Sciences de l'informatique,علوم الإعلامية,Computer Science,bac-informatique,MATH,Mathématiques,الرياضيات,Mathematics,fr,False,Analyse,domain,,,24,Calculer les primitives des fonctions usuelles.
secondaire,BAC,Baccalauréat (4ème année secondaire),البكالوريا (السنة الرابعة ثانوي),Baccalaureate (4th year of secondary education),INFO,Sciences de l'informatique,علوم الإعلامية,Computer Science,bac-informatique,MATH,Mathématiques,الرياضيات,Mathematics,fr,False,Analyse,domain,,,25,Calculer une intégrale en utilisant une primitive.
secondaire,BAC,Baccalauréat (4ème année secondaire),البكالوريا (السنة الرابعة ثانوي),Baccalaureate (4th year of secondary education),INFO,Sciences de l'informatique,علوم الإعلامية,Computer Science,bac-informatique,MATH,Mathématiques,الرياضيات,Mathematics,fr,False,Analyse,domain,,,26,Calculer une intégrale à l’aide d’intégration par parties.
secondaire,BAC,Baccalauréat (4ème année secondaire),البكالوريا (السنة الرابعة ثانوي),Baccalaureate (4th year of secondary education),INFO,Sciences de l'informatique,علوم الإعلامية,Computer Science,bac-informatique,MATH,Mathématiques,الرياضيات,Mathematics,fr,False,Analyse,domain,,,27,Calculer l'aire d'une partie du plan limitée par des courbes du plan plane.
secondaire,BAC,Baccalauréat (4ème année secondaire),البكالوريا (السنة الرابعة ثانوي),Baccalaureate (4th year of secondary education),INFO,Sciences de l'informatique,علوم الإعلامية,Computer Science,bac-informatique,MATH,Mathématiques,الرياضيات,Mathematics,fr,False,Analyse,domain,,,28,Démontrer des inégalités en utilisant les propriétés des intégrales.
secondaire,BAC,Baccalauréat (4ème année secondaire),البكالوريا (السنة الرابعة ثانوي),Baccalaureate (4th year of secondary education),INFO,Sciences de l'informatique,علوم الإعلامية,Computer Science,bac-informatique,MATH,Mathématiques,الرياضيات,Mathematics,fr,False,Analyse,domain,,,29,Reconnaître qu’un réel est un majorant ou un minorant d’une suite du programme.
secondaire,BAC,Baccalauréat (4ème année secondaire),البكالوريا (السنة الرابعة ثانوي),Baccalaureate (4th year of secondary education),INFO,Sciences de l'informatique,علوم الإعلامية,Computer Science,bac-informatique,MATH,Mathématiques,الرياضيات,Mathematics,fr,False,Analyse,domain,,,30,Etudier les variations d’une suite du programme.
secondaire,BAC,Baccalauréat (4ème année secondaire),البكالوريا (السنة الرابعة ثانوي),Baccalaureate (4th year of secondary education),INFO,Sciences de l'informatique,علوم الإعلامية,Computer Science,bac-informatique,MATH,Mathématiques,الرياضيات,Mathematics,fr,False,Analyse,domain,,,31,"Représenter graphiquement les points An de coordonnées (n, un), dans le cas où (un) est une suite du type un = f(n) où f est une fonction du programme."
secondaire,BAC,Baccalauréat (4ème année secondaire),البكالوريا (السنة الرابعة ثانوي),Baccalaureate (4th year of secondary education),INFO,Sciences de l'informatique,علوم الإعلامية,Computer Science,bac-informatique,MATH,Mathématiques,الرياضيات,Mathematics,fr,False,Analyse,domain,,,32,Représenter graphiquement une suite récurrente.
secondaire,BAC,Baccalauréat (4ème année secondaire),البكالوريا (السنة الرابعة ثانوي),Baccalaureate (4th year of secondary education),INFO,Sciences de l'informatique,علوم الإعلامية,Computer Science,bac-informatique,MATH,Mathématiques,الرياضيات,Mathematics,fr,False,Analyse,domain,,,33,Etudier la convergence d’une suite du programme.
secondaire,BAC,Baccalauréat (4ème année secondaire),البكالوريا (السنة الرابعة ثانوي),Baccalaureate (4th year of secondary education),INFO,Sciences de l'informatique,علوم الإعلامية,Computer Science,bac-informatique,MATH,Mathématiques,الرياضيات,Mathematics,fr,False,Analyse,domain,,,34,Déterminer une valeur exacte ou approchée de la limite d’une suite convergente.
secondaire,BAC,Baccalauréat (4ème année secondaire),البكالوريا (السنة الرابعة ثانوي),Baccalaureate (4th year of secondary education),INFO,Sciences de l'informatique,علوم الإعلامية,Computer Science,bac-informatique,MATH,Mathématiques,الرياضيات,Mathematics,fr,False,Analyse,domain,,,35,Les élèves résolvent des problèmes dans des situations mathématiques ou en rapport avec l’environnement faisant appel à des suites ou à des fonctions du programme.
secondaire,BAC,Baccalauréat (4ème année secondaire),البكالوريا (السنة الرابعة ثانوي),Baccalaureate (4th year of secondary education),INFO,Sciences de l'informatique,علوم الإعلامية,Computer Science,bac-informatique,MATH,Mathématiques,الرياضيات,Mathematics,fr,False,Analyse,domain,,,36,Ils résolvent des problèmes puisés dans des situations réelles pouvant être modélisées par une suite ou une fonction du programme.
secondaire,BAC,Baccalauréat (4ème année secondaire),البكالوريا (السنة الرابعة ثانوي),Baccalaureate (4th year of secondary education),INFO,Sciences de l'informatique,علوم الإعلامية,Computer Science,bac-informatique,MATH,Mathématiques,الرياضيات,Mathematics,fr,False,Analyse,domain,,,37,Ils résolvent des problèmes d’optimisation.
secondaire,BAC,Baccalauréat (4ème année secondaire),البكالوريا (السنة الرابعة ثانوي),Baccalaureate (4th year of secondary education),INFO,Sciences de l'informatique,علوم الإعلامية,Computer Science,bac-informatique,MATH,Mathématiques,الرياضيات,Mathematics,fr,False,Analyse,domain,,,38,Ils conçoivent et élaborent un algorithme et / ou un organigramme pour modéliser des situations.
secondaire,BAC,Baccalauréat (4ème année secondaire),البكالوريا (السنة الرابعة ثانوي),Baccalaureate (4th year of secondary education),INFO,Sciences de l'informatique,علوم الإعلامية,Computer Science,bac-informatique,MATH,Mathématiques,الرياضيات,Mathematics,fr,False,Statistiques - Probabilités,domain,,,39,"Décider, à partir d’un nuage de points, de l’utilité d’un ajustement affine."
secondaire,BAC,Baccalauréat (4ème année secondaire),البكالوريا (السنة الرابعة ثانوي),Baccalaureate (4th year of secondary education),INFO,Sciences de l'informatique,علوم الإعلامية,Computer Science,bac-informatique,MATH,Mathématiques,الرياضيات,Mathematics,fr,False,Statistiques - Probabilités,domain,,,40,Déterminer et tracer une droite de régression.
secondaire,BAC,Baccalauréat (4ème année secondaire),البكالوريا (السنة الرابعة ثانوي),Baccalaureate (4th year of secondary education),INFO,Sciences de l'informatique,علوم الإعلامية,Computer Science,bac-informatique,MATH,Mathématiques,الرياضيات,Mathematics,fr,False,Statistiques - Probabilités,domain,,,41,Calculer la covariance d’une série statistique double.
secondaire,BAC,Baccalauréat (4ème année secondaire),البكالوريا (السنة الرابعة ثانوي),Baccalaureate (4th year of secondary education),INFO,Sciences de l'informatique,علوم الإعلامية,Computer Science,bac-informatique,MATH,Mathématiques,الرياضيات,Mathematics,fr,False,Statistiques - Probabilités,domain,,,42,Calculer le coefficient de corrélation linéaire et interpréter le résultat
secondaire,BAC,Baccalauréat (4ème année secondaire),البكالوريا (السنة الرابعة ثانوي),Baccalaureate (4th year of secondary education),INFO,Sciences de l'informatique,علوم الإعلامية,Computer Science,bac-informatique,MATH,Mathématiques,الرياضيات,Mathematics,fr,False,Statistiques - Probabilités,domain,,,43,Calculer la probabilité d’un événement sachant qu’un autre est réalisé.
secondaire,BAC,Baccalauréat (4ème année secondaire),البكالوريا (السنة الرابعة ثانوي),Baccalaureate (4th year of secondary education),INFO,Sciences de l'informatique,علوم الإعلامية,Computer Science,bac-informatique,MATH,Mathématiques,الرياضيات,Mathematics,fr,False,Statistiques - Probabilités,domain,,,44,Décider de l’indépendance de deux événements.
secondaire,BAC,Baccalauréat (4ème année secondaire),البكالوريا (السنة الرابعة ثانوي),Baccalaureate (4th year of secondary education),INFO,Sciences de l'informatique,علوم الإعلامية,Computer Science,bac-informatique,MATH,Mathématiques,الرياضيات,Mathematics,fr,False,Statistiques - Probabilités,domain,,,45,Calculer la probabilité d’un événement en utilisant la formule de BAYES et/ou la formule des probabilités totales.
secondaire,BAC,Baccalauréat (4ème année secondaire),البكالوريا (السنة الرابعة ثانوي),Baccalaureate (4th year of secondary education),INFO,Sciences de l'informatique,علوم الإعلامية,Computer Science,bac-informatique,MATH,Mathématiques,الرياضيات,Mathematics,fr,False,Statistiques - Probabilités,domain,,,46,Déterminer la loi de probabilité d’une variable aléatoire.
secondaire,BAC,Baccalauréat (4ème année secondaire),البكالوريا (السنة الرابعة ثانوي),Baccalaureate (4th year of secondary education),INFO,Sciences de l'informatique,علوم الإعلامية,Computer Science,bac-informatique,MATH,Mathématiques,الرياضيات,Mathematics,fr,False,Statistiques - Probabilités,domain,,,47,Calculer les caractéristiques d’une variable aléatoire et interpréter les résultats.
secondaire,BAC,Baccalauréat (4ème année secondaire),البكالوريا (السنة الرابعة ثانوي),Baccalaureate (4th year of secondary education),INFO,Sciences de l'informatique,علوم الإعلامية,Computer Science,bac-informatique,MATH,Mathématiques,الرياضيات,Mathematics,fr,False,Statistiques - Probabilités,domain,,,48,Reconnaître un schéma de Bernoulli et en dégager les paramètres.
secondaire,BAC,Baccalauréat (4ème année secondaire),البكالوريا (السنة الرابعة ثانوي),Baccalaureate (4th year of secondary education),INFO,Sciences de l'informatique,علوم الإعلامية,Computer Science,bac-informatique,MATH,Mathématiques,الرياضيات,Mathematics,fr,False,Statistiques - Probabilités,domain,,,49,Déterminer la loi de probabilité d’une épreuve de Bernoulli.
secondaire,BAC,Baccalauréat (4ème année secondaire),البكالوريا (السنة الرابعة ثانوي),Baccalaureate (4th year of secondary education),INFO,Sciences de l'informatique,علوم الإعلامية,Computer Science,bac-informatique,MATH,Mathématiques,الرياضيات,Mathematics,fr,False,Statistiques - Probabilités,domain,,,50,Reconnaître qu’une variable aléatoire suit une loi exponentielle ou une loi uniforme.
secondaire,BAC,Baccalauréat (4ème année secondaire),البكالوريا (السنة الرابعة ثانوي),Baccalaureate (4th year of secondary education),INFO,Sciences de l'informatique,علوم الإعلامية,Computer Science,bac-informatique,MATH,Mathématiques,الرياضيات,Mathematics,fr,False,Statistiques - Probabilités,domain,,,51,Déterminer la fonction de répartition d’une variable aléatoire qui suit une loi exponentielle ou une loi uniforme.
secondaire,BAC,Baccalauréat (4ème année secondaire),البكالوريا (السنة الرابعة ثانوي),Baccalaureate (4th year of secondary education),INFO,Sciences de l'informatique,علوم الإعلامية,Computer Science,bac-informatique,MATH,Mathématiques,الرياضيات,Mathematics,fr,False,Statistiques - Probabilités,domain,,,52,Les élèves résolvent des problèmes dans des situations mathématiques ou en rapport avec l’environnement.
secondaire,BAC,Baccalauréat (4ème année secondaire),البكالوريا (السنة الرابعة ثانوي),Baccalaureate (4th year of secondary education),INFO,Sciences de l'informatique,علوم الإعلامية,Computer Science,bac-informatique,MATH,Mathématiques,الرياضيات,Mathematics,fr,False,Statistiques - Probabilités,domain,,,53,"En particulier, ils résolvent des problèmes puisés dans des situations réelles menant à un modèle statistique ou probabiliste."
secondaire,BAC,Baccalauréat (4ème année secondaire),البكالوريا (السنة الرابعة ثانوي),Baccalaureate (4th year of secondary education),INFO,Sciences de l'informatique,علوم الإعلامية,Computer Science,bac-informatique,MATH,Mathématiques,الرياضيات,Mathematics,fr,False,Algèbre et géométrie,domain,,,54,Représenter un point connaissant son affixe.
secondaire,BAC,Baccalauréat (4ème année secondaire),البكالوريا (السنة الرابعة ثانوي),Baccalaureate (4th year of secondary education),INFO,Sciences de l'informatique,علوم الإعلامية,Computer Science,bac-informatique,MATH,Mathématiques,الرياضيات,Mathematics,fr,False,Algèbre et géométrie,domain,,,55,Calculer ou transformer des expressions complexes.
secondaire,BAC,Baccalauréat (4ème année secondaire),البكالوريا (السنة الرابعة ثانوي),Baccalaureate (4th year of secondary education),INFO,Sciences de l'informatique,علوم الإعلامية,Computer Science,bac-informatique,MATH,Mathématiques,الرياضيات,Mathematics,fr,False,Algèbre et géométrie,domain,,,56,Déterminer le conjugué d’un nombre complexe.
secondaire,BAC,Baccalauréat (4ème année secondaire),البكالوريا (السنة الرابعة ثانوي),Baccalaureate (4th year of secondary education),INFO,Sciences de l'informatique,علوم الإعلامية,Computer Science,bac-informatique,MATH,Mathématiques,الرياضيات,Mathematics,fr,False,Algèbre et géométrie,domain,,,57,Déterminer le module d’un nombre complexe.
secondaire,BAC,Baccalauréat (4ème année secondaire),البكالوريا (السنة الرابعة ثانوي),Baccalaureate (4th year of secondary education),INFO,Sciences de l'informatique,علوم الإعلامية,Computer Science,bac-informatique,MATH,Mathématiques,الرياضيات,Mathematics,fr,False,Algèbre et géométrie,domain,,,58,Calculer la racine carré d’un nombre complexe.
secondaire,BAC,Baccalauréat (4ème année secondaire),البكالوريا (السنة الرابعة ثانوي),Baccalaureate (4th year of secondary education),INFO,Sciences de l'informatique,علوم الإعلامية,Computer Science,bac-informatique,MATH,Mathématiques,الرياضيات,Mathematics,fr,False,Algèbre et géométrie,domain,,,59,"Résoudre une équation de degré supérieur ou égal à 2, à coefficients complexes."
secondaire,BAC,Baccalauréat (4ème année secondaire),البكالوريا (السنة الرابعة ثانوي),Baccalaureate (4th year of secondary education),INFO,Sciences de l'informatique,علوم الإعلامية,Computer Science,bac-informatique,MATH,Mathématiques,الرياضيات,Mathematics,fr,False,Algèbre et géométrie,domain,,,60,Représenter dans le plan complexe les racines d’ une équation à coefficients complexes.
secondaire,BAC,Baccalauréat (4ème année secondaire),البكالوريا (السنة الرابعة ثانوي),Baccalaureate (4th year of secondary education),INFO,Sciences de l'informatique,علوم الإعلامية,Computer Science,bac-informatique,MATH,Mathématiques,الرياضيات,Mathematics,fr,False,Algèbre et géométrie,domain,,,61,"Résoudre un système linéaire de n équation à p inconnues réelles en utilisant les opérations sur les matrices (n , p = 2 ; 3)."
secondaire,BAC,Baccalauréat (4ème année secondaire),البكالوريا (السنة الرابعة ثانوي),Baccalaureate (4th year of secondary education),INFO,Sciences de l'informatique,علوم الإعلامية,Computer Science,bac-informatique,MATH,Mathématiques,الرياضيات,Mathematics,fr,False,Algèbre et géométrie,domain,,,62,"Résoudre un système linéaire de n équations à n inconnues réelles (n = 2 ou 3), en utilisant l’inverse d’une matrice carrée d’ordre 2 ou 3 de déterminant non nul."
secondaire,BAC,Baccalauréat (4ème année secondaire),البكالوريا (السنة الرابعة ثانوي),Baccalaureate (4th year of secondary education),INFO,Sciences de l'informatique,علوم الإعلامية,Computer Science,bac-informatique,MATH,Mathématiques,الرياضيات,Mathematics,fr,False,Algèbre et géométrie,domain,,,63,Déterminer des équations paramétriques ou des équations cartésiennes d’une droite de l’espace.
secondaire,BAC,Baccalauréat (4ème année secondaire),البكالوريا (السنة الرابعة ثانوي),Baccalaureate (4th year of secondary education),INFO,Sciences de l'informatique,علوم الإعلامية,Computer Science,bac-informatique,MATH,Mathématiques,الرياضيات,Mathematics,fr,False,Algèbre et géométrie,domain,,,64,Déterminer des équations paramétriques ou une équation cartésienne d’un plan.
secondaire,BAC,Baccalauréat (4ème année secondaire),البكالوريا (السنة الرابعة ثانوي),Baccalaureate (4th year of secondary education),INFO,Sciences de l'informatique,علوم الإعلامية,Computer Science,bac-informatique,MATH,Mathématiques,الرياضيات,Mathematics,fr,False,Algèbre et géométrie,domain,,,65,"Déterminer l’intersection d’une droite et d’un plan, de deux plans, de trois plans."
secondaire,BAC,Baccalauréat (4ème année secondaire),البكالوريا (السنة الرابعة ثانوي),Baccalaureate (4th year of secondary education),INFO,Sciences de l'informatique,علوم الإعلامية,Computer Science,bac-informatique,MATH,Mathématiques,الرياضيات,Mathematics,fr,False,Algèbre et géométrie,domain,,,66,Colorier un graphe.
secondaire,BAC,Baccalauréat (4ème année secondaire),البكالوريا (السنة الرابعة ثانوي),Baccalaureate (4th year of secondary education),INFO,Sciences de l'informatique,علوم الإعلامية,Computer Science,bac-informatique,MATH,Mathématiques,الرياضيات,Mathematics,fr,False,Algèbre et géométrie,domain,,,67,Déterminer le nombre chromatique.
secondaire,BAC,Baccalauréat (4ème année secondaire),البكالوريا (السنة الرابعة ثانوي),Baccalaureate (4th year of secondary education),INFO,Sciences de l'informatique,علوم الإعلامية,Computer Science,bac-informatique,MATH,Mathématiques,الرياضيات,Mathematics,fr,False,Algèbre et géométrie,domain,,,68,Reconnaître une chaîne eulérienne.
secondaire,BAC,Baccalauréat (4ème année secondaire),البكالوريا (السنة الرابعة ثانوي),Baccalaureate (4th year of secondary education),INFO,Sciences de l'informatique,علوم الإعلامية,Computer Science,bac-informatique,MATH,Mathématiques,الرياضيات,Mathematics,fr,False,Algèbre et géométrie,domain,,,69,Etablir le lien entre la somme des degrés des sommets et le nombre d’arêtes d’un graphe.
secondaire,BAC,Baccalauréat (4ème année secondaire),البكالوريا (السنة الرابعة ثانوي),Baccalaureate (4th year of secondary education),INFO,Sciences de l'informatique,علوم الإعلامية,Computer Science,bac-informatique,MATH,Mathématiques,الرياضيات,Mathematics,fr,False,Algèbre et géométrie,domain,,,70,Etudier la convergence d’un graphe probabiliste à deux sommets.
secondaire,BAC,Baccalauréat (4ème année secondaire),البكالوريا (السنة الرابعة ثانوي),Baccalaureate (4th year of secondary education),INFO,Sciences de l'informatique,علوم الإعلامية,Computer Science,bac-informatique,MATH,Mathématiques,الرياضيات,Mathematics,fr,False,Algèbre et géométrie,domain,,,71,Les élèves résolvent des problèmes dans des situations mathématiques ou en rapport avec l’environnement.
secondaire,BAC,Baccalauréat (4ème année secondaire),البكالوريا (السنة الرابعة ثانوي),Baccalaureate (4th year of secondary education),INFO,Sciences de l'informatique,علوم الإعلامية,Computer Science,bac-informatique,MATH,Mathématiques,الرياضيات,Mathematics,fr,False,Algèbre et géométrie,domain,,,72,Ils résolvent des problèmes pouvant être modélisés par un système linéaire.
secondaire,BAC,Baccalauréat (4ème année secondaire),البكالوريا (السنة الرابعة ثانوي),Baccalaureate (4th year of secondary education),INFO,Sciences de l'informatique,علوم الإعلامية,Computer Science,bac-informatique,MATH,Mathématiques,الرياضيات,Mathematics,fr,False,Algèbre et géométrie,domain,,,73,Ils résolvent des problèmes pouvant être modélisés par un graphe orienté ou non.
secondaire,BAC,Baccalauréat (4ème année secondaire),البكالوريا (السنة الرابعة ثانوي),Baccalaureate (4th year of secondary education),INFO,Sciences de l'informatique,علوم الإعلامية,Computer Science,bac-informatique,MATH,Mathématiques,الرياضيات,Mathematics,fr,False,Algèbre et géométrie,domain,,,74,Ils conçoivent et élaborent un algorithme et / ou un organigramme pour modéliser des situations.
secondaire,BAC,Baccalauréat (4ème année secondaire),البكالوريا (السنة الرابعة ثانوي),Baccalaureate (4th year of secondary education),INFO,Sciences de l'informatique,علوم الإعلامية,Computer Science,bac-informatique,MATH,Mathématiques,الرياضيات,Mathematics,fr,False,Arithmétique,domain,,,75,Connaître et utiliser les propriétés de la divisibilité dans ℤ .
secondaire,BAC,Baccalauréat (4ème année secondaire),البكالوريا (السنة الرابعة ثانوي),Baccalaureate (4th year of secondary education),INFO,Sciences de l'informatique,علوم الإعلامية,Computer Science,bac-informatique,MATH,Mathématiques,الرياضيات,Mathematics,fr,False,Arithmétique,domain,,,76,Calculer le quotient et le reste de la division euclidienne dans ℤ .
secondaire,BAC,Baccalauréat (4ème année secondaire),البكالوريا (السنة الرابعة ثانوي),Baccalaureate (4th year of secondary education),INFO,Sciences de l'informatique,علوم الإعلامية,Computer Science,bac-informatique,MATH,Mathématiques,الرياضيات,Mathematics,fr,False,Arithmétique,domain,,,77,Calculer le PGCD et le PPCM de deux entiers relatifs non nuls.
secondaire,BAC,Baccalauréat (4ème année secondaire),البكالوريا (السنة الرابعة ثانوي),Baccalaureate (4th year of secondary education),INFO,Sciences de l'informatique,علوم الإعلامية,Computer Science,bac-informatique,MATH,Mathématiques,الرياضيات,Mathematics,fr,False,Arithmétique,domain,,,78,Exploiter les propriétés de congruence dans ℤ .
secondaire,BAC,Baccalauréat (4ème année secondaire),البكالوريا (السنة الرابعة ثانوي),Baccalaureate (4th year of secondary education),INFO,Sciences de l'informatique,علوم الإعلامية,Computer Science,bac-informatique,MATH,Mathématiques,الرياضيات,Mathematics,fr,False,Arithmétique,domain,,,79,"Reconnaître que deux entiers sont premiers entre eux, en utilisant la relation de Bezout."
secondaire,BAC,Baccalauréat (4ème année secondaire),البكالوريا (السنة الرابعة ثانوي),Baccalaureate (4th year of secondary education),INFO,Sciences de l'informatique,علوم الإعلامية,Computer Science,bac-informatique,MATH,Mathématiques,الرياضيات,Mathematics,fr,False,Arithmétique,domain,,,80,"Résoudre dans ℤ des équations du type : ax + by = c avec a, b et c entiers relatifs."
secondaire,BAC,Baccalauréat (4ème année secondaire),البكالوريا (السنة الرابعة ثانوي),Baccalaureate (4th year of secondary education),INFO,Sciences de l'informatique,علوم الإعلامية,Computer Science,bac-informatique,MATH,Mathématiques,الرياضيات,Mathematics,fr,False,Arithmétique,domain,,,81,Les élèves résolvent des problèmes numériques dans des situations mathématiques ou en rapport avec leur environnement dans des contextes familiers ou non familiers.
secondaire,BAC,Baccalauréat (4ème année secondaire),البكالوريا (السنة الرابعة ثانوي),Baccalaureate (4th year of secondary education),INFO,Sciences de l'informatique,علوم الإعلامية,Computer Science,bac-informatique,MATH,Mathématiques,الرياضيات,Mathematics,fr,False,Arithmétique,domain,,,82,les élèves résolvent des problèmes d’arithmétique
secondaire,BAC,Baccalauréat (4ème année secondaire),البكالوريا (السنة الرابعة ثانوي),Baccalaureate (4th year of secondary education),INFO,Sciences de l'informatique,علوم الإعلامية,Computer Science,bac-informatique,MATH,Mathématiques,الرياضيات,Mathematics,fr,False,Arithmétique,domain,,,83,Les élèves résolvent des problèmes puisés dans des situations réelles menant à un modèle arithmétique.
secondaire,BAC,Baccalauréat (4ème année secondaire),البكالوريا (السنة الرابعة ثانوي),Baccalaureate (4th year of secondary education),INFO,Sciences de l'informatique,علوم الإعلامية,Computer Science,bac-informatique,PHYS,Sciences physiques,العلوم الفيزيائية,Physical sciences,fr,False,A. PHYSIQUE,topic,"EVOLUTION DE SYSTEMES ELECTRIQUES > I. Le condensateur, le dipôle RC",Le condensateur ; le dipôle RC,1,Réaliser un montage permettant de tracer la courbe d’évolution de la charge électrique d’un condensateur au cours du temps.
secondaire,BAC,Baccalauréat (4ème année secondaire),البكالوريا (السنة الرابعة ثانوي),Baccalaureate (4th year of secondary education),INFO,Sciences de l'informatique,علوم الإعلامية,Computer Science,bac-informatique,PHYS,Sciences physiques,العلوم الفيزيائية,Physical sciences,fr,False,A. PHYSIQUE,topic,"EVOLUTION DE SYSTEMES ELECTRIQUES > I. Le condensateur, le dipôle RC",Le condensateur ; le dipôle RC,2,Déterminer à l’aide de la courbe de charge d’un condensateur la valeur de la capacité C.
secondaire,BAC,Baccalauréat (4ème année secondaire),البكالوريا (السنة الرابعة ثانوي),Baccalaureate (4th year of secondary education),INFO,Sciences de l'informatique,علوم الإعلامية,Computer Science,bac-informatique,PHYS,Sciences physiques,العلوم الفيزيائية,Physical sciences,fr,False,A. PHYSIQUE,topic,"EVOLUTION DE SYSTEMES ELECTRIQUES > I. Le condensateur, le dipôle RC",Le condensateur ; le dipôle RC,3,Reconnaitre que l'intensité i du courant est une grandeur algébrique.
secondaire,BAC,Baccalauréat (4ème année secondaire),البكالوريا (السنة الرابعة ثانوي),Baccalaureate (4th year of secondary education),INFO,Sciences de l'informatique,علوم الإعلامية,Computer Science,bac-informatique,PHYS,Sciences physiques,العلوم الفيزيائية,Physical sciences,fr,False,A. PHYSIQUE,topic,"EVOLUTION DE SYSTEMES ELECTRIQUES > I. Le condensateur, le dipôle RC",Le condensateur ; le dipôle RC,4,"Déterminer, graphiquement, à partir de la courbe de réponse uc(t) ou i(t) d’un dipôle RC soumis à un échelon de tension, la constante de temps τ =R.C."
secondaire,BAC,Baccalauréat (4ème année secondaire),البكالوريا (السنة الرابعة ثانوي),Baccalaureate (4th year of secondary education),INFO,Sciences de l'informatique,علوم الإعلامية,Computer Science,bac-informatique,PHYS,Sciences physiques,العلوم الفيزيائية,Physical sciences,fr,False,A. PHYSIQUE,topic,"EVOLUTION DE SYSTEMES ELECTRIQUES > I. Le condensateur, le dipôle RC",Le condensateur ; le dipôle RC,5,"Etablir l’équation différentielle qui régit la charge instantanée q(t) d’un condensateur, la tension uC(t) à ses bornes et l’intensité i(t) du courant qui parcourt le circuit de charge durant le régime transitoire."
secondaire,BAC,Baccalauréat (4ème année secondaire),البكالوريا (السنة الرابعة ثانوي),Baccalaureate (4th year of secondary education),INFO,Sciences de l'informatique,علوم الإعلامية,Computer Science,bac-informatique,PHYS,Sciences physiques,العلوم الفيزيائية,Physical sciences,fr,False,A. PHYSIQUE,topic,"EVOLUTION DE SYSTEMES ELECTRIQUES > I. Le condensateur, le dipôle RC",Le condensateur ; le dipôle RC,6,Calculer l’énergie emmagasinée dans un condensateur.
secondaire,BAC,Baccalauréat (4ème année secondaire),البكالوريا (السنة الرابعة ثانوي),Baccalaureate (4th year of secondary education),INFO,Sciences de l'informatique,علوم الإعلامية,Computer Science,bac-informatique,PHYS,Sciences physiques,العلوم الفيزيائية,Physical sciences,fr,False,A. PHYSIQUE,topic,EVOLUTION DE SYSTEMES ELECTRIQUES,Évolution de systèmes électriques,7,Mettre en évidence expérimentalement le phénomène d’induction électromagnétique.
secondaire,BAC,Baccalauréat (4ème année secondaire),البكالوريا (السنة الرابعة ثانوي),Baccalaureate (4th year of secondary education),INFO,Sciences de l'informatique,علوم الإعلامية,Computer Science,bac-informatique,PHYS,Sciences physiques,العلوم الفيزيائية,Physical sciences,fr,False,A. PHYSIQUE,topic,EVOLUTION DE SYSTEMES ELECTRIQUES,Évolution de systèmes électriques,8,Appliquer la loi de Lenz.
secondaire,BAC,Baccalauréat (4ème année secondaire),البكالوريا (السنة الرابعة ثانوي),Baccalaureate (4th year of secondary education),INFO,Sciences de l'informatique,علوم الإعلامية,Computer Science,bac-informatique,PHYS,Sciences physiques,العلوم الفيزيائية,Physical sciences,fr,False,A. PHYSIQUE,topic,EVOLUTION DE SYSTEMES ELECTRIQUES,Évolution de systèmes électriques,9,Reconnaître les facteurs dont dépend la f.e.m. d’auto-induction.
secondaire,BAC,Baccalauréat (4ème année secondaire),البكالوريا (السنة الرابعة ثانوي),Baccalaureate (4th year of secondary education),INFO,Sciences de l'informatique,علوم الإعلامية,Computer Science,bac-informatique,PHYS,Sciences physiques,العلوم الفيزيائية,Physical sciences,fr,False,A. PHYSIQUE,topic,EVOLUTION DE SYSTEMES ELECTRIQUES,Évolution de systèmes électriques,10,Etablir l’équation différentielle qui régit les variations de i en fonction du temps dans un dipôle RL alimenté par un échelon de tension.
secondaire,BAC,Baccalauréat (4ème année secondaire),البكالوريا (السنة الرابعة ثانوي),Baccalaureate (4th year of secondary education),INFO,Sciences de l'informatique,علوم الإعلامية,Computer Science,bac-informatique,PHYS,Sciences physiques,العلوم الفيزيائية,Physical sciences,fr,False,A. PHYSIQUE,topic,EVOLUTION DE SYSTEMES ELECTRIQUES,Évolution de systèmes électriques,11,"Déterminer graphiquement, à partir des courbes de réponses uL(t) ou i(t), soumis à un échelon de tension, la constante de temps τ = L/R."
secondaire,BAC,Baccalauréat (4ème année secondaire),البكالوريا (السنة الرابعة ثانوي),Baccalaureate (4th year of secondary education),INFO,Sciences de l'informatique,علوم الإعلامية,Computer Science,bac-informatique,PHYS,Sciences physiques,العلوم الفيزيائية,Physical sciences,fr,False,A. PHYSIQUE,topic,EVOLUTION DE SYSTEMES ELECTRIQUES,Évolution de systèmes électriques,12,Calculer l’énergie emmagasinée dans un solénoïde.
secondaire,BAC,Baccalauréat (4ème année secondaire),البكالوريا (السنة الرابعة ثانوي),Baccalaureate (4th year of secondary education),INFO,Sciences de l'informatique,علوم الإعلامية,Computer Science,bac-informatique,PHYS,Sciences physiques,العلوم الفيزيائية,Physical sciences,fr,False,A. PHYSIQUE,topic,EVOLUTION DE SYSTEMES ELECTRIQUES,Évolution de systèmes électriques,13,Réaliser un montage permettant de suivre les oscillations libres d’un circuit RLC série.
secondaire,BAC,Baccalauréat (4ème année secondaire),البكالوريا (السنة الرابعة ثانوي),Baccalaureate (4th year of secondary education),INFO,Sciences de l'informatique,علوم الإعلامية,Computer Science,bac-informatique,PHYS,Sciences physiques,العلوم الفيزيائية,Physical sciences,fr,False,A. PHYSIQUE,topic,EVOLUTION DE SYSTEMES ELECTRIQUES,Évolution de systèmes électriques,14,Reconnaître le régime pseudopériodique et le régime apériodique.
secondaire,BAC,Baccalauréat (4ème année secondaire),البكالوريا (السنة الرابعة ثانوي),Baccalaureate (4th year of secondary education),INFO,Sciences de l'informatique,علوم الإعلامية,Computer Science,bac-informatique,PHYS,Sciences physiques,العلوم الفيزيائية,Physical sciences,fr,False,A. PHYSIQUE,topic,EVOLUTION DE SYSTEMES ELECTRIQUES,Évolution de systèmes électriques,15,Reconnaître le facteur responsable de l’amortissement.
secondaire,BAC,Baccalauréat (4ème année secondaire),البكالوريا (السنة الرابعة ثانوي),Baccalaureate (4th year of secondary education),INFO,Sciences de l'informatique,علوم الإعلامية,Computer Science,bac-informatique,PHYS,Sciences physiques,العلوم الفيزيائية,Physical sciences,fr,False,A. PHYSIQUE,topic,EVOLUTION DE SYSTEMES ELECTRIQUES,Évolution de systèmes électriques,16,Etablir l’équation différentielle des oscillations libres d’un circuit RLC série.
secondaire,BAC,Baccalauréat (4ème année secondaire),البكالوريا (السنة الرابعة ثانوي),Baccalaureate (4th year of secondary education),INFO,Sciences de l'informatique,علوم الإعلامية,Computer Science,bac-informatique,PHYS,Sciences physiques,العلوم الفيزيائية,Physical sciences,fr,False,A. PHYSIQUE,topic,EVOLUTION DE SYSTEMES ELECTRIQUES,Évolution de systèmes électriques,17,Interpréter la diminution de l’amplitude des oscillations libres amorties par le transfert d’énergie de l’oscillateur vers le milieu extérieur.
secondaire,BAC,Baccalauréat (4ème année secondaire),البكالوريا (السنة الرابعة ثانوي),Baccalaureate (4th year of secondary education),INFO,Sciences de l'informatique,علوم الإعلامية,Computer Science,bac-informatique,PHYS,Sciences physiques,العلوم الفيزيائية,Physical sciences,fr,False,A. PHYSIQUE,topic,EVOLUTION DE SYSTEMES ELECTRIQUES,Évolution de systèmes électriques,18,Réaliser un montage permettant d'entretenir des oscillations d’un circuit RLC série.
secondaire,BAC,Baccalauréat (4ème année secondaire),البكالوريا (السنة الرابعة ثانوي),Baccalaureate (4th year of secondary education),INFO,Sciences de l'informatique,علوم الإعلامية,Computer Science,bac-informatique,PHYS,Sciences physiques,العلوم الفيزيائية,Physical sciences,fr,False,A. PHYSIQUE,topic,EVOLUTION DE SYSTEMES ELECTRIQUES,Évolution de systèmes électriques,19,Déterminer la valeur de la résistance négative indispensable à l'entretien des oscillations d’un circuit RLC série.
secondaire,BAC,Baccalauréat (4ème année secondaire),البكالوريا (السنة الرابعة ثانوي),Baccalaureate (4th year of secondary education),INFO,Sciences de l'informatique,علوم الإعلامية,Computer Science,bac-informatique,PHYS,Sciences physiques,العلوم الفيزيائية,Physical sciences,fr,False,A. PHYSIQUE,topic,EVOLUTION DE SYSTEMES ELECTRIQUES,Évolution de systèmes électriques,20,"Distinguer, en régime forcé, le résonateur de l’excitateur."
secondaire,BAC,Baccalauréat (4ème année secondaire),البكالوريا (السنة الرابعة ثانوي),Baccalaureate (4th year of secondary education),INFO,Sciences de l'informatique,علوم الإعلامية,Computer Science,bac-informatique,PHYS,Sciences physiques,العلوم الفيزيائية,Physical sciences,fr,False,A. PHYSIQUE,topic,EVOLUTION DE SYSTEMES ELECTRIQUES,Évolution de systèmes électriques,21,Visualiser simultanément à l’oscilloscope la tension excitatrice u(t) et l'intensité du courant i(t).
secondaire,BAC,Baccalauréat (4ème année secondaire),البكالوريا (السنة الرابعة ثانوي),Baccalaureate (4th year of secondary education),INFO,Sciences de l'informatique,علوم الإعلامية,Computer Science,bac-informatique,PHYS,Sciences physiques,العلوم الفيزيائية,Physical sciences,fr,False,A. PHYSIQUE,topic,EVOLUTION DE SYSTEMES ELECTRIQUES,Évolution de systèmes électriques,22,Mesurer l’amplitude et la fréquence d’une grandeur oscillante sinusoïdale.
secondaire,BAC,Baccalauréat (4ème année secondaire),البكالوريا (السنة الرابعة ثانوي),Baccalaureate (4th year of secondary education),INFO,Sciences de l'informatique,علوم الإعلامية,Computer Science,bac-informatique,PHYS,Sciences physiques,العلوم الفيزيائية,Physical sciences,fr,False,A. PHYSIQUE,topic,EVOLUTION DE SYSTEMES ELECTRIQUES,Évolution de systèmes électriques,23,Déterminer le déphasage entre la tension excitatrice u(t) et l’intensité du courant i(t).
secondaire,BAC,Baccalauréat (4ème année secondaire),البكالوريا (السنة الرابعة ثانوي),Baccalaureate (4th year of secondary education),INFO,Sciences de l'informatique,علوم الإعلامية,Computer Science,bac-informatique,PHYS,Sciences physiques,العلوم الفيزيائية,Physical sciences,fr,False,A. PHYSIQUE,topic,EVOLUTION DE SYSTEMES ELECTRIQUES,Évolution de systèmes électriques,24,Mettre en évidence expérimentalement le phénomène de résonance d’intensité.
secondaire,BAC,Baccalauréat (4ème année secondaire),البكالوريا (السنة الرابعة ثانوي),Baccalaureate (4th year of secondary education),INFO,Sciences de l'informatique,علوم الإعلامية,Computer Science,bac-informatique,PHYS,Sciences physiques,العلوم الفيزيائية,Physical sciences,fr,False,A. PHYSIQUE,topic,EVOLUTION DE SYSTEMES ELECTRIQUES,Évolution de systèmes électriques,25,Etablir l’expression de l’intensité maximale Im en fonction de la fréquence des excitations de l’oscillateur.
secondaire,BAC,Baccalauréat (4ème année secondaire),البكالوريا (السنة الرابعة ثانوي),Baccalaureate (4th year of secondary education),INFO,Sciences de l'informatique,علوم الإعلامية,Computer Science,bac-informatique,PHYS,Sciences physiques,العلوم الفيزيائية,Physical sciences,fr,False,A. PHYSIQUE,topic,EVOLUTION DE SYSTEMES ELECTRIQUES,Évolution de systèmes électriques,26,Calculer la puissance moyenne absorbée par un oscillateur électrique.
secondaire,BAC,Baccalauréat (4ème année secondaire),البكالوريا (السنة الرابعة ثانوي),Baccalaureate (4th year of secondary education),INFO,Sciences de l'informatique,علوم الإعلامية,Computer Science,bac-informatique,PHYS,Sciences physiques,العلوم الفيزيائية,Physical sciences,fr,False,A. PHYSIQUE,topic,EVOLUTION DE SYSTEMES ELECTRIQUES,Évolution de systèmes électriques,27,Expliquer l’importance du facteur de puissance dans les transformations de l’énergie électrique.
secondaire,BAC,Baccalauréat (4ème année secondaire),البكالوريا (السنة الرابعة ثانوي),Baccalaureate (4th year of secondary education),INFO,Sciences de l'informatique,علوم الإعلامية,Computer Science,bac-informatique,PHYS,Sciences physiques,العلوم الفيزيائية,Physical sciences,fr,False,A. PHYSIQUE,topic,EVOLUTION DE SYSTEMES ELECTRIQUES > IV. Les filtres,,28,Reconnaître le schéma d'un filtre.
secondaire,BAC,Baccalauréat (4ème année secondaire),البكالوريا (السنة الرابعة ثانوي),Baccalaureate (4th year of secondary education),INFO,Sciences de l'informatique,علوم الإعلامية,Computer Science,bac-informatique,PHYS,Sciences physiques,العلوم الفيزيائية,Physical sciences,fr,False,A. PHYSIQUE,topic,EVOLUTION DE SYSTEMES ELECTRIQUES > IV. Les filtres,,29,Distinguer entre l'entrée et la sortie d'un filtre.
secondaire,BAC,Baccalauréat (4ème année secondaire),البكالوريا (السنة الرابعة ثانوي),Baccalaureate (4th year of secondary education),INFO,Sciences de l'informatique,علوم الإعلامية,Computer Science,bac-informatique,PHYS,Sciences physiques,العلوم الفيزيائية,Physical sciences,fr,False,A. PHYSIQUE,topic,EVOLUTION DE SYSTEMES ELECTRIQUES > IV. Les filtres,,30,"Réaliser un filtre (passe-bas, passe-haut, passe-bande)."
secondaire,BAC,Baccalauréat (4ème année secondaire),البكالوريا (السنة الرابعة ثانوي),Baccalaureate (4th year of secondary education),INFO,Sciences de l'informatique,علوم الإعلامية,Computer Science,bac-informatique,PHYS,Sciences physiques,العلوم الفيزيائية,Physical sciences,fr,False,A. PHYSIQUE,topic,EVOLUTION DE SYSTEMES ELECTRIQUES > IV. Les filtres,,31,Etablir l'expression de la fonction de transfert T = USm/UEm d'un filtre.
secondaire,BAC,Baccalauréat (4ème année secondaire),البكالوريا (السنة الرابعة ثانوي),Baccalaureate (4th year of secondary education),INFO,Sciences de l'informatique,علوم الإعلامية,Computer Science,bac-informatique,PHYS,Sciences physiques,العلوم الفيزيائية,Physical sciences,fr,False,A. PHYSIQUE,topic,EVOLUTION DE SYSTEMES ELECTRIQUES > IV. Les filtres,,32,Calculer le gain d'un filtre.
secondaire,BAC,Baccalauréat (4ème année secondaire),البكالوريا (السنة الرابعة ثانوي),Baccalaureate (4th year of secondary education),INFO,Sciences de l'informatique,علوم الإعلامية,Computer Science,bac-informatique,PHYS,Sciences physiques,العلوم الفيزيائية,Physical sciences,fr,False,A. PHYSIQUE,topic,EVOLUTION DE SYSTEMES ELECTRIQUES > IV. Les filtres,,33,Tracer la courbe de réponse USm=f(N) [ou G=f(N)] d'un filtre.
secondaire,BAC,Baccalauréat (4ème année secondaire),البكالوريا (السنة الرابعة ثانوي),Baccalaureate (4th year of secondary education),INFO,Sciences de l'informatique,علوم الإعلامية,Computer Science,bac-informatique,PHYS,Sciences physiques,العلوم الفيزيائية,Physical sciences,fr,False,A. PHYSIQUE,topic,EVOLUTION DE SYSTEMES ELECTRIQUES > IV. Les filtres,,34,Déterminer la (ou les) fréquence(s) de coupure et la largeur de la bande passante d'un filtre.
secondaire,BAC,Baccalauréat (4ème année secondaire),البكالوريا (السنة الرابعة ثانوي),Baccalaureate (4th year of secondary education),INFO,Sciences de l'informatique,علوم الإعلامية,Computer Science,bac-informatique,PHYS,Sciences physiques,العلوم الفيزيائية,Physical sciences,fr,False,A. PHYSIQUE,topic,EVOLUTION DE SYSTEMES ELECTRIQUES,Évolution de systèmes électriques,35,Reconnaître un multivibrateur astable.
secondaire,BAC,Baccalauréat (4ème année secondaire),البكالوريا (السنة الرابعة ثانوي),Baccalaureate (4th year of secondary education),INFO,Sciences de l'informatique,علوم الإعلامية,Computer Science,bac-informatique,PHYS,Sciences physiques,العلوم الفيزيائية,Physical sciences,fr,False,A. PHYSIQUE,topic,EVOLUTION DE SYSTEMES ELECTRIQUES,Évolution de systèmes électriques,36,Réaliser un montage de multivibrateur astable.
secondaire,BAC,Baccalauréat (4ème année secondaire),البكالوريا (السنة الرابعة ثانوي),Baccalaureate (4th year of secondary education),INFO,Sciences de l'informatique,علوم الإعلامية,Computer Science,bac-informatique,PHYS,Sciences physiques,العلوم الفيزيائية,Physical sciences,fr,False,A. PHYSIQUE,topic,EVOLUTION DE SYSTEMES ELECTRIQUES,Évolution de systèmes électriques,37,Visualiser et tracer les chronogrammes d'un multivibrateur astable.
secondaire,BAC,Baccalauréat (4ème année secondaire),البكالوريا (السنة الرابعة ثانوي),Baccalaureate (4th year of secondary education),INFO,Sciences de l'informatique,علوم الإعلامية,Computer Science,bac-informatique,PHYS,Sciences physiques,العلوم الفيزيائية,Physical sciences,fr,False,A. PHYSIQUE,topic,EVOLUTION DE SYSTEMES ELECTRIQUES,Évolution de systèmes électriques,38,Tracer les chronogrammes d'un multivibrateur astable.
secondaire,BAC,Baccalauréat (4ème année secondaire),البكالوريا (السنة الرابعة ثانوي),Baccalaureate (4th year of secondary education),INFO,Sciences de l'informatique,علوم الإعلامية,Computer Science,bac-informatique,PHYS,Sciences physiques,العلوم الفيزيائية,Physical sciences,fr,False,A. PHYSIQUE,topic,EVOLUTION DE SYSTEMES ELECTRIQUES,Évolution de systèmes électriques,39,Interpréter les chronogrammes d'un multivibrateur astable.
secondaire,BAC,Baccalauréat (4ème année secondaire),البكالوريا (السنة الرابعة ثانوي),Baccalaureate (4th year of secondary education),INFO,Sciences de l'informatique,علوم الإعلامية,Computer Science,bac-informatique,PHYS,Sciences physiques,العلوم الفيزيائية,Physical sciences,fr,False,A. PHYSIQUE,topic,EVOLUTION DE SYSTEMES ELECTRIQUES,Évolution de systèmes électriques,40,Calculer la période du signal généré par un multivibrateur astable.
secondaire,BAC,Baccalauréat (4ème année secondaire),البكالوريا (السنة الرابعة ثانوي),Baccalaureate (4th year of secondary education),INFO,Sciences de l'informatique,علوم الإعلامية,Computer Science,bac-informatique,PHYS,Sciences physiques,العلوم الفيزيائية,Physical sciences,fr,False,A. PHYSIQUE,topic,EVOLUTION DE SYSTEMES ELECTRIQUES,Évolution de systèmes électriques,41,Calculer le rapport cyclique δ d'un multivibrateur astable.
secondaire,BAC,Baccalauréat (4ème année secondaire),البكالوريا (السنة الرابعة ثانوي),Baccalaureate (4th year of secondary education),INFO,Sciences de l'informatique,علوم الإعلامية,Computer Science,bac-informatique,PHYS,Sciences physiques,العلوم الفيزيائية,Physical sciences,fr,False,A. PHYSIQUE,topic,EVOLUTION DE SYSTEMES ELECTRIQUES,Évolution de systèmes électriques,42,Relever les deux niveaux de sortie d'un multivibrateur astable.
secondaire,BAC,Baccalauréat (4ème année secondaire),البكالوريا (السنة الرابعة ثانوي),Baccalaureate (4th year of secondary education),INFO,Sciences de l'informatique,علوم الإعلامية,Computer Science,bac-informatique,PHYS,Sciences physiques,العلوم الفيزيائية,Physical sciences,fr,False,A. PHYSIQUE,topic,EVOLUTION DE SYSTEMES ELECTRIQUES,Évolution de systèmes électriques,43,Comparer un signal analogique avec un signal numérique.
secondaire,BAC,Baccalauréat (4ème année secondaire),البكالوريا (السنة الرابعة ثانوي),Baccalaureate (4th year of secondary education),INFO,Sciences de l'informatique,علوم الإعلامية,Computer Science,bac-informatique,PHYS,Sciences physiques,العلوم الفيزيائية,Physical sciences,fr,False,A. PHYSIQUE,topic,EVOLUTION DE SYSTEMES ELECTRIQUES,Évolution de systèmes électriques,44,Distinguer un convertisseur analogique-numérique (CAN) d'un convertisseur numérique-analogique (CNA).
secondaire,BAC,Baccalauréat (4ème année secondaire),البكالوريا (السنة الرابعة ثانوي),Baccalaureate (4th year of secondary education),INFO,Sciences de l'informatique,علوم الإعلامية,Computer Science,bac-informatique,PHYS,Sciences physiques,العلوم الفيزيائية,Physical sciences,fr,False,A. PHYSIQUE,topic,EVOLUTION DE SYSTEMES ELECTRIQUES,Évolution de systèmes électriques,45,Etablir l'expression de la tension de sortie uS d'un CNA à réseau de résistances pondérées en fonction du nombre N d'entrées.
secondaire,BAC,Baccalauréat (4ème année secondaire),البكالوريا (السنة الرابعة ثانوي),Baccalaureate (4th year of secondary education),INFO,Sciences de l'informatique,علوم الإعلامية,Computer Science,bac-informatique,PHYS,Sciences physiques,العلوم الفيزيائية,Physical sciences,fr,False,A. PHYSIQUE,topic,EVOLUTION DE SYSTEMES ELECTRIQUES,Évolution de systèmes électriques,46,Convertir un signal numérique en signal analogique.
secondaire,BAC,Baccalauréat (4ème année secondaire),البكالوريا (السنة الرابعة ثانوي),Baccalaureate (4th year of secondary education),INFO,Sciences de l'informatique,علوم الإعلامية,Computer Science,bac-informatique,PHYS,Sciences physiques,العلوم الفيزيائية,Physical sciences,fr,False,A. PHYSIQUE,topic,EVOLUTION DE SYSTEMES ELECTRIQUES,Évolution de systèmes électriques,47,Tracer la caractéristique de transfert uS=f(N) d'un CNA.
secondaire,BAC,Baccalauréat (4ème année secondaire),البكالوريا (السنة الرابعة ثانوي),Baccalaureate (4th year of secondary education),INFO,Sciences de l'informatique,علوم الإعلامية,Computer Science,bac-informatique,PHYS,Sciences physiques,العلوم الفيزيائية,Physical sciences,fr,False,A. PHYSIQUE,topic,ONDES > I. Ondes mécaniques progressives,Ondes mécaniques progressives,48,Distinguer entre une onde transversale et une onde longitudinale.
secondaire,BAC,Baccalauréat (4ème année secondaire),البكالوريا (السنة الرابعة ثانوي),Baccalaureate (4th year of secondary education),INFO,Sciences de l'informatique,علوم الإعلامية,Computer Science,bac-informatique,PHYS,Sciences physiques,العلوم الفيزيائية,Physical sciences,fr,False,A. PHYSIQUE,topic,ONDES > I. Ondes mécaniques progressives,Ondes mécaniques progressives,49,Reconnaître que la propagation d’une onde est due à une propagation d’énergie sans transport de matière.
secondaire,BAC,Baccalauréat (4ème année secondaire),البكالوريا (السنة الرابعة ثانوي),Baccalaureate (4th year of secondary education),INFO,Sciences de l'informatique,علوم الإعلامية,Computer Science,bac-informatique,PHYS,Sciences physiques,العلوم الفيزيائية,Physical sciences,fr,False,A. PHYSIQUE,topic,ONDES > I. Ondes mécaniques progressives,Ondes mécaniques progressives,50,Réaliser une expérience illustrant la propagation d’une onde sinusoïdale dans un milieu homogène et isotrope.
secondaire,BAC,Baccalauréat (4ème année secondaire),البكالوريا (السنة الرابعة ثانوي),Baccalaureate (4th year of secondary education),INFO,Sciences de l'informatique,علوم الإعلامية,Computer Science,bac-informatique,PHYS,Sciences physiques,العلوم الفيزيائية,Physical sciences,fr,False,A. PHYSIQUE,topic,ONDES > I. Ondes mécaniques progressives,Ondes mécaniques progressives,51,"Identifier, dans un milieu de propagation donné, les propriétés dont dépend la célérité d’une onde."
secondaire,BAC,Baccalauréat (4ème année secondaire),البكالوريا (السنة الرابعة ثانوي),Baccalaureate (4th year of secondary education),INFO,Sciences de l'informatique,علوم الإعلامية,Computer Science,bac-informatique,PHYS,Sciences physiques,العلوم الفيزيائية,Physical sciences,fr,False,A. PHYSIQUE,topic,ONDES > I. Ondes mécaniques progressives,Ondes mécaniques progressives,52,Etablir l'équation horaire du mouvement d'un point donné du milieu de propagation connaissant celle de la source d'onde progressive et représenter graphiquement le diagramme du mouvement de ce point.
secondaire,BAC,Baccalauréat (4ème année secondaire),البكالوريا (السنة الرابعة ثانوي),Baccalaureate (4th year of secondary education),INFO,Sciences de l'informatique,علوم الإعلامية,Computer Science,bac-informatique,PHYS,Sciences physiques,العلوم الفيزيائية,Physical sciences,fr,False,A. PHYSIQUE,topic,ONDES > I. Ondes mécaniques progressives,Ondes mécaniques progressives,53,"Représenter graphiquement l'aspect à un instant donné, du milieu (ou d'une coupe du milieu) de propagation d'une onde progressive."
secondaire,BAC,Baccalauréat (4ème année secondaire),البكالوريا (السنة الرابعة ثانوي),Baccalaureate (4th year of secondary education),INFO,Sciences de l'informatique,علوم الإعلامية,Computer Science,bac-informatique,PHYS,Sciences physiques,العلوم الفيزيائية,Physical sciences,fr,False,A. PHYSIQUE,topic,ONDES > I. Ondes mécaniques progressives,Ondes mécaniques progressives,54,Reconnaître la double périodicité d’une onde sinusoïdale.
secondaire,BAC,Baccalauréat (4ème année secondaire),البكالوريا (السنة الرابعة ثانوي),Baccalaureate (4th year of secondary education),INFO,Sciences de l'informatique,علوم الإعلامية,Computer Science,bac-informatique,PHYS,Sciences physiques,العلوم الفيزيائية,Physical sciences,fr,False,A. PHYSIQUE,topic,ONDES,Ondes,55,Justifier le caractère ondulatoire de la lumière à partir d’expériences de diffraction d’ondes mécaniques et d’ondes lumineuses.
secondaire,BAC,Baccalauréat (4ème année secondaire),البكالوريا (السنة الرابعة ثانوي),Baccalaureate (4th year of secondary education),INFO,Sciences de l'informatique,علوم الإعلامية,Computer Science,bac-informatique,PHYS,Sciences physiques,العلوم الفيزيائية,Physical sciences,fr,False,A. PHYSIQUE,topic,ONDES,Ondes,56,"Préciser l'influence, sur le phénomène de diffraction, du quotient λ/a (λ étant la longueur d'onde et a la largeur de la fente)."
secondaire,BAC,Baccalauréat (4ème année secondaire),البكالوريا (السنة الرابعة ثانوي),Baccalaureate (4th year of secondary education),INFO,Sciences de l'informatique,علوم الإعلامية,Computer Science,bac-informatique,PHYS,Sciences physiques,العلوم الفيزيائية,Physical sciences,fr,False,A. PHYSIQUE,topic,ONDES,Ondes,57,"Réaliser des expériences de réflexion, de réfraction et de dispersion d'ondes mécaniques."
secondaire,BAC,Baccalauréat (4ème année secondaire),البكالوريا (السنة الرابعة ثانوي),Baccalaureate (4th year of secondary education),INFO,Sciences de l'informatique,علوم الإعلامية,Computer Science,bac-informatique,PHYS,Sciences physiques,العلوم الفيزيائية,Physical sciences,fr,False,A. PHYSIQUE,topic,ONDES,Ondes,58,Montrer qu’une lumière blanche est constituée d'une infinité de radiations monochromatiques.
secondaire,BAC,Baccalauréat (4ème année secondaire),البكالوريا (السنة الرابعة ثانوي),Baccalaureate (4th year of secondary education),INFO,Sciences de l'informatique,علوم الإعلامية,Computer Science,bac-informatique,PHYS,Sciences physiques,العلوم الفيزيائية,Physical sciences,fr,False,A. PHYSIQUE,topic,ONDES,Ondes,59,Distinguer un milieu dispersif d'un milieu non dispersif.
secondaire,BAC,Baccalauréat (4ème année secondaire),البكالوريا (السنة الرابعة ثانوي),Baccalaureate (4th year of secondary education),INFO,Sciences de l'informatique,علوم الإعلامية,Computer Science,bac-informatique,PHYS,Sciences physiques,العلوم الفيزيائية,Physical sciences,fr,False,A. PHYSIQUE,topic,ONDES,Ondes,60,Justifier le recours à l'onde électromagnétique comme support de transmission de l'information.
secondaire,BAC,Baccalauréat (4ème année secondaire),البكالوريا (السنة الرابعة ثانوي),Baccalaureate (4th year of secondary education),INFO,Sciences de l'informatique,علوم الإعلامية,Computer Science,bac-informatique,PHYS,Sciences physiques,العلوم الفيزيائية,Physical sciences,fr,False,A. PHYSIQUE,topic,ONDES,Ondes,61,Décrire le principe de transmission d'un signal via une onde électromagnétique.
secondaire,BAC,Baccalauréat (4ème année secondaire),البكالوريا (السنة الرابعة ثانوي),Baccalaureate (4th year of secondary education),INFO,Sciences de l'informatique,علوم الإعلامية,Computer Science,bac-informatique,PHYS,Sciences physiques,العلوم الفيزيائية,Physical sciences,fr,False,A. PHYSIQUE,topic,ONDES,Ondes,62,Distinguer les ondes lumineuses et les ondes hertziennes par leurs fréquences.
secondaire,BAC,Baccalauréat (4ème année secondaire),البكالوريا (السنة الرابعة ثانوي),Baccalaureate (4th year of secondary education),INFO,Sciences de l'informatique,علوم الإعلامية,Computer Science,bac-informatique,PHYS,Sciences physiques,العلوم الفيزيائية,Physical sciences,fr,False,A. PHYSIQUE,topic,ONDES,Ondes,63,Expliquer les fonctions de la modulation et de la démodulation d'un signal.
secondaire,BAC,Baccalauréat (4ème année secondaire),البكالوريا (السنة الرابعة ثانوي),Baccalaureate (4th year of secondary education),INFO,Sciences de l'informatique,علوم الإعلامية,Computer Science,bac-informatique,PHYS,Sciences physiques,العلوم الفيزيائية,Physical sciences,fr,False,A. PHYSIQUE,topic,ONDES,Ondes,64,Réaliser la modulation d'une tension sinusoïdale en amplitude.
secondaire,BAC,Baccalauréat (4ème année secondaire),البكالوريا (السنة الرابعة ثانوي),Baccalaureate (4th year of secondary education),INFO,Sciences de l'informatique,علوم الإعلامية,Computer Science,bac-informatique,PHYS,Sciences physiques,العلوم الفيزيائية,Physical sciences,fr,False,A. PHYSIQUE,topic,ONDES,Ondes,65,Mettre expérimentalement en évidence l'influence de la composante continue ajoutée à la tension modulante sur la qualité de la modulation.
secondaire,BAC,Baccalauréat (4ème année secondaire),البكالوريا (السنة الرابعة ثانوي),Baccalaureate (4th year of secondary education),INFO,Sciences de l'informatique,علوم الإعلامية,Computer Science,bac-informatique,PHYS,Sciences physiques,العلوم الفيزيائية,Physical sciences,fr,False,A. PHYSIQUE,topic,ONDES,Ondes,66,Calculer le taux de modulation d'un signal sinusoïdal.
secondaire,BAC,Baccalauréat (4ème année secondaire),البكالوريا (السنة الرابعة ثانوي),Baccalaureate (4th year of secondary education),INFO,Sciences de l'informatique,علوم الإعلامية,Computer Science,bac-informatique,PHYS,Sciences physiques,العلوم الفيزيائية,Physical sciences,fr,False,A. PHYSIQUE,topic,ONDES,Ondes,67,Réaliser la démodulation d'un signal électrique sinusoïdal modulé en amplitude.
secondaire,BAC,Baccalauréat (4ème année secondaire),البكالوريا (السنة الرابعة ثانوي),Baccalaureate (4th year of secondary education),INFO,Sciences de l'informatique,علوم الإعلامية,Computer Science,bac-informatique,PHYS,Sciences physiques,العلوم الفيزيائية,Physical sciences,fr,False,A. PHYSIQUE,topic,ONDES,Ondes,68,Mettre expérimentalement en évidence l'influence de la fréquence de l'onde électromagnétique porteuse du signal sur la démodulation de ce dernier.
secondaire,BAC,Baccalauréat (4ème année secondaire),البكالوريا (السنة الرابعة ثانوي),Baccalaureate (4th year of secondary education),INFO,Sciences de l'informatique,علوم الإعلامية,Computer Science,bac-informatique,PHYS,Sciences physiques,العلوم الفيزيائية,Physical sciences,fr,False,A. PHYSIQUE,topic,ONDES,Ondes,69,Réaliser la modulation d'une tension sinusoïdale en fréquence.
secondaire,BAC,Baccalauréat (4ème année secondaire),البكالوريا (السنة الرابعة ثانوي),Baccalaureate (4th year of secondary education),INFO,Sciences de l'informatique,علوم الإعلامية,Computer Science,bac-informatique,PHYS,Sciences physiques,العلوم الفيزيائية,Physical sciences,fr,False,B. CHIMIE,topic,MESURE D'UNE QUANTITE DE MATIERE,Mesure d'une quantité de matière,70,Titrer une solution aqueuse par réaction acide-base ou par réaction d’oxydo-réduction.
secondaire,BAC,Baccalauréat (4ème année secondaire),البكالوريا (السنة الرابعة ثانوي),Baccalaureate (4th year of secondary education),INFO,Sciences de l'informatique,علوم الإعلامية,Computer Science,bac-informatique,PHYS,Sciences physiques,العلوم الفيزيائية,Physical sciences,fr,False,B. CHIMIE,topic,MESURE D'UNE QUANTITE DE MATIERE,Mesure d'une quantité de matière,71,Calculer la conductance (G) d’une portion de solution électrolytique.
secondaire,BAC,Baccalauréat (4ème année secondaire),البكالوريا (السنة الرابعة ثانوي),Baccalaureate (4th year of secondary education),INFO,Sciences de l'informatique,علوم الإعلامية,Computer Science,bac-informatique,PHYS,Sciences physiques,العلوم الفيزيائية,Physical sciences,fr,False,B. CHIMIE,topic,MESURE D'UNE QUANTITE DE MATIERE,Mesure d'une quantité de matière,72,Tracer la courbe d’étalonnage G=f(C) pour des solutions titrées.
secondaire,BAC,Baccalauréat (4ème année secondaire),البكالوريا (السنة الرابعة ثانوي),Baccalaureate (4th year of secondary education),INFO,Sciences de l'informatique,علوم الإعلامية,Computer Science,bac-informatique,PHYS,Sciences physiques,العلوم الفيزيائية,Physical sciences,fr,False,B. CHIMIE,topic,MESURE D'UNE QUANTITE DE MATIERE,Mesure d'une quantité de matière,73,Exploiter une courbe d’étalonnage pour déterminer la concentration inconnue d’une solution.
secondaire,BAC,Baccalauréat (4ème année secondaire),البكالوريا (السنة الرابعة ثانوي),Baccalaureate (4th year of secondary education),INFO,Sciences de l'informatique,علوم الإعلامية,Computer Science,bac-informatique,PHYS,Sciences physiques,العلوم الفيزيائية,Physical sciences,fr,False,B. CHIMIE,topic,ELECTROCHIMIE,Électrochimie,74,Expliquer le principe de fonctionnement d'une pile.
secondaire,BAC,Baccalauréat (4ème année secondaire),البكالوريا (السنة الرابعة ثانوي),Baccalaureate (4th year of secondary education),INFO,Sciences de l'informatique,علوم الإعلامية,Computer Science,bac-informatique,PHYS,Sciences physiques,العلوم الفيزيائية,Physical sciences,fr,False,B. CHIMIE,topic,ELECTROCHIMIE,Électrochimie,75,Schématiser une pile.
secondaire,BAC,Baccalauréat (4ème année secondaire),البكالوريا (السنة الرابعة ثانوي),Baccalaureate (4th year of secondary education),INFO,Sciences de l'informatique,علوم الإعلامية,Computer Science,bac-informatique,PHYS,Sciences physiques,العلوم الفيزيائية,Physical sciences,fr,False,B. CHIMIE,topic,ELECTROCHIMIE,Électrochimie,76,Symboliser une pile.
secondaire,BAC,Baccalauréat (4ème année secondaire),البكالوريا (السنة الرابعة ثانوي),Baccalaureate (4th year of secondary education),INFO,Sciences de l'informatique,علوم الإعلامية,Computer Science,bac-informatique,PHYS,Sciences physiques,العلوم الفيزيائية,Physical sciences,fr,False,B. CHIMIE,topic,ELECTROCHIMIE,Électrochimie,77,Reconnaître les pôles d'une pile.
secondaire,BAC,Baccalauréat (4ème année secondaire),البكالوريا (السنة الرابعة ثانوي),Baccalaureate (4th year of secondary education),INFO,Sciences de l'informatique,علوم الإعلامية,Computer Science,bac-informatique,PHYS,Sciences physiques,العلوم الفيزيائية,Physical sciences,fr,False,B. CHIMIE,topic,ELECTROCHIMIE,Électrochimie,78,Ecrire les équations des transformations chimiques qui se produisent au niveau des électrodes d'une pile au cours de son fonctionnement.
secondaire,BAC,Baccalauréat (4ème année secondaire),البكالوريا (السنة الرابعة ثانوي),Baccalaureate (4th year of secondary education),INFO,Sciences de l'informatique,علوم الإعلامية,Computer Science,bac-informatique,PHYS,Sciences physiques,العلوم الفيزيائية,Physical sciences,fr,False,B. CHIMIE,topic,ELECTROCHIMIE,Électrochimie,79,"Ecrire les équations des transformations chimiques se produisant au niveau des électrodes, lors d'une électrolyse."
secondaire,BAC,Baccalauréat (4ème année secondaire),البكالوريا (السنة الرابعة ثانوي),Baccalaureate (4th year of secondary education),INFO,Sciences de l'informatique,علوم الإعلامية,Computer Science,bac-informatique,PHYS,Sciences physiques,العلوم الفيزيائية,Physical sciences,fr,False,B. CHIMIE,topic,ELECTROCHIMIE,Électrochimie,80,Donner des exemples de piles rechargeables.
secondaire,BAC,Baccalauréat (4ème année secondaire),البكالوريا (السنة الرابعة ثانوي),Baccalaureate (4th year of secondary education),INFO,Sciences de l'informatique,علوم الإعلامية,Computer Science,bac-informatique,PHYS,Sciences physiques,العلوم الفيزيائية,Physical sciences,fr,False,B. CHIMIE,topic,CHMIE ORGANIQUE > I. Les alcools aliphatiques saturés :,Les alcools aliphatiques saturés,81,"Nommer un alcool, connaissant sa formule semi développée et inversement."
secondaire,BAC,Baccalauréat (4ème année secondaire),البكالوريا (السنة الرابعة ثانوي),Baccalaureate (4th year of secondary education),INFO,Sciences de l'informatique,علوم الإعلامية,Computer Science,bac-informatique,PHYS,Sciences physiques,العلوم الفيزيائية,Physical sciences,fr,False,B. CHIMIE,topic,CHMIE ORGANIQUE > I. Les alcools aliphatiques saturés :,Les alcools aliphatiques saturés,82,Distinguer les trois classes d'alcool.
secondaire,BAC,Baccalauréat (4ème année secondaire),البكالوريا (السنة الرابعة ثانوي),Baccalaureate (4th year of secondary education),INFO,Sciences de l'informatique,علوم الإعلامية,Computer Science,bac-informatique,PHYS,Sciences physiques,العلوم الفيزيائية,Physical sciences,fr,False,B. CHIMIE,topic,CHMIE ORGANIQUE > I. Les alcools aliphatiques saturés :,Les alcools aliphatiques saturés,83,Expliquer le principe de l'éthylotest.
secondaire,BAC,Baccalauréat (4ème année secondaire),البكالوريا (السنة الرابعة ثانوي),Baccalaureate (4th year of secondary education),INFO,Sciences de l'informatique,علوم الإعلامية,Computer Science,bac-informatique,PHYS,Sciences physiques,العلوم الفيزيائية,Physical sciences,fr,False,B. CHIMIE,topic,CHMIE ORGANIQUE > I. Les alcools aliphatiques saturés :,Les alcools aliphatiques saturés,84,Réaliser et interpréter une réaction d'estérification.
secondaire,BAC,Baccalauréat (4ème année secondaire),البكالوريا (السنة الرابعة ثانوي),Baccalaureate (4th year of secondary education),LET,Lettres,آداب,Literature,bac-lettres,MATH,Mathématiques,الرياضيات,Mathematics,fr,True,Analyse,domain,,,1,Déterminer l’ensemble de définition d’une fonction.
secondaire,BAC,Baccalauréat (4ème année secondaire),البكالوريا (السنة الرابعة ثانوي),Baccalaureate (4th year of secondary education),LET,Lettres,آداب,Literature,bac-lettres,MATH,Mathématiques,الرياضيات,Mathematics,fr,True,Analyse,domain,,,2,Reconnaître que le nombre dérivé d’une fonction en a est la pente de la tangente à la courbe de cette fonction en le point d’abscisse a .
secondaire,BAC,Baccalauréat (4ème année secondaire),البكالوريا (السنة الرابعة ثانوي),Baccalaureate (4th year of secondary education),LET,Lettres,آداب,Literature,bac-lettres,MATH,Mathématiques,الرياضيات,Mathematics,fr,True,Analyse,domain,,,3,Déterminer l’équation de la tangente à une courbe en un point d’abscisse a.
secondaire,BAC,Baccalauréat (4ème année secondaire),البكالوريا (السنة الرابعة ثانوي),Baccalaureate (4th year of secondary education),LET,Lettres,آداب,Literature,bac-lettres,MATH,Mathématiques,الرياضيات,Mathematics,fr,True,Analyse,domain,,,4,Déterminer le nombre dérivé d’une fonction en un réel x0 connaissant l’équation de la tangente à la courbe représentative de la fonction au point d’abscisse a.
secondaire,BAC,Baccalauréat (4ème année secondaire),البكالوريا (السنة الرابعة ثانوي),Baccalaureate (4th year of secondary education),LET,Lettres,آداب,Literature,bac-lettres,MATH,Mathématiques,الرياضيات,Mathematics,fr,True,Analyse,domain,,,5,Déterminer la dérivée d’une fonction sur un intervalle en utilisant les opérations sur les fonctions dérivables et les dérivées de fonctions usuelles.
secondaire,BAC,Baccalauréat (4ème année secondaire),البكالوريا (السنة الرابعة ثانوي),Baccalaureate (4th year of secondary education),LET,Lettres,آداب,Literature,bac-lettres,MATH,Mathématiques,الرياضيات,Mathematics,fr,True,Analyse,domain,,,6,Déterminer le sens de variation d’une fonction connaissant le signe de sa dérivée.
secondaire,BAC,Baccalauréat (4ème année secondaire),البكالوريا (السنة الرابعة ثانوي),Baccalaureate (4th year of secondary education),LET,Lettres,آداب,Literature,bac-lettres,MATH,Mathématiques,الرياضيات,Mathematics,fr,True,Analyse,domain,,,7,Déterminer le sens de variation d’une fonction à partir de sa représentation graphique.
secondaire,BAC,Baccalauréat (4ème année secondaire),البكالوريا (السنة الرابعة ثانوي),Baccalaureate (4th year of secondary education),LET,Lettres,آداب,Literature,bac-lettres,MATH,Mathématiques,الرياضيات,Mathematics,fr,True,Analyse,domain,,,8,Reconnaître qu’un réel est un extremum d’une fonction.
secondaire,BAC,Baccalauréat (4ème année secondaire),البكالوريا (السنة الرابعة ثانوي),Baccalaureate (4th year of secondary education),LET,Lettres,آداب,Literature,bac-lettres,MATH,Mathématiques,الرياضيات,Mathematics,fr,True,Analyse,domain,,,9,"Représenter graphiquement des fonctions polynômes du premier degré, du second degré, du troisième degré et bicarrées."
secondaire,BAC,Baccalauréat (4ème année secondaire),البكالوريا (السنة الرابعة ثانوي),Baccalaureate (4th year of secondary education),LET,Lettres,آداب,Literature,bac-lettres,MATH,Mathématiques,الرياضيات,Mathematics,fr,True,Analyse,domain,,,10,Représenter graphiquement une fonction du programme.
secondaire,BAC,Baccalauréat (4ème année secondaire),البكالوريا (السنة الرابعة ثانوي),Baccalaureate (4th year of secondary education),LET,Lettres,آداب,Literature,bac-lettres,MATH,Mathématiques,الرياضيات,Mathematics,fr,True,Analyse,domain,,,11,Exploiter ou créer un graphique pour étudier la position relative de deux courbes.
secondaire,BAC,Baccalauréat (4ème année secondaire),البكالوريا (السنة الرابعة ثانوي),Baccalaureate (4th year of secondary education),LET,Lettres,آداب,Literature,bac-lettres,MATH,Mathématiques,الرياضيات,Mathematics,fr,True,Analyse,domain,,,12,Exploiter ou créer une représentation graphique pour déterminer ou estimer les solutions éventuelles d’une équation ou d’une inéquation.
secondaire,BAC,Baccalauréat (4ème année secondaire),البكالوريا (السنة الرابعة ثانوي),Baccalaureate (4th year of secondary education),LET,Lettres,آداب,Literature,bac-lettres,MATH,Mathématiques,الرياضيات,Mathematics,fr,True,Analyse,domain,,,13,Connaître la limite d’une suite arithmétique
secondaire,BAC,Baccalauréat (4ème année secondaire),البكالوريا (السنة الرابعة ثانوي),Baccalaureate (4th year of secondary education),LET,Lettres,آداب,Literature,bac-lettres,MATH,Mathématiques,الرياضيات,Mathematics,fr,True,Analyse,domain,,,14,Connaître la limite d’une suite géométrique
secondaire,BAC,Baccalauréat (4ème année secondaire),البكالوريا (السنة الرابعة ثانوي),Baccalaureate (4th year of secondary education),LET,Lettres,آداب,Literature,bac-lettres,MATH,Mathématiques,الرياضيات,Mathematics,fr,True,Analyse,domain,,,15,Calculer un terme d’une suite récurrente définie par une fonction affine ou homographique.
secondaire,BAC,Baccalauréat (4ème année secondaire),البكالوريا (السنة الرابعة ثانوي),Baccalaureate (4th year of secondary education),LET,Lettres,آداب,Literature,bac-lettres,MATH,Mathématiques,الرياضيات,Mathematics,fr,True,Analyse,domain,,,16,"Représenter graphiquement les points An de coordonnées (n, un), dans le cas où (un)n est une suite récurrente définie par une fonction affine ou homographique."
secondaire,BAC,Baccalauréat (4ème année secondaire),البكالوريا (السنة الرابعة ثانوي),Baccalaureate (4th year of secondary education),LET,Lettres,آداب,Literature,bac-lettres,MATH,Mathématiques,الرياضيات,Mathematics,fr,True,Analyse,domain,,,17,Représenter sur l’un des axes du repère les termes d’une suite récurrente définie par une fonction affine ou homographique.
secondaire,BAC,Baccalauréat (4ème année secondaire),البكالوريا (السنة الرابعة ثانوي),Baccalaureate (4th year of secondary education),LET,Lettres,آداب,Literature,bac-lettres,MATH,Mathématiques,الرياضيات,Mathematics,fr,True,Analyse,domain,,,18,Déterminer la limite éventuelle d’une suite récurrente définie par une fonction affine ou homographique.
secondaire,BAC,Baccalauréat (4ème année secondaire),البكالوريا (السنة الرابعة ثانوي),Baccalaureate (4th year of secondary education),LET,Lettres,آداب,Literature,bac-lettres,MATH,Mathématiques,الرياضيات,Mathematics,fr,True,Analyse,domain,,,19,Les élèves résolvent des problèmes dans des situations mathématiques ou en rapport avec l’environnement faisant appel à des suites ou à des fonctions du programme.
secondaire,BAC,Baccalauréat (4ème année secondaire),البكالوريا (السنة الرابعة ثانوي),Baccalaureate (4th year of secondary education),LET,Lettres,آداب,Literature,bac-lettres,MATH,Mathématiques,الرياضيات,Mathematics,fr,True,Analyse,domain,,,20,"Ils résolvent des problèmes puisés dans des situations réelles pouvant être modélisées par une suite, une équation ou une inéquation du second degré ou une fonction du programme."
secondaire,BAC,Baccalauréat (4ème année secondaire),البكالوريا (السنة الرابعة ثانوي),Baccalaureate (4th year of secondary education),LET,Lettres,آداب,Literature,bac-lettres,MATH,Mathématiques,الرياضيات,Mathematics,fr,True,Analyse,domain,,,21,Ils résolvent des problèmes d’optimisation.
secondaire,BAC,Baccalauréat (4ème année secondaire),البكالوريا (السنة الرابعة ثانوي),Baccalaureate (4th year of secondary education),LET,Lettres,آداب,Literature,bac-lettres,MATH,Mathématiques,الرياضيات,Mathematics,fr,True,Statistiques – Dénombrement – Probabilités,domain,,,22,Résumer une série statistique à un caractère et déterminer ses paramètres de position et de dispersion.
secondaire,BAC,Baccalauréat (4ème année secondaire),البكالوريا (السنة الرابعة ثانوي),Baccalaureate (4th year of secondary education),LET,Lettres,آداب,Literature,bac-lettres,MATH,Mathématiques,الرياضيات,Mathematics,fr,True,Statistiques – Dénombrement – Probabilités,domain,,,23,Interpréter une série statistique ayant une distribution normale.
secondaire,BAC,Baccalauréat (4ème année secondaire),البكالوريا (السنة الرابعة ثانوي),Baccalaureate (4th year of secondary education),LET,Lettres,آداب,Literature,bac-lettres,MATH,Mathématiques,الرياضيات,Mathematics,fr,True,Statistiques – Dénombrement – Probabilités,domain,,,24,Organiser une série statistique à deux caractères dans un tableau à deux entrées et déterminer ses distributions marginales ainsi que leurs paramètres de position et de dispersion.
secondaire,BAC,Baccalauréat (4ème année secondaire),البكالوريا (السنة الرابعة ثانوي),Baccalaureate (4th year of secondary education),LET,Lettres,آداب,Literature,bac-lettres,MATH,Mathématiques,الرياضيات,Mathematics,fr,True,Statistiques – Dénombrement – Probabilités,domain,,,25,Représenter à l’aide d’un nuage de points une série statistique à deux caractères et déterminer son point moyen.
secondaire,BAC,Baccalauréat (4ème année secondaire),البكالوريا (السنة الرابعة ثانوي),Baccalaureate (4th year of secondary education),LET,Lettres,آداب,Literature,bac-lettres,MATH,Mathématiques,الرياضيات,Mathematics,fr,True,Statistiques – Dénombrement – Probabilités,domain,,,26,Déterminer la droite de régression.
secondaire,BAC,Baccalauréat (4ème année secondaire),البكالوريا (السنة الرابعة ثانوي),Baccalaureate (4th year of secondary education),LET,Lettres,آداب,Literature,bac-lettres,MATH,Mathématiques,الرياضيات,Mathematics,fr,True,Statistiques – Dénombrement – Probabilités,domain,,,27,Estimer la probabilité d’un événement à partir de sa fréquence de réalisation.
secondaire,BAC,Baccalauréat (4ème année secondaire),البكالوريا (السنة الرابعة ثانوي),Baccalaureate (4th year of secondary education),LET,Lettres,آداب,Literature,bac-lettres,MATH,Mathématiques,الرياضيات,Mathematics,fr,True,Statistiques – Dénombrement – Probabilités,domain,,,28,"Calculer la probabilité d’un événement dans le cas d’équiprobabilité, ou d’épreuves successives."
secondaire,BAC,Baccalauréat (4ème année secondaire),البكالوريا (السنة الرابعة ثانوي),Baccalaureate (4th year of secondary education),LET,Lettres,آداب,Literature,bac-lettres,MATH,Mathématiques,الرياضيات,Mathematics,fr,True,Statistiques – Dénombrement – Probabilités,domain,,,29,Reconnaître qu’une variable aléatoire suit une loi binomiale.
secondaire,BAC,Baccalauréat (4ème année secondaire),البكالوريا (السنة الرابعة ثانوي),Baccalaureate (4th year of secondary education),LET,Lettres,آداب,Literature,bac-lettres,MATH,Mathématiques,الرياضيات,Mathematics,fr,True,Statistiques – Dénombrement – Probabilités,domain,,,30,Reconnaître qu’une variable aléatoire suit une loi exponentielle.
secondaire,BAC,Baccalauréat (4ème année secondaire),البكالوريا (السنة الرابعة ثانوي),Baccalaureate (4th year of secondary education),LET,Lettres,آداب,Literature,bac-lettres,MATH,Mathématiques,الرياضيات,Mathematics,fr,True,Statistiques – Dénombrement – Probabilités,domain,,,31,Les élèves résolvent des problèmes dans des situations mathématiques ou en rapport avec l’environnement.
secondaire,BAC,Baccalauréat (4ème année secondaire),البكالوريا (السنة الرابعة ثانوي),Baccalaureate (4th year of secondary education),LET,Lettres,آداب,Literature,bac-lettres,MATH,Mathématiques,الرياضيات,Mathematics,fr,True,Statistiques – Dénombrement – Probabilités,domain,,,32,"En particulier, ils résolvent des problèmes puisés dans des situations réelles menant à un modèle statistique ou probabiliste."
secondaire,BAC,Baccalauréat (4ème année secondaire),البكالوريا (السنة الرابعة ثانوي),Baccalaureate (4th year of secondary education),LET,Lettres,آداب,Literature,bac-lettres,SVT,Sciences de la vie et de la terre,علوم الحياة والأرض,Life and earth sciences,fr,True,I- Reproduction humaine et santé,domain,,,1,Expliquer les fonctions du testicule
secondaire,BAC,Baccalauréat (4ème année secondaire),البكالوريا (السنة الرابعة ثانوي),Baccalaureate (4th year of secondary education),LET,Lettres,آداب,Literature,bac-lettres,SVT,Sciences de la vie et de la terre,علوم الحياة والأرض,Life and earth sciences,fr,True,I- Reproduction humaine et santé,domain,,,2,Identifier les structures ovariennes et les étapes de la folliculogenèse et de l’ovogenèse.
secondaire,BAC,Baccalauréat (4ème année secondaire),البكالوريا (السنة الرابعة ثانوي),Baccalaureate (4th year of secondary education),LET,Lettres,آداب,Literature,bac-lettres,SVT,Sciences de la vie et de la terre,علوم الحياة والأرض,Life and earth sciences,fr,True,I- Reproduction humaine et santé,domain,,,3,Expliquer la régulation de la fonction reproductrice chez la femme.
secondaire,BAC,Baccalauréat (4ème année secondaire),البكالوريا (السنة الرابعة ثانوي),Baccalaureate (4th year of secondary education),LET,Lettres,آداب,Literature,bac-lettres,SVT,Sciences de la vie et de la terre,علوم الحياة والأرض,Life and earth sciences,fr,True,I- Reproduction humaine et santé,domain,,,4,Identifier les étapes de la fécondation.
secondaire,BAC,Baccalauréat (4ème année secondaire),البكالوريا (السنة الرابعة ثانوي),Baccalaureate (4th year of secondary education),LET,Lettres,آداب,Literature,bac-lettres,SVT,Sciences de la vie et de la terre,علوم الحياة والأرض,Life and earth sciences,fr,True,I- Reproduction humaine et santé,domain,,,5,Expliquer le mode d’action des moyens contraceptifs chimiques
secondaire,BAC,Baccalauréat (4ème année secondaire),البكالوريا (السنة الرابعة ثانوي),Baccalaureate (4th year of secondary education),LET,Lettres,آداب,Literature,bac-lettres,SVT,Sciences de la vie et de la terre,علوم الحياة والأرض,Life and earth sciences,fr,True,I- Reproduction humaine et santé,domain,,,6,Expliquer les principes de la FIVETE.
secondaire,BAC,Baccalauréat (4ème année secondaire),البكالوريا (السنة الرابعة ثانوي),Baccalaureate (4th year of secondary education),LET,Lettres,آداب,Literature,bac-lettres,SVT,Sciences de la vie et de la terre,علوم الحياة والأرض,Life and earth sciences,fr,True,I- Reproduction humaine et santé,domain,,,7,Pratiquer l’hygiène de la procréation.
secondaire,BAC,Baccalauréat (4ème année secondaire),البكالوريا (السنة الرابعة ثانوي),Baccalaureate (4th year of secondary education),LET,Lettres,آداب,Literature,bac-lettres,SVT,Sciences de la vie et de la terre,علوم الحياة والأرض,Life and earth sciences,fr,True,II- Neurophysiologie et hygiène du système nerveux,domain,,,8,Comprendre l’organisation du tissu nerveux.
secondaire,BAC,Baccalauréat (4ème année secondaire),البكالوريا (السنة الرابعة ثانوي),Baccalaureate (4th year of secondary education),LET,Lettres,آداب,Literature,bac-lettres,SVT,Sciences de la vie et de la terre,علوم الحياة والأرض,Life and earth sciences,fr,True,II- Neurophysiologie et hygiène du système nerveux,domain,,,9,Expliquer les effets nocifs des drogues sur le fonctionnement du système nerveux
secondaire,BAC,Baccalauréat (4ème année secondaire),البكالوريا (السنة الرابعة ثانوي),Baccalaureate (4th year of secondary education),LET,Lettres,آداب,Literature,bac-lettres,SVT,Sciences de la vie et de la terre,علوم الحياة والأرض,Life and earth sciences,fr,True,II- Neurophysiologie et hygiène du système nerveux,domain,,,10,Adopter des comportements de protection du système nerveux.
secondaire,BAC,Baccalauréat (4ème année secondaire),البكالوريا (السنة الرابعة ثانوي),Baccalaureate (4th year of secondary education),LET,Lettres,آداب,Literature,bac-lettres,SVT,Sciences de la vie et de la terre,علوم الحياة والأرض,Life and earth sciences,fr,True,III- L’évolution biologique,domain,,,11,Présenter les preuves de l’évolution
secondaire,BAC,Baccalauréat (4ème année secondaire),البكالوريا (السنة الرابعة ثانوي),Baccalaureate (4th year of secondary education),LET,Lettres,آداب,Literature,bac-lettres,SVT,Sciences de la vie et de la terre,علوم الحياة والأرض,Life and earth sciences,fr,True,III- L’évolution biologique,domain,,,12,Expliquer les mécanismes de l’évolution
secondaire,BAC,Baccalauréat (4ème année secondaire),البكالوريا (السنة الرابعة ثانوي),Baccalaureate (4th year of secondary education),MATH,Mathématiques,رياضيات,Mathematics,bac-mathematiques,MATH,Mathématiques,الرياضيات,Mathematics,fr,False,Analyse,domain,,,1,Reconnaître si une fonction est continue en un réel ou sur un intervalle à partir de son expression algébrique ou d’un graphique.
secondaire,BAC,Baccalauréat (4ème année secondaire),البكالوريا (السنة الرابعة ثانوي),Baccalaureate (4th year of secondary education),MATH,Mathématiques,رياضيات,Mathematics,bac-mathematiques,MATH,Mathématiques,الرياضيات,Mathematics,fr,False,Analyse,domain,,,2,"Déterminer les valeurs exactes ou approchées des extrema d’une fonction continue sur [a,b]."
secondaire,BAC,Baccalauréat (4ème année secondaire),البكالوريا (السنة الرابعة ثانوي),Baccalaureate (4th year of secondary education),MATH,Mathématiques,رياضيات,Mathematics,bac-mathematiques,MATH,Mathématiques,الرياضيات,Mathematics,fr,False,Analyse,domain,,,3,"Déterminer une valeur exacte ou approchée d’une solution d’une équation de la forme f(x) = k , dans le cas où f est une fonction continue sur un intervalle."
secondaire,BAC,Baccalauréat (4ème année secondaire),البكالوريا (السنة الرابعة ثانوي),Baccalaureate (4th year of secondary education),MATH,Mathématiques,رياضيات,Mathematics,bac-mathematiques,MATH,Mathématiques,الرياضيات,Mathematics,fr,False,Analyse,domain,,,4,Déterminer la limite éventuelle d’une fonction du programme en un réel ou à l’infini.
secondaire,BAC,Baccalauréat (4ème année secondaire),البكالوريا (السنة الرابعة ثانوي),Baccalaureate (4th year of secondary education),MATH,Mathématiques,رياضيات,Mathematics,bac-mathematiques,MATH,Mathématiques,الرياضيات,Mathematics,fr,False,Analyse,domain,,,5,Déterminer la limite d’une fonction monotone sur un intervalle aux bornes de l’intervalle.
secondaire,BAC,Baccalauréat (4ème année secondaire),البكالوريا (السنة الرابعة ثانوي),Baccalaureate (4th year of secondary education),MATH,Mathématiques,رياضيات,Mathematics,bac-mathematiques,MATH,Mathématiques,الرياضيات,Mathematics,fr,False,Analyse,domain,,,6,Reconnaître qu'une fonction réalise une bijection.
secondaire,BAC,Baccalauréat (4ème année secondaire),البكالوريا (السنة الرابعة ثانوي),Baccalaureate (4th year of secondary education),MATH,Mathématiques,رياضيات,Mathematics,bac-mathematiques,MATH,Mathématiques,الرياضيات,Mathematics,fr,False,Analyse,domain,,,7,Reconnaître si une fonction du programme est dérivable en un point ou sur un intervalle.
secondaire,BAC,Baccalauréat (4ème année secondaire),البكالوريا (السنة الرابعة ثانوي),Baccalaureate (4th year of secondary education),MATH,Mathématiques,رياضيات,Mathematics,bac-mathematiques,MATH,Mathématiques,الرياضيات,Mathematics,fr,False,Analyse,domain,,,8,Reconnaître que le nombre dérivé d’une fonction en a est la pente de la tangente à la courbe de cette fonction en le point d’abscisse a .
secondaire,BAC,Baccalauréat (4ème année secondaire),البكالوريا (السنة الرابعة ثانوي),Baccalaureate (4th year of secondary education),MATH,Mathématiques,رياضيات,Mathematics,bac-mathematiques,MATH,Mathématiques,الرياضيات,Mathematics,fr,False,Analyse,domain,,,9,Déterminer l’équation de la tangente (ou des demi-tangentes) à une courbe en un point d’abscisse a.
secondaire,BAC,Baccalauréat (4ème année secondaire),البكالوريا (السنة الرابعة ثانوي),Baccalaureate (4th year of secondary education),MATH,Mathématiques,رياضيات,Mathematics,bac-mathematiques,MATH,Mathématiques,الرياضيات,Mathematics,fr,False,Analyse,domain,,,10,Déterminer le nombre dérivé d’une fonction du programme en un réel a connaissant l’équation de la tangente à la courbe représentative de la fonction au point d’abscisse a.
secondaire,BAC,Baccalauréat (4ème année secondaire),البكالوريا (السنة الرابعة ثانوي),Baccalaureate (4th year of secondary education),MATH,Mathématiques,رياضيات,Mathematics,bac-mathematiques,MATH,Mathématiques,الرياضيات,Mathematics,fr,False,Analyse,domain,,,11,Déterminer l’approximation affine d’une fonction du programme au voisinage d’un réel a.
secondaire,BAC,Baccalauréat (4ème année secondaire),البكالوريا (السنة الرابعة ثانوي),Baccalaureate (4th year of secondary education),MATH,Mathématiques,رياضيات,Mathematics,bac-mathematiques,MATH,Mathématiques,الرياضيات,Mathematics,fr,False,Analyse,domain,,,12,Donner une valeur approchée de nombre réel en utilisant l’approximation affine d’une fonction du programme au voisinage d’un réel a.
secondaire,BAC,Baccalauréat (4ème année secondaire),البكالوريا (السنة الرابعة ثانوي),Baccalaureate (4th year of secondary education),MATH,Mathématiques,رياضيات,Mathematics,bac-mathematiques,MATH,Mathématiques,الرياضيات,Mathematics,fr,False,Analyse,domain,,,13,Déterminer la dérivée d’une fonction du programme sur un intervalle en utilisant les opérations sur les fonctions dérivables et les dérivées de fonctions usuelles.
secondaire,BAC,Baccalauréat (4ème année secondaire),البكالوريا (السنة الرابعة ثانوي),Baccalaureate (4th year of secondary education),MATH,Mathématiques,رياضيات,Mathematics,bac-mathematiques,MATH,Mathématiques,الرياضيات,Mathematics,fr,False,Analyse,domain,,,14,Déterminer la dérivée d’une fonction composée.
secondaire,BAC,Baccalauréat (4ème année secondaire),البكالوريا (السنة الرابعة ثانوي),Baccalaureate (4th year of secondary education),MATH,Mathématiques,رياضيات,Mathematics,bac-mathematiques,MATH,Mathématiques,الرياضيات,Mathematics,fr,False,Analyse,domain,,,15,Démontrer des inégalités en utilisant l’inégalité des accroissements finis.
secondaire,BAC,Baccalauréat (4ème année secondaire),البكالوريا (السنة الرابعة ثانوي),Baccalaureate (4th year of secondary education),MATH,Mathématiques,رياضيات,Mathematics,bac-mathematiques,MATH,Mathématiques,الرياضيات,Mathematics,fr,False,Analyse,domain,,,16,Déterminer le sens de variation d’une fonction du programme connaissant le signe de sa dérivée.
secondaire,BAC,Baccalauréat (4ème année secondaire),البكالوريا (السنة الرابعة ثانوي),Baccalaureate (4th year of secondary education),MATH,Mathématiques,رياضيات,Mathematics,bac-mathematiques,MATH,Mathématiques,الرياضيات,Mathematics,fr,False,Analyse,domain,,,17,Déterminer le sens de variation d’une fonction du programme à partir de sa représentation graphique.
secondaire,BAC,Baccalauréat (4ème année secondaire),البكالوريا (السنة الرابعة ثانوي),Baccalaureate (4th year of secondary education),MATH,Mathématiques,رياضيات,Mathematics,bac-mathematiques,MATH,Mathématiques,الرياضيات,Mathematics,fr,False,Analyse,domain,,,18,Reconnaître qu’un réel est un extremum local ou global d’une fonction du programme.
secondaire,BAC,Baccalauréat (4ème année secondaire),البكالوريا (السنة الرابعة ثانوي),Baccalaureate (4th year of secondary education),MATH,Mathématiques,رياضيات,Mathematics,bac-mathematiques,MATH,Mathématiques,الرياضيات,Mathematics,fr,False,Analyse,domain,,,19,Reconnaître un point d’inflexion.
secondaire,BAC,Baccalauréat (4ème année secondaire),البكالوريا (السنة الرابعة ثانوي),Baccalaureate (4th year of secondary education),MATH,Mathématiques,رياضيات,Mathematics,bac-mathematiques,MATH,Mathématiques,الرياضيات,Mathematics,fr,False,Analyse,domain,,,20,Reconnaître qu’un point ou une droite est un centre ou un axe de symétrie d'une courbe.
secondaire,BAC,Baccalauréat (4ème année secondaire),البكالوريا (السنة الرابعة ثانوي),Baccalaureate (4th year of secondary education),MATH,Mathématiques,رياضيات,Mathematics,bac-mathematiques,MATH,Mathématiques,الرياضيات,Mathematics,fr,False,Analyse,domain,,,21,Reconnaître qu’une droite est une asymptote à la courbe représentative d’une fonction du programme.
secondaire,BAC,Baccalauréat (4ème année secondaire),البكالوريا (السنة الرابعة ثانوي),Baccalaureate (4th year of secondary education),MATH,Mathématiques,رياضيات,Mathematics,bac-mathematiques,MATH,Mathématiques,الرياضيات,Mathematics,fr,False,Analyse,domain,,,22,Tracer la courbe représentative de la réciproque d’une fonction donnée.
secondaire,BAC,Baccalauréat (4ème année secondaire),البكالوريا (السنة الرابعة ثانوي),Baccalaureate (4th year of secondary education),MATH,Mathématiques,رياضيات,Mathematics,bac-mathematiques,MATH,Mathématiques,الرياضيات,Mathematics,fr,False,Analyse,domain,,,23,"Tracer une courbe représentative d’une fonction à partir d’une autre en utilisant une transformation plane (translation, symétrie axiale ou centrale) ou une transformation d’écriture menant à un changement de repère."
secondaire,BAC,Baccalauréat (4ème année secondaire),البكالوريا (السنة الرابعة ثانوي),Baccalaureate (4th year of secondary education),MATH,Mathématiques,رياضيات,Mathematics,bac-mathematiques,MATH,Mathématiques,الرياضيات,Mathematics,fr,False,Analyse,domain,,,24,Exploiter ou créer un graphique pour étudier la position relative de deux courbes.
secondaire,BAC,Baccalauréat (4ème année secondaire),البكالوريا (السنة الرابعة ثانوي),Baccalaureate (4th year of secondary education),MATH,Mathématiques,رياضيات,Mathematics,bac-mathematiques,MATH,Mathématiques,الرياضيات,Mathematics,fr,False,Analyse,domain,,,25,Exploiter ou créer une représentation graphique pour déterminer ou estimer les solutions éventuelles d’une équation ou d’une inéquation.
secondaire,BAC,Baccalauréat (4ème année secondaire),البكالوريا (السنة الرابعة ثانوي),Baccalaureate (4th year of secondary education),MATH,Mathématiques,رياضيات,Mathematics,bac-mathematiques,MATH,Mathématiques,الرياضيات,Mathematics,fr,False,Analyse,domain,,,26,Déterminer l’ensemble des primitives d’une fonction continue sur un intervalle I.
secondaire,BAC,Baccalauréat (4ème année secondaire),البكالوريا (السنة الرابعة ثانوي),Baccalaureate (4th year of secondary education),MATH,Mathématiques,رياضيات,Mathematics,bac-mathematiques,MATH,Mathématiques,الرياضيات,Mathematics,fr,False,Analyse,domain,,,27,"Reconnaître qu’une fonction est la primitive d’une fonction continue sur un intervalle I, qui s’annule en un réel a de I."
secondaire,BAC,Baccalauréat (4ème année secondaire),البكالوريا (السنة الرابعة ثانوي),Baccalaureate (4th year of secondary education),MATH,Mathématiques,رياضيات,Mathematics,bac-mathematiques,MATH,Mathématiques,الرياضيات,Mathematics,fr,False,Analyse,domain,,,28,Calculer les primitives des fonctions usuelles.
secondaire,BAC,Baccalauréat (4ème année secondaire),البكالوريا (السنة الرابعة ثانوي),Baccalaureate (4th year of secondary education),MATH,Mathématiques,رياضيات,Mathematics,bac-mathematiques,MATH,Mathématiques,الرياضيات,Mathematics,fr,False,Analyse,domain,,,29,Calculer une intégrale en utilisant une primitive.
secondaire,BAC,Baccalauréat (4ème année secondaire),البكالوريا (السنة الرابعة ثانوي),Baccalaureate (4th year of secondary education),MATH,Mathématiques,رياضيات,Mathematics,bac-mathematiques,MATH,Mathématiques,الرياضيات,Mathematics,fr,False,Analyse,domain,,,30,Calculer une intégrale à l’aide d’intégration par parties.
secondaire,BAC,Baccalauréat (4ème année secondaire),البكالوريا (السنة الرابعة ثانوي),Baccalaureate (4th year of secondary education),MATH,Mathématiques,رياضيات,Mathematics,bac-mathematiques,MATH,Mathématiques,الرياضيات,Mathematics,fr,False,Analyse,domain,,,31,Calculer l'aire d'une partie du plan limitée par des courbes.
secondaire,BAC,Baccalauréat (4ème année secondaire),البكالوريا (السنة الرابعة ثانوي),Baccalaureate (4th year of secondary education),MATH,Mathématiques,رياضيات,Mathematics,bac-mathematiques,MATH,Mathématiques,الرياضيات,Mathematics,fr,False,Analyse,domain,,,32,Démontrer des inégalités en utilisant des intégrales.
secondaire,BAC,Baccalauréat (4ème année secondaire),البكالوريا (السنة الرابعة ثانوي),Baccalaureate (4th year of secondary education),MATH,Mathématiques,رياضيات,Mathematics,bac-mathematiques,MATH,Mathématiques,الرياضيات,Mathematics,fr,False,Analyse,domain,,,33,Donner une valeur approchée d’une intégrale par la méthode des rectangles.
secondaire,BAC,Baccalauréat (4ème année secondaire),البكالوريا (السنة الرابعة ثانوي),Baccalaureate (4th year of secondary education),MATH,Mathématiques,رياضيات,Mathematics,bac-mathematiques,MATH,Mathématiques,الرياضيات,Mathematics,fr,False,Analyse,domain,,,34,Etudier une fonction définie par une intégrale.
secondaire,BAC,Baccalauréat (4ème année secondaire),البكالوريا (السنة الرابعة ثانوي),Baccalaureate (4th year of secondary education),MATH,Mathématiques,رياضيات,Mathematics,bac-mathematiques,MATH,Mathématiques,الرياضيات,Mathematics,fr,False,Analyse,domain,,,35,Résoudre une équation différentielle du programme.
secondaire,BAC,Baccalauréat (4ème année secondaire),البكالوريا (السنة الرابعة ثانوي),Baccalaureate (4th year of secondary education),MATH,Mathématiques,رياضيات,Mathematics,bac-mathematiques,MATH,Mathématiques,الرياضيات,Mathematics,fr,False,Analyse,domain,,,36,Reconnaître qu’un réel est un majorant ou un minorant d’une suite du programme.
secondaire,BAC,Baccalauréat (4ème année secondaire),البكالوريا (السنة الرابعة ثانوي),Baccalaureate (4th year of secondary education),MATH,Mathématiques,رياضيات,Mathematics,bac-mathematiques,MATH,Mathématiques,الرياضيات,Mathematics,fr,False,Analyse,domain,,,37,Etudier les variations d’une suite du programme.
secondaire,BAC,Baccalauréat (4ème année secondaire),البكالوريا (السنة الرابعة ثانوي),Baccalaureate (4th year of secondary education),MATH,Mathématiques,رياضيات,Mathematics,bac-mathematiques,MATH,Mathématiques,الرياضيات,Mathematics,fr,False,Analyse,domain,,,38,"Représenter graphiquement les points An de coordonnées (n, un), dans le cas où (un)n est une suite du type un = f(n) où f est une fonction du programme."
secondaire,BAC,Baccalauréat (4ème année secondaire),البكالوريا (السنة الرابعة ثانوي),Baccalaureate (4th year of secondary education),MATH,Mathématiques,رياضيات,Mathematics,bac-mathematiques,MATH,Mathématiques,الرياضيات,Mathematics,fr,False,Analyse,domain,,,39,Représenter graphiquement une suite récurrente.
secondaire,BAC,Baccalauréat (4ème année secondaire),البكالوريا (السنة الرابعة ثانوي),Baccalaureate (4th year of secondary education),MATH,Mathématiques,رياضيات,Mathematics,bac-mathematiques,MATH,Mathématiques,الرياضيات,Mathematics,fr,False,Analyse,domain,,,40,Etudier la convergence d’une suite du programme.
secondaire,BAC,Baccalauréat (4ème année secondaire),البكالوريا (السنة الرابعة ثانوي),Baccalaureate (4th year of secondary education),MATH,Mathématiques,رياضيات,Mathematics,bac-mathematiques,MATH,Mathématiques,الرياضيات,Mathematics,fr,False,Analyse,domain,,,41,Déterminer une valeur exacte ou approchée de la limite d’une suite convergente.
secondaire,BAC,Baccalauréat (4ème année secondaire),البكالوريا (السنة الرابعة ثانوي),Baccalaureate (4th year of secondary education),MATH,Mathématiques,رياضيات,Mathematics,bac-mathematiques,MATH,Mathématiques,الرياضيات,Mathematics,fr,False,Analyse,domain,,,42,Reconnaître que deux suites sont adjacentes.
secondaire,BAC,Baccalauréat (4ème année secondaire),البكالوريا (السنة الرابعة ثانوي),Baccalaureate (4th year of secondary education),MATH,Mathématiques,رياضيات,Mathematics,bac-mathematiques,MATH,Mathématiques,الرياضيات,Mathematics,fr,False,Analyse,domain,,,43,Les élèves résolvent des problèmes dans des situations mathématiques ou en rapport avec l’environnement faisant appel à des suites ou à des fonctions du programme.
secondaire,BAC,Baccalauréat (4ème année secondaire),البكالوريا (السنة الرابعة ثانوي),Baccalaureate (4th year of secondary education),MATH,Mathématiques,رياضيات,Mathematics,bac-mathematiques,MATH,Mathématiques,الرياضيات,Mathematics,fr,False,Analyse,domain,,,44,Ils résolvent des problèmes puisés dans des situations réelles pouvant être modélisées par une suite ou une fonction du programme ou une équation différentielle.
secondaire,BAC,Baccalauréat (4ème année secondaire),البكالوريا (السنة الرابعة ثانوي),Baccalaureate (4th year of secondary education),MATH,Mathématiques,رياضيات,Mathematics,bac-mathematiques,MATH,Mathématiques,الرياضيات,Mathematics,fr,False,Analyse,domain,,,45,Ils résolvent des problèmes d’optimisation.
secondaire,BAC,Baccalauréat (4ème année secondaire),البكالوريا (السنة الرابعة ثانوي),Baccalaureate (4th year of secondary education),MATH,Mathématiques,رياضيات,Mathematics,bac-mathematiques,MATH,Mathématiques,الرياضيات,Mathematics,fr,False,Géométrie,domain,,,46,Représenter un point connaissant son affixe.
secondaire,BAC,Baccalauréat (4ème année secondaire),البكالوريا (السنة الرابعة ثانوي),Baccalaureate (4th year of secondary education),MATH,Mathématiques,رياضيات,Mathematics,bac-mathematiques,MATH,Mathématiques,الرياضيات,Mathematics,fr,False,Géométrie,domain,,,47,Calculer ou transformer des expressions complexes.
secondaire,BAC,Baccalauréat (4ème année secondaire),البكالوريا (السنة الرابعة ثانوي),Baccalaureate (4th year of secondary education),MATH,Mathématiques,رياضيات,Mathematics,bac-mathematiques,MATH,Mathématiques,الرياضيات,Mathematics,fr,False,Géométrie,domain,,,48,Déterminer le conjugué d’un nombre complexe.
secondaire,BAC,Baccalauréat (4ème année secondaire),البكالوريا (السنة الرابعة ثانوي),Baccalaureate (4th year of secondary education),MATH,Mathématiques,رياضيات,Mathematics,bac-mathematiques,MATH,Mathématiques,الرياضيات,Mathematics,fr,False,Géométrie,domain,,,49,Déterminer le module et un argument d’un nombre complexe.
secondaire,BAC,Baccalauréat (4ème année secondaire),البكالوريا (السنة الرابعة ثانوي),Baccalaureate (4th year of secondary education),MATH,Mathématiques,رياضيات,Mathematics,bac-mathematiques,MATH,Mathématiques,الرياضيات,Mathematics,fr,False,Géométrie,domain,,,50,"Déterminer la forme trigonométrique, exponentielle d’un nombre complexe non nul."
secondaire,BAC,Baccalauréat (4ème année secondaire),البكالوريا (السنة الرابعة ثانوي),Baccalaureate (4th year of secondary education),MATH,Mathématiques,رياضيات,Mathematics,bac-mathematiques,MATH,Mathématiques,الرياضيات,Mathematics,fr,False,Géométrie,domain,,,51,"Repérer un point dans le plan orienté et donner son affixe, ses coordonnées cartésiennes ou ses coordonnées polaires."
secondaire,BAC,Baccalauréat (4ème année secondaire),البكالوريا (السنة الرابعة ثانوي),Baccalaureate (4th year of secondary education),MATH,Mathématiques,رياضيات,Mathematics,bac-mathematiques,MATH,Mathématiques,الرياضيات,Mathematics,fr,False,Géométrie,domain,,,52,Linéariser une expression trigonométrique.
secondaire,BAC,Baccalauréat (4ème année secondaire),البكالوريا (السنة الرابعة ثانوي),Baccalaureate (4th year of secondary education),MATH,Mathématiques,رياضيات,Mathematics,bac-mathematiques,MATH,Mathématiques,الرياضيات,Mathematics,fr,False,Géométrie,domain,,,53,"Donner l’expression complexe d’une translation, d’une homothétie, d’une rotation."
secondaire,BAC,Baccalauréat (4ème année secondaire),البكالوريا (السنة الرابعة ثانوي),Baccalaureate (4th year of secondary education),MATH,Mathématiques,رياضيات,Mathematics,bac-mathematiques,MATH,Mathématiques,الرياضيات,Mathematics,fr,False,Géométrie,domain,,,54,Reconnaître que deux vecteurs sont colinéaires ou orthogonaux.
secondaire,BAC,Baccalauréat (4ème année secondaire),البكالوريا (السنة الرابعة ثانوي),Baccalaureate (4th year of secondary education),MATH,Mathématiques,رياضيات,Mathematics,bac-mathematiques,MATH,Mathématiques,الرياضيات,Mathematics,fr,False,Géométrie,domain,,,55,"Décider de l’alignement de trois points, du parallélisme ou de l’orthogonalité de deux droites"
secondaire,BAC,Baccalauréat (4ème année secondaire),البكالوريا (السنة الرابعة ثانوي),Baccalaureate (4th year of secondary education),MATH,Mathématiques,رياضيات,Mathematics,bac-mathematiques,MATH,Mathématiques,الرياضيات,Mathematics,fr,False,Géométrie,domain,,,56,Déterminer la racine nième d’un nombre complexe.
secondaire,BAC,Baccalauréat (4ème année secondaire),البكالوريا (السنة الرابعة ثانوي),Baccalaureate (4th year of secondary education),MATH,Mathématiques,رياضيات,Mathematics,bac-mathematiques,MATH,Mathématiques,الرياضيات,Mathematics,fr,False,Géométrie,domain,,,57,Résoudre une équation de degré inférieur ou égal à 2 à coefficients complexes.
secondaire,BAC,Baccalauréat (4ème année secondaire),البكالوريا (السنة الرابعة ثانوي),Baccalaureate (4th year of secondary education),MATH,Mathématiques,رياضيات,Mathematics,bac-mathematiques,MATH,Mathématiques,الرياضيات,Mathematics,fr,False,Géométrie,domain,,,58,Résoudre une équation de degré supérieur ou égal à 2 à coefficients complexes.
secondaire,BAC,Baccalauréat (4ème année secondaire),البكالوريا (السنة الرابعة ثانوي),Baccalaureate (4th year of secondary education),MATH,Mathématiques,رياضيات,Mathematics,bac-mathematiques,MATH,Mathématiques,الرياضيات,Mathematics,fr,False,Géométrie,domain,,,59,Représenter dans le plan complexe les solutions d’une équation de degré supérieur ou égal à 2 à coefficients complexes.
secondaire,BAC,Baccalauréat (4ème année secondaire),البكالوريا (السنة الرابعة ثانوي),Baccalaureate (4th year of secondary education),MATH,Mathématiques,رياضيات,Mathematics,bac-mathematiques,MATH,Mathématiques,الرياضيات,Mathematics,fr,False,Géométrie,domain,,,60,"Reconnaître une isométrie ou une similitude à partir de sa décomposition canonique, sa propriété caractéristique ou la transformation complexe associée."
secondaire,BAC,Baccalauréat (4ème année secondaire),البكالوريا (السنة الرابعة ثانوي),Baccalaureate (4th year of secondary education),MATH,Mathématiques,رياضيات,Mathematics,bac-mathematiques,MATH,Mathématiques,الرياضيات,Mathematics,fr,False,Géométrie,domain,,,61,"Déterminer et construire l’image d’un point, d’une droite et d’un cercle par une similitude."
secondaire,BAC,Baccalauréat (4ème année secondaire),البكالوريا (السنة الرابعة ثانوي),Baccalaureate (4th year of secondary education),MATH,Mathématiques,رياضيات,Mathematics,bac-mathematiques,MATH,Mathématiques,الرياضيات,Mathematics,fr,False,Géométrie,domain,,,62,Déterminer la nature et les éléments caractéristiques d’un déplacement et d’un antidéplacement.
secondaire,BAC,Baccalauréat (4ème année secondaire),البكالوريا (السنة الرابعة ثانوي),Baccalaureate (4th year of secondary education),MATH,Mathématiques,رياضيات,Mathematics,bac-mathematiques,MATH,Mathématiques,الرياضيات,Mathematics,fr,False,Géométrie,domain,,,63,Déterminer la forme réduite d’une similitude.
secondaire,BAC,Baccalauréat (4ème année secondaire),البكالوريا (السنة الرابعة ثانوي),Baccalaureate (4th year of secondary education),MATH,Mathématiques,رياضيات,Mathematics,bac-mathematiques,MATH,Mathématiques,الرياضيات,Mathematics,fr,False,Géométrie,domain,,,64,Déterminer les expressions analytiques d’une isométrie et d’une similitude.
secondaire,BAC,Baccalauréat (4ème année secondaire),البكالوريا (السنة الرابعة ثانوي),Baccalaureate (4th year of secondary education),MATH,Mathématiques,رياضيات,Mathematics,bac-mathematiques,MATH,Mathématiques,الرياضيات,Mathematics,fr,False,Géométrie,domain,,,65,Décomposer une isométrie en un produit de symétries orthogonales.
secondaire,BAC,Baccalauréat (4ème année secondaire),البكالوريا (السنة الرابعة ثانوي),Baccalaureate (4th year of secondary education),MATH,Mathématiques,رياضيات,Mathematics,bac-mathematiques,MATH,Mathématiques,الرياضيات,Mathematics,fr,False,Géométrie,domain,,,66,Déterminer la nature et les éléments caractéristiques de la composée de deux isoméries.
secondaire,BAC,Baccalauréat (4ème année secondaire),البكالوريا (السنة الرابعة ثانوي),Baccalaureate (4th year of secondary education),MATH,Mathématiques,رياضيات,Mathematics,bac-mathematiques,MATH,Mathématiques,الرياضيات,Mathematics,fr,False,Géométrie,domain,,,67,Déterminer une équation cartésienne d’une conique dans un repère orthonormé approprié.
secondaire,BAC,Baccalauréat (4ème année secondaire),البكالوريا (السنة الرابعة ثانوي),Baccalaureate (4th year of secondary education),MATH,Mathématiques,رياضيات,Mathematics,bac-mathematiques,MATH,Mathématiques,الرياضيات,Mathematics,fr,False,Géométrie,domain,,,68,Reconnaître une conique à partir de son équation cartésienne.
secondaire,BAC,Baccalauréat (4ème année secondaire),البكالوريا (السنة الرابعة ثانوي),Baccalaureate (4th year of secondary education),MATH,Mathématiques,رياضيات,Mathematics,bac-mathematiques,MATH,Mathématiques,الرياضيات,Mathematics,fr,False,Géométrie,domain,,,69,"Déterminer un foyer, une directrice et l’excentricité d’une conique à partir de son équation cartésienne."
secondaire,BAC,Baccalauréat (4ème année secondaire),البكالوريا (السنة الرابعة ثانوي),Baccalaureate (4th year of secondary education),MATH,Mathématiques,رياضيات,Mathematics,bac-mathematiques,MATH,Mathématiques,الرياضيات,Mathematics,fr,False,Géométrie,domain,,,70,Déterminer les composantes d'un vecteur en utilisant les opérations sur les vecteurs de l’espace.
secondaire,BAC,Baccalauréat (4ème année secondaire),البكالوريا (السنة الرابعة ثانوي),Baccalaureate (4th year of secondary education),MATH,Mathématiques,رياضيات,Mathematics,bac-mathematiques,MATH,Mathématiques,الرياضيات,Mathematics,fr,False,Géométrie,domain,,,71,Reconnaître que trois vecteurs de l’espace forment une base.
secondaire,BAC,Baccalauréat (4ème année secondaire),البكالوريا (السنة الرابعة ثانوي),Baccalaureate (4th year of secondary education),MATH,Mathématiques,رياضيات,Mathematics,bac-mathematiques,MATH,Mathématiques,الرياضيات,Mathematics,fr,False,Géométrie,domain,,,72,"Calculer des grandeurs, déterminer des lieux géométriques et étudier des configurations géométriques en utilisant le produit scalaire et le produit vectoriel dans l’espace."
secondaire,BAC,Baccalauréat (4ème année secondaire),البكالوريا (السنة الرابعة ثانوي),Baccalaureate (4th year of secondary education),MATH,Mathématiques,رياضيات,Mathematics,bac-mathematiques,MATH,Mathématiques,الرياضيات,Mathematics,fr,False,Géométrie,domain,,,73,Déterminer les expressions analytiques d’une translation et d’une homothétie de l’espace.
secondaire,BAC,Baccalauréat (4ème année secondaire),البكالوريا (السنة الرابعة ثانوي),Baccalaureate (4th year of secondary education),MATH,Mathématiques,رياضيات,Mathematics,bac-mathematiques,MATH,Mathématiques,الرياضيات,Mathematics,fr,False,Géométrie,domain,,,74,"Déterminer l’image d’un point, d’une droite d’un plan et d’une sphère par une translation ou une homothétie."
secondaire,BAC,Baccalauréat (4ème année secondaire),البكالوريا (السنة الرابعة ثانوي),Baccalaureate (4th year of secondary education),MATH,Mathématiques,رياضيات,Mathematics,bac-mathematiques,MATH,Mathématiques,الرياضيات,Mathematics,fr,False,Géométrie,domain,,,75,"Déterminer les représentations paramétriques de l’image d’une droite, d’un plan ou d’une sphère par une translation ou une homothétie de l’espace."
secondaire,BAC,Baccalauréat (4ème année secondaire),البكالوريا (السنة الرابعة ثانوي),Baccalaureate (4th year of secondary education),MATH,Mathématiques,رياضيات,Mathematics,bac-mathematiques,MATH,Mathématiques,الرياضيات,Mathematics,fr,False,Géométrie,domain,,,76,"Déterminer une équation cartésienne de l’image d’une droite, d’un plan ou d’une sphère par une translation ou une homothétie de l’espace."
secondaire,BAC,Baccalauréat (4ème année secondaire),البكالوريا (السنة الرابعة ثانوي),Baccalaureate (4th year of secondary education),MATH,Mathématiques,رياضيات,Mathematics,bac-mathematiques,MATH,Mathématiques,الرياضيات,Mathematics,fr,False,Géométrie,domain,,,77,"Calculer des grandeurs, déterminer des lieux géométriques et étudier des configurations géométriques en utilisant les propriétés des translations et les homothéties."
secondaire,BAC,Baccalauréat (4ème année secondaire),البكالوريا (السنة الرابعة ثانوي),Baccalaureate (4th year of secondary education),MATH,Mathématiques,رياضيات,Mathematics,bac-mathematiques,MATH,Mathématiques,الرياضيات,Mathematics,fr,False,Géométrie,domain,,,78,Les élèves résolvent des problèmes dans des situations mathématiques ou en rapport avec l’environnement.
secondaire,BAC,Baccalauréat (4ème année secondaire),البكالوريا (السنة الرابعة ثانوي),Baccalaureate (4th year of secondary education),MATH,Mathématiques,رياضيات,Mathematics,bac-mathematiques,MATH,Mathématiques,الرياضيات,Mathematics,fr,False,Géométrie,domain,,,79,"Ils résolvent des problèmes d’alignement, de concours, de lieu ou métriques."
secondaire,BAC,Baccalauréat (4ème année secondaire),البكالوريا (السنة الرابعة ثانوي),Baccalaureate (4th year of secondary education),MATH,Mathématiques,رياضيات,Mathematics,bac-mathematiques,MATH,Mathématiques,الرياضيات,Mathematics,fr,False,Géométrie,domain,,,80,Ils résolvent des problèmes puisés dans des situations réelles menant à un modèle géométrique.
secondaire,BAC,Baccalauréat (4ème année secondaire),البكالوريا (السنة الرابعة ثانوي),Baccalaureate (4th year of secondary education),MATH,Mathématiques,رياضيات,Mathematics,bac-mathematiques,MATH,Mathématiques,الرياضيات,Mathematics,fr,False,Géométrie,domain,,,81,Ils résolvent des problèmes d’optimisation.
secondaire,BAC,Baccalauréat (4ème année secondaire),البكالوريا (السنة الرابعة ثانوي),Baccalaureate (4th year of secondary education),MATH,Mathématiques,رياضيات,Mathematics,bac-mathematiques,MATH,Mathématiques,الرياضيات,Mathematics,fr,False,Arithmétique,domain,,,82,Exploiter les propriétés de la divisibilité dans ℤ .
secondaire,BAC,Baccalauréat (4ème année secondaire),البكالوريا (السنة الرابعة ثانوي),Baccalaureate (4th year of secondary education),MATH,Mathématiques,رياضيات,Mathematics,bac-mathematiques,MATH,Mathématiques,الرياضيات,Mathematics,fr,False,Arithmétique,domain,,,83,Calculer le quotient et le reste de la division euclidienne dans ℤ .
secondaire,BAC,Baccalauréat (4ème année secondaire),البكالوريا (السنة الرابعة ثانوي),Baccalaureate (4th year of secondary education),MATH,Mathématiques,رياضيات,Mathematics,bac-mathematiques,MATH,Mathématiques,الرياضيات,Mathematics,fr,False,Arithmétique,domain,,,84,Calculer le PGCD et le PPCM de deux entiers relatifs non nuls.
secondaire,BAC,Baccalauréat (4ème année secondaire),البكالوريا (السنة الرابعة ثانوي),Baccalaureate (4th year of secondary education),MATH,Mathématiques,رياضيات,Mathematics,bac-mathematiques,MATH,Mathématiques,الرياضيات,Mathematics,fr,False,Arithmétique,domain,,,85,Exploiter les propriétés de congruence dans ℤ .
secondaire,BAC,Baccalauréat (4ème année secondaire),البكالوريا (السنة الرابعة ثانوي),Baccalaureate (4th year of secondary education),MATH,Mathématiques,رياضيات,Mathematics,bac-mathematiques,MATH,Mathématiques,الرياضيات,Mathematics,fr,False,Arithmétique,domain,,,86,"Reconnaître que deux entiers sont premiers entre eux, en utilisant la relation de Bezout."
secondaire,BAC,Baccalauréat (4ème année secondaire),البكالوريا (السنة الرابعة ثانوي),Baccalaureate (4th year of secondary education),MATH,Mathématiques,رياضيات,Mathematics,bac-mathematiques,MATH,Mathématiques,الرياضيات,Mathematics,fr,False,Arithmétique,domain,,,87,"Résoudre dans ℤ des équations du type : ax + by = c avec a, b et c entiers relatifs."
secondaire,BAC,Baccalauréat (4ème année secondaire),البكالوريا (السنة الرابعة ثانوي),Baccalaureate (4th year of secondary education),MATH,Mathématiques,رياضيات,Mathematics,bac-mathematiques,MATH,Mathématiques,الرياضيات,Mathematics,fr,False,Arithmétique,domain,,,88,Les élèves résolvent des problèmes numériques dans des situations mathématiques ou en rapport avec leur environnement dans des contextes familiers ou non familiers.
secondaire,BAC,Baccalauréat (4ème année secondaire),البكالوريا (السنة الرابعة ثانوي),Baccalaureate (4th year of secondary education),MATH,Mathématiques,رياضيات,Mathematics,bac-mathematiques,MATH,Mathématiques,الرياضيات,Mathematics,fr,False,Arithmétique,domain,,,89,Ils résolvent des problèmes puisés dans des situations réelles menant à un modèle arithmétique.
secondaire,BAC,Baccalauréat (4ème année secondaire),البكالوريا (السنة الرابعة ثانوي),Baccalaureate (4th year of secondary education),MATH,Mathématiques,رياضيات,Mathematics,bac-mathematiques,MATH,Mathématiques,الرياضيات,Mathematics,fr,False,Statistiques - Probabilités,domain,,,90,"Décider, à partir d’un nuage de points, de l’utilité d’un ajustement affine."
secondaire,BAC,Baccalauréat (4ème année secondaire),البكالوريا (السنة الرابعة ثانوي),Baccalaureate (4th year of secondary education),MATH,Mathématiques,رياضيات,Mathematics,bac-mathematiques,MATH,Mathématiques,الرياضيات,Mathematics,fr,False,Statistiques - Probabilités,domain,,,91,Déterminer et tracer une droite de régression.
secondaire,BAC,Baccalauréat (4ème année secondaire),البكالوريا (السنة الرابعة ثانوي),Baccalaureate (4th year of secondary education),MATH,Mathématiques,رياضيات,Mathematics,bac-mathematiques,MATH,Mathématiques,الرياضيات,Mathematics,fr,False,Statistiques - Probabilités,domain,,,92,Calculer la covariance d’une série statistique double.
secondaire,BAC,Baccalauréat (4ème année secondaire),البكالوريا (السنة الرابعة ثانوي),Baccalaureate (4th year of secondary education),MATH,Mathématiques,رياضيات,Mathematics,bac-mathematiques,MATH,Mathématiques,الرياضيات,Mathematics,fr,False,Statistiques - Probabilités,domain,,,93,Calculer le coefficient de corrélation linéaire et interpréter le résultat
secondaire,BAC,Baccalauréat (4ème année secondaire),البكالوريا (السنة الرابعة ثانوي),Baccalaureate (4th year of secondary education),MATH,Mathématiques,رياضيات,Mathematics,bac-mathematiques,MATH,Mathématiques,الرياضيات,Mathematics,fr,False,Statistiques - Probabilités,domain,,,94,Calculer la probabilité d’un événement sachant qu’un autre est réalisé.
secondaire,BAC,Baccalauréat (4ème année secondaire),البكالوريا (السنة الرابعة ثانوي),Baccalaureate (4th year of secondary education),MATH,Mathématiques,رياضيات,Mathematics,bac-mathematiques,MATH,Mathématiques,الرياضيات,Mathematics,fr,False,Statistiques - Probabilités,domain,,,95,Décider de l’indépendance de deux événements.
secondaire,BAC,Baccalauréat (4ème année secondaire),البكالوريا (السنة الرابعة ثانوي),Baccalaureate (4th year of secondary education),MATH,Mathématiques,رياضيات,Mathematics,bac-mathematiques,MATH,Mathématiques,الرياضيات,Mathematics,fr,False,Statistiques - Probabilités,domain,,,96,Calculer la probabilité d’un événement en utilisant la formule de BAYES et/ou la formule des probabilités totales.
secondaire,BAC,Baccalauréat (4ème année secondaire),البكالوريا (السنة الرابعة ثانوي),Baccalaureate (4th year of secondary education),MATH,Mathématiques,رياضيات,Mathematics,bac-mathematiques,MATH,Mathématiques,الرياضيات,Mathematics,fr,False,Statistiques - Probabilités,domain,,,97,Déterminer la loi de probabilité d’une variable aléatoire.
secondaire,BAC,Baccalauréat (4ème année secondaire),البكالوريا (السنة الرابعة ثانوي),Baccalaureate (4th year of secondary education),MATH,Mathématiques,رياضيات,Mathematics,bac-mathematiques,MATH,Mathématiques,الرياضيات,Mathematics,fr,False,Statistiques - Probabilités,domain,,,98,Calculer les caractéristiques d’une variable aléatoire et interpréter les résultats.
secondaire,BAC,Baccalauréat (4ème année secondaire),البكالوريا (السنة الرابعة ثانوي),Baccalaureate (4th year of secondary education),MATH,Mathématiques,رياضيات,Mathematics,bac-mathematiques,MATH,Mathématiques,الرياضيات,Mathematics,fr,False,Statistiques - Probabilités,domain,,,99,Reconnaître un schéma de Bernoulli et en dégager les paramètres.
secondaire,BAC,Baccalauréat (4ème année secondaire),البكالوريا (السنة الرابعة ثانوي),Baccalaureate (4th year of secondary education),MATH,Mathématiques,رياضيات,Mathematics,bac-mathematiques,MATH,Mathématiques,الرياضيات,Mathematics,fr,False,Statistiques - Probabilités,domain,,,100,Déterminer la loi de probabilité d’une épreuve de Bernoulli.
secondaire,BAC,Baccalauréat (4ème année secondaire),البكالوريا (السنة الرابعة ثانوي),Baccalaureate (4th year of secondary education),MATH,Mathématiques,رياضيات,Mathematics,bac-mathematiques,MATH,Mathématiques,الرياضيات,Mathematics,fr,False,Statistiques - Probabilités,domain,,,101,Reconnaître qu’une variable aléatoire suit une loi exponentielle ou une loi uniforme.
secondaire,BAC,Baccalauréat (4ème année secondaire),البكالوريا (السنة الرابعة ثانوي),Baccalaureate (4th year of secondary education),MATH,Mathématiques,رياضيات,Mathematics,bac-mathematiques,MATH,Mathématiques,الرياضيات,Mathematics,fr,False,Statistiques - Probabilités,domain,,,102,Déterminer la fonction de répartition d’une variable aléatoire qui suit une loi exponentielle ou une loi uniforme.
secondaire,BAC,Baccalauréat (4ème année secondaire),البكالوريا (السنة الرابعة ثانوي),Baccalaureate (4th year of secondary education),MATH,Mathématiques,رياضيات,Mathematics,bac-mathematiques,MATH,Mathématiques,الرياضيات,Mathematics,fr,False,Statistiques - Probabilités,domain,,,103,Les élèves résolvent des problèmes dans des situations mathématiques ou en rapport avec l’environnement.
secondaire,BAC,Baccalauréat (4ème année secondaire),البكالوريا (السنة الرابعة ثانوي),Baccalaureate (4th year of secondary education),MATH,Mathématiques,رياضيات,Mathematics,bac-mathematiques,MATH,Mathématiques,الرياضيات,Mathematics,fr,False,Statistiques - Probabilités,domain,,,104,"En particulier, ils résolvent des problèmes puisés dans des situations réelles menant à un modèle statistique ou probabiliste."
secondaire,BAC,Baccalauréat (4ème année secondaire),البكالوريا (السنة الرابعة ثانوي),Baccalaureate (4th year of secondary education),MATH,Mathématiques,رياضيات,Mathematics,bac-mathematiques,PHYS,Sciences physiques,العلوم الفيزيائية,Physical sciences,fr,False,A. PHYSIQUE,topic,"EVOLUTION DE SYSTEMES > I. Evolution de systèmes électriques > I-1. Le condensateur, le dipôle RC",Le condensateur ; le dipôle RC,1,Réaliser un montage permettant de tracer la courbe d’évolution de la charge électrique d’un condensateur au cours du temps.
secondaire,BAC,Baccalauréat (4ème année secondaire),البكالوريا (السنة الرابعة ثانوي),Baccalaureate (4th year of secondary education),MATH,Mathématiques,رياضيات,Mathematics,bac-mathematiques,PHYS,Sciences physiques,العلوم الفيزيائية,Physical sciences,fr,False,A. PHYSIQUE,topic,"EVOLUTION DE SYSTEMES > I. Evolution de systèmes électriques > I-1. Le condensateur, le dipôle RC",Le condensateur ; le dipôle RC,2,Déterminer à l’aide de la courbe de charge d’un condensateur la valeur de la capacité C.
secondaire,BAC,Baccalauréat (4ème année secondaire),البكالوريا (السنة الرابعة ثانوي),Baccalaureate (4th year of secondary education),MATH,Mathématiques,رياضيات,Mathematics,bac-mathematiques,PHYS,Sciences physiques,العلوم الفيزيائية,Physical sciences,fr,False,A. PHYSIQUE,topic,"EVOLUTION DE SYSTEMES > I. Evolution de systèmes électriques > I-1. Le condensateur, le dipôle RC",Le condensateur ; le dipôle RC,3,Reconnaître que l'intensité i du courant est une grandeur algébrique.
secondaire,BAC,Baccalauréat (4ème année secondaire),البكالوريا (السنة الرابعة ثانوي),Baccalaureate (4th year of secondary education),MATH,Mathématiques,رياضيات,Mathematics,bac-mathematiques,PHYS,Sciences physiques,العلوم الفيزيائية,Physical sciences,fr,False,A. PHYSIQUE,topic,"EVOLUTION DE SYSTEMES > I. Evolution de systèmes électriques > I-1. Le condensateur, le dipôle RC",Le condensateur ; le dipôle RC,4,"Etablir l’équation différentielle qui régit la charge instantanée q(t) d’un condensateur, la tension uC(t) à ses bornes et l’intensité i(t) du courant qui parcourt le circuit de charge durant le régime transitoire."
secondaire,BAC,Baccalauréat (4ème année secondaire),البكالوريا (السنة الرابعة ثانوي),Baccalaureate (4th year of secondary education),MATH,Mathématiques,رياضيات,Mathematics,bac-mathematiques,PHYS,Sciences physiques,العلوم الفيزيائية,Physical sciences,fr,False,A. PHYSIQUE,topic,"EVOLUTION DE SYSTEMES > I. Evolution de systèmes électriques > I-1. Le condensateur, le dipôle RC",Le condensateur ; le dipôle RC,5,"Déterminer graphiquement, à partir de la courbe de réponse uC(t) ou i(t) d’un dipôle RC soumis à un échelon de tension, la constante de temps τ = R.C."
secondaire,BAC,Baccalauréat (4ème année secondaire),البكالوريا (السنة الرابعة ثانوي),Baccalaureate (4th year of secondary education),MATH,Mathématiques,رياضيات,Mathematics,bac-mathematiques,PHYS,Sciences physiques,العلوم الفيزيائية,Physical sciences,fr,False,A. PHYSIQUE,topic,"EVOLUTION DE SYSTEMES > I. Evolution de systèmes électriques > I-1. Le condensateur, le dipôle RC",Le condensateur ; le dipôle RC,6,Calculer l’énergie emmagasinée dans un condensateur.
secondaire,BAC,Baccalauréat (4ème année secondaire),البكالوريا (السنة الرابعة ثانوي),Baccalaureate (4th year of secondary education),MATH,Mathématiques,رياضيات,Mathematics,bac-mathematiques,PHYS,Sciences physiques,العلوم الفيزيائية,Physical sciences,fr,False,A. PHYSIQUE,topic,"EVOLUTION DE SYSTEMES > I-2. La bobine, le dipôle RL",La bobine ; le dipôle RL,7,Mettre en évidence expérimentalement le phénomène d’induction électromagnétique.
secondaire,BAC,Baccalauréat (4ème année secondaire),البكالوريا (السنة الرابعة ثانوي),Baccalaureate (4th year of secondary education),MATH,Mathématiques,رياضيات,Mathematics,bac-mathematiques,PHYS,Sciences physiques,العلوم الفيزيائية,Physical sciences,fr,False,A. PHYSIQUE,topic,"EVOLUTION DE SYSTEMES > I-2. La bobine, le dipôle RL",La bobine ; le dipôle RL,8,Appliquer la loi de Lenz.
secondaire,BAC,Baccalauréat (4ème année secondaire),البكالوريا (السنة الرابعة ثانوي),Baccalaureate (4th year of secondary education),MATH,Mathématiques,رياضيات,Mathematics,bac-mathematiques,PHYS,Sciences physiques,العلوم الفيزيائية,Physical sciences,fr,False,A. PHYSIQUE,topic,"EVOLUTION DE SYSTEMES > I-2. La bobine, le dipôle RL",La bobine ; le dipôle RL,9,Reconnaître les facteurs dont dépend la f.e.m. d’auto-induction.
secondaire,BAC,Baccalauréat (4ème année secondaire),البكالوريا (السنة الرابعة ثانوي),Baccalaureate (4th year of secondary education),MATH,Mathématiques,رياضيات,Mathematics,bac-mathematiques,PHYS,Sciences physiques,العلوم الفيزيائية,Physical sciences,fr,False,A. PHYSIQUE,topic,"EVOLUTION DE SYSTEMES > I-2. La bobine, le dipôle RL",La bobine ; le dipôle RL,10,Etablir l’équation différentielle qui régit les variations de i en fonction du temps dans un dipôle RL alimenté soumis à un échelon de tension.
secondaire,BAC,Baccalauréat (4ème année secondaire),البكالوريا (السنة الرابعة ثانوي),Baccalaureate (4th year of secondary education),MATH,Mathématiques,رياضيات,Mathematics,bac-mathematiques,PHYS,Sciences physiques,العلوم الفيزيائية,Physical sciences,fr,False,A. PHYSIQUE,topic,"EVOLUTION DE SYSTEMES > I-2. La bobine, le dipôle RL",La bobine ; le dipôle RL,11,"Déterminer graphiquement, à partir de la courbe de réponse uL(t) ou i(t) d’un dipôle RL soumis à un échelon de tension, la constante de temps τ = L/R."
secondaire,BAC,Baccalauréat (4ème année secondaire),البكالوريا (السنة الرابعة ثانوي),Baccalaureate (4th year of secondary education),MATH,Mathématiques,رياضيات,Mathematics,bac-mathematiques,PHYS,Sciences physiques,العلوم الفيزيائية,Physical sciences,fr,False,A. PHYSIQUE,topic,"EVOLUTION DE SYSTEMES > I-2. La bobine, le dipôle RL",La bobine ; le dipôle RL,12,Calculer l’énergie emmagasinée dans un solénoïde.
secondaire,BAC,Baccalauréat (4ème année secondaire),البكالوريا (السنة الرابعة ثانوي),Baccalaureate (4th year of secondary education),MATH,Mathématiques,رياضيات,Mathematics,bac-mathematiques,PHYS,Sciences physiques,العلوم الفيزيائية,Physical sciences,fr,False,A. PHYSIQUE,topic,EVOLUTION DE SYSTEMES > I-3. Le circuit RLC série,,13,Réaliser un montage permettant de suivre les oscillations libres d’un circuit RLC série.
secondaire,BAC,Baccalauréat (4ème année secondaire),البكالوريا (السنة الرابعة ثانوي),Baccalaureate (4th year of secondary education),MATH,Mathématiques,رياضيات,Mathematics,bac-mathematiques,PHYS,Sciences physiques,العلوم الفيزيائية,Physical sciences,fr,False,A. PHYSIQUE,topic,EVOLUTION DE SYSTEMES > I-3. Le circuit RLC série,,14,Reconnaître le régime pseudopériodique et le régime apériodique.
secondaire,BAC,Baccalauréat (4ème année secondaire),البكالوريا (السنة الرابعة ثانوي),Baccalaureate (4th year of secondary education),MATH,Mathématiques,رياضيات,Mathematics,bac-mathematiques,PHYS,Sciences physiques,العلوم الفيزيائية,Physical sciences,fr,False,A. PHYSIQUE,topic,EVOLUTION DE SYSTEMES > I-3. Le circuit RLC série,,15,Reconnaître le facteur responsable de l’amortissement.
secondaire,BAC,Baccalauréat (4ème année secondaire),البكالوريا (السنة الرابعة ثانوي),Baccalaureate (4th year of secondary education),MATH,Mathématiques,رياضيات,Mathematics,bac-mathematiques,PHYS,Sciences physiques,العلوم الفيزيائية,Physical sciences,fr,False,A. PHYSIQUE,topic,EVOLUTION DE SYSTEMES > I-3. Le circuit RLC série,,16,Etablir l’équation différentielle des oscillations libres d’un circuit RLC série.
secondaire,BAC,Baccalauréat (4ème année secondaire),البكالوريا (السنة الرابعة ثانوي),Baccalaureate (4th year of secondary education),MATH,Mathématiques,رياضيات,Mathematics,bac-mathematiques,PHYS,Sciences physiques,العلوم الفيزيائية,Physical sciences,fr,False,A. PHYSIQUE,topic,EVOLUTION DE SYSTEMES > I-3. Le circuit RLC série,,17,Interpréter la diminution de l’amplitude des oscillations libres amorties par le transfert d’énergie de l’oscillateur vers le milieu extérieur.
secondaire,BAC,Baccalauréat (4ème année secondaire),البكالوريا (السنة الرابعة ثانوي),Baccalaureate (4th year of secondary education),MATH,Mathématiques,رياضيات,Mathematics,bac-mathematiques,PHYS,Sciences physiques,العلوم الفيزيائية,Physical sciences,fr,False,A. PHYSIQUE,topic,EVOLUTION DE SYSTEMES > I-3. Le circuit RLC série,,18,"Distinguer, en régime forcé, le résonateur de l’excitateur."
secondaire,BAC,Baccalauréat (4ème année secondaire),البكالوريا (السنة الرابعة ثانوي),Baccalaureate (4th year of secondary education),MATH,Mathématiques,رياضيات,Mathematics,bac-mathematiques,PHYS,Sciences physiques,العلوم الفيزيائية,Physical sciences,fr,False,A. PHYSIQUE,topic,EVOLUTION DE SYSTEMES > I-3. Le circuit RLC série,,19,Visualiser simultanément à l’oscilloscope la tension excitatrice u(t) et l'intensité du courant i(t).
secondaire,BAC,Baccalauréat (4ème année secondaire),البكالوريا (السنة الرابعة ثانوي),Baccalaureate (4th year of secondary education),MATH,Mathématiques,رياضيات,Mathematics,bac-mathematiques,PHYS,Sciences physiques,العلوم الفيزيائية,Physical sciences,fr,False,A. PHYSIQUE,topic,EVOLUTION DE SYSTEMES > I-3. Le circuit RLC série,,20,Mesurer l’amplitude et la fréquence d’une grandeur oscillante sinusoïdale.
secondaire,BAC,Baccalauréat (4ème année secondaire),البكالوريا (السنة الرابعة ثانوي),Baccalaureate (4th year of secondary education),MATH,Mathématiques,رياضيات,Mathematics,bac-mathematiques,PHYS,Sciences physiques,العلوم الفيزيائية,Physical sciences,fr,False,A. PHYSIQUE,topic,EVOLUTION DE SYSTEMES > I-3. Le circuit RLC série,,21,Déterminer le déphasage entre la tension excitatrice u(t) et l’intensité du courant i(t).
secondaire,BAC,Baccalauréat (4ème année secondaire),البكالوريا (السنة الرابعة ثانوي),Baccalaureate (4th year of secondary education),MATH,Mathématiques,رياضيات,Mathematics,bac-mathematiques,PHYS,Sciences physiques,العلوم الفيزيائية,Physical sciences,fr,False,A. PHYSIQUE,topic,EVOLUTION DE SYSTEMES > I-3. Le circuit RLC série,,22,Mettre en évidence expérimentalement le phénomène de résonance d’intensité.
secondaire,BAC,Baccalauréat (4ème année secondaire),البكالوريا (السنة الرابعة ثانوي),Baccalaureate (4th year of secondary education),MATH,Mathématiques,رياضيات,Mathematics,bac-mathematiques,PHYS,Sciences physiques,العلوم الفيزيائية,Physical sciences,fr,False,A. PHYSIQUE,topic,EVOLUTION DE SYSTEMES > I-3. Le circuit RLC série,,23,Etablir l’expression de l’intensité maximale Im en fonction de la fréquence des excitations de l’oscillateur.
secondaire,BAC,Baccalauréat (4ème année secondaire),البكالوريا (السنة الرابعة ثانوي),Baccalaureate (4th year of secondary education),MATH,Mathématiques,رياضيات,Mathematics,bac-mathematiques,PHYS,Sciences physiques,العلوم الفيزيائية,Physical sciences,fr,False,A. PHYSIQUE,topic,EVOLUTION DE SYSTEMES > I-3. Le circuit RLC série,,24,Calculer la puissance moyenne absorbée par un oscillateur électrique.
secondaire,BAC,Baccalauréat (4ème année secondaire),البكالوريا (السنة الرابعة ثانوي),Baccalaureate (4th year of secondary education),MATH,Mathématiques,رياضيات,Mathematics,bac-mathematiques,PHYS,Sciences physiques,العلوم الفيزيائية,Physical sciences,fr,False,A. PHYSIQUE,topic,EVOLUTION DE SYSTEMES > I-3. Le circuit RLC série,,25,Expliquer l’importance du facteur de puissance dans les transformations de l’énergie électrique.
secondaire,BAC,Baccalauréat (4ème année secondaire),البكالوريا (السنة الرابعة ثانوي),Baccalaureate (4th year of secondary education),MATH,Mathématiques,رياضيات,Mathematics,bac-mathematiques,PHYS,Sciences physiques,العلوم الفيزيائية,Physical sciences,fr,False,A. PHYSIQUE,topic,EVOLUTION DE SYSTEMES > II. Evolution d’un système mécanique : le pendule élastique,,26,Etablir l'équation différentielle des oscillations libres d’un pendule élastique.
secondaire,BAC,Baccalauréat (4ème année secondaire),البكالوريا (السنة الرابعة ثانوي),Baccalaureate (4th year of secondary education),MATH,Mathématiques,رياضيات,Mathematics,bac-mathematiques,PHYS,Sciences physiques,العلوم الفيزيائية,Physical sciences,fr,False,A. PHYSIQUE,topic,EVOLUTION DE SYSTEMES > II. Evolution d’un système mécanique : le pendule élastique,,27,Mesurer la période propre d'un pendule élastique.
secondaire,BAC,Baccalauréat (4ème année secondaire),البكالوريا (السنة الرابعة ثانوي),Baccalaureate (4th year of secondary education),MATH,Mathématiques,رياضيات,Mathematics,bac-mathematiques,PHYS,Sciences physiques,العلوم الفيزيائية,Physical sciences,fr,False,A. PHYSIQUE,topic,EVOLUTION DE SYSTEMES > II. Evolution d’un système mécanique : le pendule élastique,,28,Calculer l'énergie totale d'un pendule élastique en régime libre non amorti.
secondaire,BAC,Baccalauréat (4ème année secondaire),البكالوريا (السنة الرابعة ثانوي),Baccalaureate (4th year of secondary education),MATH,Mathématiques,رياضيات,Mathematics,bac-mathematiques,PHYS,Sciences physiques,العلوم الفيزيائية,Physical sciences,fr,False,A. PHYSIQUE,topic,EVOLUTION DE SYSTEMES > II. Evolution d’un système mécanique : le pendule élastique,,29,"A l'aide d'un enregistrement graphique, reconnaître le régime d'oscillations libres (amorti ou bien non amorti) d'un pendule élastique."
secondaire,BAC,Baccalauréat (4ème année secondaire),البكالوريا (السنة الرابعة ثانوي),Baccalaureate (4th year of secondary education),MATH,Mathématiques,رياضيات,Mathematics,bac-mathematiques,PHYS,Sciences physiques,العلوم الفيزيائية,Physical sciences,fr,False,A. PHYSIQUE,topic,EVOLUTION DE SYSTEMES > II. Evolution d’un système mécanique : le pendule élastique,,30,Expliquer la diminution d'amplitude des oscillations libres amorties d'un pendule élastique par la non conservation de son énergie totale.
secondaire,BAC,Baccalauréat (4ème année secondaire),البكالوريا (السنة الرابعة ثانوي),Baccalaureate (4th year of secondary education),MATH,Mathématiques,رياضيات,Mathematics,bac-mathematiques,PHYS,Sciences physiques,العلوم الفيزيائية,Physical sciences,fr,False,A. PHYSIQUE,topic,EVOLUTION DE SYSTEMES > II. Evolution d’un système mécanique : le pendule élastique,,31,Mettre en évidence la résonance d'élongation d'un pendule élastique.
secondaire,BAC,Baccalauréat (4ème année secondaire),البكالوريا (السنة الرابعة ثانوي),Baccalaureate (4th year of secondary education),MATH,Mathématiques,رياضيات,Mathematics,bac-mathematiques,PHYS,Sciences physiques,العلوم الفيزيائية,Physical sciences,fr,False,A. PHYSIQUE,topic,EVOLUTION DE SYSTEMES > II. Evolution d’un système mécanique : le pendule élastique,,32,Etablir l’expression de l’amplitude Xm des oscillations d'un pendule élastique en fonction de la fréquence N de l’excitateur.
secondaire,BAC,Baccalauréat (4ème année secondaire),البكالوريا (السنة الرابعة ثانوي),Baccalaureate (4th year of secondary education),MATH,Mathématiques,رياضيات,Mathematics,bac-mathematiques,PHYS,Sciences physiques,العلوم الفيزيائية,Physical sciences,fr,False,A. PHYSIQUE,topic,EVOLUTION DE SYSTEMES > II. Evolution d’un système mécanique : le pendule élastique,,33,Utiliser l’analogie formelle pour : - caractériser la résonance de charge dans un circuit RLC série ; - caractériser la résonance de vitesse ; - exprimer la puissance mécanique moyenne d’un oscillateur.
secondaire,BAC,Baccalauréat (4ème année secondaire),البكالوريا (السنة الرابعة ثانوي),Baccalaureate (4th year of secondary education),MATH,Mathématiques,رياضيات,Mathematics,bac-mathematiques,PHYS,Sciences physiques,العلوم الفيزيائية,Physical sciences,fr,False,A. PHYSIQUE,topic,ONDES > I. Ondes mécaniques progressives,Ondes mécaniques progressives,34,Distinguer entre une onde transversale et une onde longitudinale.
secondaire,BAC,Baccalauréat (4ème année secondaire),البكالوريا (السنة الرابعة ثانوي),Baccalaureate (4th year of secondary education),MATH,Mathématiques,رياضيات,Mathematics,bac-mathematiques,PHYS,Sciences physiques,العلوم الفيزيائية,Physical sciences,fr,False,A. PHYSIQUE,topic,ONDES > I. Ondes mécaniques progressives,Ondes mécaniques progressives,35,Reconnaître que la propagation d’une onde est due à une propagation d’énergie sans transport de matière.
secondaire,BAC,Baccalauréat (4ème année secondaire),البكالوريا (السنة الرابعة ثانوي),Baccalaureate (4th year of secondary education),MATH,Mathématiques,رياضيات,Mathematics,bac-mathematiques,PHYS,Sciences physiques,العلوم الفيزيائية,Physical sciences,fr,False,A. PHYSIQUE,topic,ONDES > I. Ondes mécaniques progressives,Ondes mécaniques progressives,36,Réaliser une expérience illustrant la propagation d’une onde sinusoïdale dans un milieu homogène et isotrope.
secondaire,BAC,Baccalauréat (4ème année secondaire),البكالوريا (السنة الرابعة ثانوي),Baccalaureate (4th year of secondary education),MATH,Mathématiques,رياضيات,Mathematics,bac-mathematiques,PHYS,Sciences physiques,العلوم الفيزيائية,Physical sciences,fr,False,A. PHYSIQUE,topic,ONDES > I. Ondes mécaniques progressives,Ondes mécaniques progressives,37,"Identifier, dans un milieu de propagation donné, les propriétés dont dépend la célérité d’une onde."
secondaire,BAC,Baccalauréat (4ème année secondaire),البكالوريا (السنة الرابعة ثانوي),Baccalaureate (4th year of secondary education),MATH,Mathématiques,رياضيات,Mathematics,bac-mathematiques,PHYS,Sciences physiques,العلوم الفيزيائية,Physical sciences,fr,False,A. PHYSIQUE,topic,ONDES > I. Ondes mécaniques progressives,Ondes mécaniques progressives,38,Etablir l'équation horaire du mouvement d'un point donné du milieu de propagation connaissant celle de la source d'onde progressive et représenter graphiquement le diagramme du mouvement de ce point.
secondaire,BAC,Baccalauréat (4ème année secondaire),البكالوريا (السنة الرابعة ثانوي),Baccalaureate (4th year of secondary education),MATH,Mathématiques,رياضيات,Mathematics,bac-mathematiques,PHYS,Sciences physiques,العلوم الفيزيائية,Physical sciences,fr,False,A. PHYSIQUE,topic,ONDES > I. Ondes mécaniques progressives,Ondes mécaniques progressives,39,"Représenter graphiquement l'aspect, à un instant donné, du milieu (ou d'une coupe du milieu) de propagation d'une onde progressive."
secondaire,BAC,Baccalauréat (4ème année secondaire),البكالوريا (السنة الرابعة ثانوي),Baccalaureate (4th year of secondary education),MATH,Mathématiques,رياضيات,Mathematics,bac-mathematiques,PHYS,Sciences physiques,العلوم الفيزيائية,Physical sciences,fr,False,A. PHYSIQUE,topic,ONDES > I. Ondes mécaniques progressives,Ondes mécaniques progressives,40,Reconnaître la double périodicité d’une onde sinusoïdale.
secondaire,BAC,Baccalauréat (4ème année secondaire),البكالوريا (السنة الرابعة ثانوي),Baccalaureate (4th year of secondary education),MATH,Mathématiques,رياضيات,Mathematics,bac-mathematiques,PHYS,Sciences physiques,العلوم الفيزيائية,Physical sciences,fr,False,A. PHYSIQUE,topic,ONDES > II. Interactions onde-matière,,41,Justifier le caractère ondulatoire de la lumière à partir des expériences de diffraction d’ondes mécaniques et d’ondes lumineuses.
secondaire,BAC,Baccalauréat (4ème année secondaire),البكالوريا (السنة الرابعة ثانوي),Baccalaureate (4th year of secondary education),MATH,Mathématiques,رياضيات,Mathematics,bac-mathematiques,PHYS,Sciences physiques,العلوم الفيزيائية,Physical sciences,fr,False,A. PHYSIQUE,topic,ONDES > II. Interactions onde-matière,,42,"Préciser l'influence, sur le phénomène de diffraction, du quotient λ/a (λ étant la longueur d'onde et a la largeur de la fente)."
secondaire,BAC,Baccalauréat (4ème année secondaire),البكالوريا (السنة الرابعة ثانوي),Baccalaureate (4th year of secondary education),MATH,Mathématiques,رياضيات,Mathematics,bac-mathematiques,PHYS,Sciences physiques,العلوم الفيزيائية,Physical sciences,fr,False,A. PHYSIQUE,topic,ONDES > II. Interactions onde-matière,,43,"Réaliser des expériences de réflexion, de réfraction et de dispersion d'ondes mécaniques."
secondaire,BAC,Baccalauréat (4ème année secondaire),البكالوريا (السنة الرابعة ثانوي),Baccalaureate (4th year of secondary education),MATH,Mathématiques,رياضيات,Mathematics,bac-mathematiques,PHYS,Sciences physiques,العلوم الفيزيائية,Physical sciences,fr,False,A. PHYSIQUE,topic,ONDES > II. Interactions onde-matière,,44,Montrer qu’une lumière blanche est constituée d'une infinité de radiations monochromatiques.
secondaire,BAC,Baccalauréat (4ème année secondaire),البكالوريا (السنة الرابعة ثانوي),Baccalaureate (4th year of secondary education),MATH,Mathématiques,رياضيات,Mathematics,bac-mathematiques,PHYS,Sciences physiques,العلوم الفيزيائية,Physical sciences,fr,False,A. PHYSIQUE,topic,ONDES > II. Interactions onde-matière,,45,Distinguer un milieu dispersif d'un milieu non dispersif.
secondaire,BAC,Baccalauréat (4ème année secondaire),البكالوريا (السنة الرابعة ثانوي),Baccalaureate (4th year of secondary education),MATH,Mathématiques,رياضيات,Mathematics,bac-mathematiques,PHYS,Sciences physiques,العلوم الفيزيائية,Physical sciences,fr,False,A. PHYSIQUE,topic,PHYSIQUE ATOMIQUE ET NUCLEAIRE,Physique atomique et nucléaire,46,Décrire une expérience montrant que l’énergie de l’atome est quantifiée.
secondaire,BAC,Baccalauréat (4ème année secondaire),البكالوريا (السنة الرابعة ثانوي),Baccalaureate (4th year of secondary education),MATH,Mathématiques,رياضيات,Mathematics,bac-mathematiques,PHYS,Sciences physiques,العلوم الفيزيائية,Physical sciences,fr,False,A. PHYSIQUE,topic,PHYSIQUE ATOMIQUE ET NUCLEAIRE,Physique atomique et nucléaire,47,Calculer l’énergie de l’atome d’hydrogène en joules et en électrons-volts.
secondaire,BAC,Baccalauréat (4ème année secondaire),البكالوريا (السنة الرابعة ثانوي),Baccalaureate (4th year of secondary education),MATH,Mathématiques,رياضيات,Mathematics,bac-mathematiques,PHYS,Sciences physiques,العلوم الفيزيائية,Physical sciences,fr,False,A. PHYSIQUE,topic,PHYSIQUE ATOMIQUE ET NUCLEAIRE,Physique atomique et nucléaire,48,Distinguer un spectre d’émission d’un spectre d’absorption.
secondaire,BAC,Baccalauréat (4ème année secondaire),البكالوريا (السنة الرابعة ثانوي),Baccalaureate (4th year of secondary education),MATH,Mathématiques,رياضيات,Mathematics,bac-mathematiques,PHYS,Sciences physiques,العلوم الفيزيائية,Physical sciences,fr,False,A. PHYSIQUE,topic,PHYSIQUE ATOMIQUE ET NUCLEAIRE,Physique atomique et nucléaire,49,Appliquer la relation ∆E = h.ν
secondaire,BAC,Baccalauréat (4ème année secondaire),البكالوريا (السنة الرابعة ثانوي),Baccalaureate (4th year of secondary education),MATH,Mathématiques,رياضيات,Mathematics,bac-mathematiques,PHYS,Sciences physiques,العلوم الفيزيائية,Physical sciences,fr,False,A. PHYSIQUE,topic,PHYSIQUE ATOMIQUE ET NUCLEAIRE,Physique atomique et nucléaire,50,Identifier un élément chimique à partir de son spectre d’émission ou d’absorption.
secondaire,BAC,Baccalauréat (4ème année secondaire),البكالوريا (السنة الرابعة ثانوي),Baccalaureate (4th year of secondary education),MATH,Mathématiques,رياضيات,Mathematics,bac-mathematiques,PHYS,Sciences physiques,العلوم الفيزيائية,Physical sciences,fr,False,A. PHYSIQUE,topic,PHYSIQUE ATOMIQUE ET NUCLEAIRE,Physique atomique et nucléaire,51,Utiliser le spectre de la lumière émise par une étoile pour reconnaître certains de ses constituants.
secondaire,BAC,Baccalauréat (4ème année secondaire),البكالوريا (السنة الرابعة ثانوي),Baccalaureate (4th year of secondary education),MATH,Mathématiques,رياضيات,Mathematics,bac-mathematiques,PHYS,Sciences physiques,العلوم الفيزيائية,Physical sciences,fr,False,A. PHYSIQUE,topic,PHYSIQUE ATOMIQUE ET NUCLEAIRE,Physique atomique et nucléaire,52,Ecrire le symbole d'un noyau atomique connaissant sa composition et inversement.
secondaire,BAC,Baccalauréat (4ème année secondaire),البكالوريا (السنة الرابعة ثانوي),Baccalaureate (4th year of secondary education),MATH,Mathématiques,رياضيات,Mathematics,bac-mathematiques,PHYS,Sciences physiques,العلوم الفيزيائية,Physical sciences,fr,False,A. PHYSIQUE,topic,PHYSIQUE ATOMIQUE ET NUCLEAIRE,Physique atomique et nucléaire,53,"Evaluer, en joules et en MeV, l'énergie mise en jeu au cours d'une transformation nucléaire."
secondaire,BAC,Baccalauréat (4ème année secondaire),البكالوريا (السنة الرابعة ثانوي),Baccalaureate (4th year of secondary education),MATH,Mathématiques,رياضيات,Mathematics,bac-mathematiques,PHYS,Sciences physiques,العلوم الفيزيائية,Physical sciences,fr,False,A. PHYSIQUE,topic,PHYSIQUE ATOMIQUE ET NUCLEAIRE,Physique atomique et nucléaire,54,"Evaluer en u et en MeV.c⁻², le défaut de masse résultant de la formation d'un noyau."
secondaire,BAC,Baccalauréat (4ème année secondaire),البكالوريا (السنة الرابعة ثانوي),Baccalaureate (4th year of secondary education),MATH,Mathématiques,رياضيات,Mathematics,bac-mathematiques,PHYS,Sciences physiques,العلوم الفيزيائية,Physical sciences,fr,False,A. PHYSIQUE,topic,PHYSIQUE ATOMIQUE ET NUCLEAIRE,Physique atomique et nucléaire,55,Calculer l'énergie de liaison d'un noyau et son énergie de liaison par nucléon.
secondaire,BAC,Baccalauréat (4ème année secondaire),البكالوريا (السنة الرابعة ثانوي),Baccalaureate (4th year of secondary education),MATH,Mathématiques,رياضيات,Mathematics,bac-mathematiques,PHYS,Sciences physiques,العلوم الفيزيائية,Physical sciences,fr,False,A. PHYSIQUE,topic,PHYSIQUE ATOMIQUE ET NUCLEAIRE,Physique atomique et nucléaire,56,"Comparer la stabilité de deux ou de plusieurs noyaux, connaissant la valeur de leur énergie de liaison par nucléon."
secondaire,BAC,Baccalauréat (4ème année secondaire),البكالوريا (السنة الرابعة ثانوي),Baccalaureate (4th year of secondary education),MATH,Mathématiques,رياضيات,Mathematics,bac-mathematiques,PHYS,Sciences physiques,العلوم الفيزيائية,Physical sciences,fr,False,A. PHYSIQUE,topic,PHYSIQUE ATOMIQUE ET NUCLEAIRE > III. Réactions nucléaires,Réactions nucléaires,57,Justifier l'émission de rayonnements radioactifs.
secondaire,BAC,Baccalauréat (4ème année secondaire),البكالوريا (السنة الرابعة ثانوي),Baccalaureate (4th year of secondary education),MATH,Mathématiques,رياضيات,Mathematics,bac-mathematiques,PHYS,Sciences physiques,العلوم الفيزيائية,Physical sciences,fr,False,A. PHYSIQUE,topic,PHYSIQUE ATOMIQUE ET NUCLEAIRE > III. Réactions nucléaires,Réactions nucléaires,58,Ecrire les équations des réactions nucléaires spontanées.
secondaire,BAC,Baccalauréat (4ème année secondaire),البكالوريا (السنة الرابعة ثانوي),Baccalaureate (4th year of secondary education),MATH,Mathématiques,رياضيات,Mathematics,bac-mathematiques,PHYS,Sciences physiques,العلوم الفيزيائية,Physical sciences,fr,False,A. PHYSIQUE,topic,PHYSIQUE ATOMIQUE ET NUCLEAIRE > III. Réactions nucléaires,Réactions nucléaires,59,Appliquer la loi de désintégration pour des durées multiples de la période d'un radioélément.
secondaire,BAC,Baccalauréat (4ème année secondaire),البكالوريا (السنة الرابعة ثانوي),Baccalaureate (4th year of secondary education),MATH,Mathématiques,رياضيات,Mathematics,bac-mathematiques,PHYS,Sciences physiques,العلوم الفيزيائية,Physical sciences,fr,False,A. PHYSIQUE,topic,PHYSIQUE ATOMIQUE ET NUCLEAIRE > III. Réactions nucléaires,Réactions nucléaires,60,Calculer l'activité d'un échantillon radioactif.
secondaire,BAC,Baccalauréat (4ème année secondaire),البكالوريا (السنة الرابعة ثانوي),Baccalaureate (4th year of secondary education),MATH,Mathématiques,رياضيات,Mathematics,bac-mathematiques,PHYS,Sciences physiques,العلوم الفيزيائية,Physical sciences,fr,False,A. PHYSIQUE,topic,PHYSIQUE ATOMIQUE ET NUCLEAIRE > III. Réactions nucléaires,Réactions nucléaires,61,Distinguer les réactions nucléaires spontanées des réactions nucléaires provoquées.
secondaire,BAC,Baccalauréat (4ème année secondaire),البكالوريا (السنة الرابعة ثانوي),Baccalaureate (4th year of secondary education),MATH,Mathématiques,رياضيات,Mathematics,bac-mathematiques,PHYS,Sciences physiques,العلوم الفيزيائية,Physical sciences,fr,False,A. PHYSIQUE,topic,PHYSIQUE ATOMIQUE ET NUCLEAIRE > III. Réactions nucléaires,Réactions nucléaires,62,Distinguer la fission de la fusion nucléaire.
secondaire,BAC,Baccalauréat (4ème année secondaire),البكالوريا (السنة الرابعة ثانوي),Baccalaureate (4th year of secondary education),MATH,Mathématiques,رياضيات,Mathematics,bac-mathematiques,PHYS,Sciences physiques,العلوم الفيزيائية,Physical sciences,fr,False,A. PHYSIQUE,topic,PHYSIQUE ATOMIQUE ET NUCLEAIRE > III. Réactions nucléaires,Réactions nucléaires,63,Ecrire les équations des réactions nucléaires provoquées.
secondaire,BAC,Baccalauréat (4ème année secondaire),البكالوريا (السنة الرابعة ثانوي),Baccalaureate (4th year of secondary education),MATH,Mathématiques,رياضيات,Mathematics,bac-mathematiques,PHYS,Sciences physiques,العلوم الفيزيائية,Physical sciences,fr,False,A. PHYSIQUE,topic,PHYSIQUE ATOMIQUE ET NUCLEAIRE > III. Réactions nucléaires,Réactions nucléaires,64,Justifier la variation d'énergie accompagnant la fission et la fusion nucléaires.
secondaire,BAC,Baccalauréat (4ème année secondaire),البكالوريا (السنة الرابعة ثانوي),Baccalaureate (4th year of secondary education),MATH,Mathématiques,رياضيات,Mathematics,bac-mathematiques,PHYS,Sciences physiques,العلوم الفيزيائية,Physical sciences,fr,False,A. PHYSIQUE,topic,PHYSIQUE ATOMIQUE ET NUCLEAIRE > III. Réactions nucléaires,Réactions nucléaires,65,Evaluer l'énergie libérée au cours des réactions nucléaires de fission et de fusion.
secondaire,BAC,Baccalauréat (4ème année secondaire),البكالوريا (السنة الرابعة ثانوي),Baccalaureate (4th year of secondary education),MATH,Mathématiques,رياضيات,Mathematics,bac-mathematiques,PHYS,Sciences physiques,العلوم الفيزيائية,Physical sciences,fr,False,B. CHIMIE,topic,CINETIQUE CHIMIQUE,Cinétique chimique,66,Calculer l’avancement d’une réaction.
secondaire,BAC,Baccalauréat (4ème année secondaire),البكالوريا (السنة الرابعة ثانوي),Baccalaureate (4th year of secondary education),MATH,Mathématiques,رياضيات,Mathematics,bac-mathematiques,PHYS,Sciences physiques,العلوم الفيزيائية,Physical sciences,fr,False,B. CHIMIE,topic,CINETIQUE CHIMIQUE,Cinétique chimique,67,Calculer la vitesse moyenne.
secondaire,BAC,Baccalauréat (4ème année secondaire),البكالوريا (السنة الرابعة ثانوي),Baccalaureate (4th year of secondary education),MATH,Mathématiques,رياضيات,Mathematics,bac-mathematiques,PHYS,Sciences physiques,العلوم الفيزيائية,Physical sciences,fr,False,B. CHIMIE,topic,CINETIQUE CHIMIQUE,Cinétique chimique,68,Déterminer graphiquement la vitesse instantanée d’une réaction chimique.
secondaire,BAC,Baccalauréat (4ème année secondaire),البكالوريا (السنة الرابعة ثانوي),Baccalaureate (4th year of secondary education),MATH,Mathématiques,رياضيات,Mathematics,bac-mathematiques,PHYS,Sciences physiques,العلوم الفيزيائية,Physical sciences,fr,False,B. CHIMIE,topic,CINETIQUE CHIMIQUE,Cinétique chimique,69,Distinguer la différence entre catalyseur et réactif.
secondaire,BAC,Baccalauréat (4ème année secondaire),البكالوريا (السنة الرابعة ثانوي),Baccalaureate (4th year of secondary education),MATH,Mathématiques,رياضيات,Mathematics,bac-mathematiques,PHYS,Sciences physiques,العلوم الفيزيائية,Physical sciences,fr,False,B. CHIMIE,topic,CINETIQUE CHIMIQUE,Cinétique chimique,70,Reconnaître les principaux facteurs cinétiques.
secondaire,BAC,Baccalauréat (4ème année secondaire),البكالوريا (السنة الرابعة ثانوي),Baccalaureate (4th year of secondary education),MATH,Mathématiques,رياضيات,Mathematics,bac-mathematiques,PHYS,Sciences physiques,العلوم الفيزيائية,Physical sciences,fr,False,B. CHIMIE,topic,EQUILIBRES CHIMIQUES,Équilibre chimique,71,Calculer l’avancement maximal d’une réaction.
secondaire,BAC,Baccalauréat (4ème année secondaire),البكالوريا (السنة الرابعة ثانوي),Baccalaureate (4th year of secondary education),MATH,Mathématiques,رياضيات,Mathematics,bac-mathematiques,PHYS,Sciences physiques,العلوم الفيزيائية,Physical sciences,fr,False,B. CHIMIE,topic,EQUILIBRES CHIMIQUES,Équilibre chimique,72,Calculer le taux d’avancement maximal d’une réaction chimique.
secondaire,BAC,Baccalauréat (4ème année secondaire),البكالوريا (السنة الرابعة ثانوي),Baccalaureate (4th year of secondary education),MATH,Mathématiques,رياضيات,Mathematics,bac-mathematiques,PHYS,Sciences physiques,العلوم الفيزيائية,Physical sciences,fr,False,B. CHIMIE,topic,EQUILIBRES CHIMIQUES,Équilibre chimique,73,Déterminer le caractère total ou limité d’une réaction.
secondaire,BAC,Baccalauréat (4ème année secondaire),البكالوريا (السنة الرابعة ثانوي),Baccalaureate (4th year of secondary education),MATH,Mathématiques,رياضيات,Mathematics,bac-mathematiques,PHYS,Sciences physiques,العلوم الفيزيائية,Physical sciences,fr,False,B. CHIMIE,topic,EQUILIBRES CHIMIQUES,Équilibre chimique,74,Faire l’étude expérimentale quantitative de la réaction d’estérification.
secondaire,BAC,Baccalauréat (4ème année secondaire),البكالوريا (السنة الرابعة ثانوي),Baccalaureate (4th year of secondary education),MATH,Mathématiques,رياضيات,Mathematics,bac-mathematiques,PHYS,Sciences physiques,العلوم الفيزيائية,Physical sciences,fr,False,B. CHIMIE,topic,EQUILIBRES CHIMIQUES,Équilibre chimique,75,Reconnaître un système en état d’équilibre chimique.
secondaire,BAC,Baccalauréat (4ème année secondaire),البكالوريا (السنة الرابعة ثانوي),Baccalaureate (4th year of secondary education),MATH,Mathématiques,رياضيات,Mathematics,bac-mathematiques,PHYS,Sciences physiques,العلوم الفيزيائية,Physical sciences,fr,False,B. CHIMIE,topic,EQUILIBRES CHIMIQUES,Équilibre chimique,76,Appliquer la loi d’action de masse.
secondaire,BAC,Baccalauréat (4ème année secondaire),البكالوريا (السنة الرابعة ثانوي),Baccalaureate (4th year of secondary education),MATH,Mathématiques,رياضيات,Mathematics,bac-mathematiques,PHYS,Sciences physiques,العلوم الفيزيائية,Physical sciences,fr,False,B. CHIMIE,topic,EQUILIBRES CHIMIQUES,Équilibre chimique,77,Prévoir le sens d’évolution d’un système chimique vers un état d’équilibre.
secondaire,BAC,Baccalauréat (4ème année secondaire),البكالوريا (السنة الرابعة ثانوي),Baccalaureate (4th year of secondary education),MATH,Mathématiques,رياضيات,Mathematics,bac-mathematiques,PHYS,Sciences physiques,العلوم الفيزيائية,Physical sciences,fr,False,B. CHIMIE,topic,EQUILIBRES CHIMIQUES,Équilibre chimique,78,Appliquer la loi de modération pour prévoir le sens d’évolution d’un système chimique d’un état d’équilibre à un autre.
secondaire,BAC,Baccalauréat (4ème année secondaire),البكالوريا (السنة الرابعة ثانوي),Baccalaureate (4th year of secondary education),MATH,Mathématiques,رياضيات,Mathematics,bac-mathematiques,PHYS,Sciences physiques,العلوم الفيزيائية,Physical sciences,fr,False,B. CHIMIE,topic,REACTIONS ACIDES-BASES,Les réactions acide-base,79,Appliquer la loi d’action de masse à l’équilibre ionique de l’eau et aux réactions acide-base d’une manière générale.
secondaire,BAC,Baccalauréat (4ème année secondaire),البكالوريا (السنة الرابعة ثانوي),Baccalaureate (4th year of secondary education),MATH,Mathématiques,رياضيات,Mathematics,bac-mathematiques,PHYS,Sciences physiques,العلوم الفيزيائية,Physical sciences,fr,False,B. CHIMIE,topic,REACTIONS ACIDES-BASES,Les réactions acide-base,80,Classer les acides et les bases en fonction de leur constante d’acidité Ka ou de basicité Kb .
secondaire,BAC,Baccalauréat (4ème année secondaire),البكالوريا (السنة الرابعة ثانوي),Baccalaureate (4th year of secondary education),MATH,Mathématiques,رياضيات,Mathematics,bac-mathematiques,PHYS,Sciences physiques,العلوم الفيزيائية,Physical sciences,fr,False,B. CHIMIE,topic,REACTIONS ACIDES-BASES,Les réactions acide-base,81,Etablir pour un couple acide-base la relation Ka.Kb = Ke .
secondaire,BAC,Baccalauréat (4ème année secondaire),البكالوريا (السنة الرابعة ثانوي),Baccalaureate (4th year of secondary education),MATH,Mathématiques,رياضيات,Mathematics,bac-mathematiques,PHYS,Sciences physiques,العلوم الفيزيائية,Physical sciences,fr,False,B. CHIMIE,topic,REACTIONS ACIDES-BASES,Les réactions acide-base,82,Utiliser le couple de référence H3O+/ H2O pour comparer les forces des couples acide-base entre eux.
secondaire,BAC,Baccalauréat (4ème année secondaire),البكالوريا (السنة الرابعة ثانوي),Baccalaureate (4th year of secondary education),MATH,Mathématiques,رياضيات,Mathematics,bac-mathematiques,PHYS,Sciences physiques,العلوم الفيزيائية,Physical sciences,fr,False,B. CHIMIE,topic,REACTIONS ACIDES-BASES,Les réactions acide-base,83,Etablir l’expression du pH d’une solution aqueuse d’acide fort ou de base forte en fonction de sa concentration initiale.
secondaire,BAC,Baccalauréat (4ème année secondaire),البكالوريا (السنة الرابعة ثانوي),Baccalaureate (4th year of secondary education),MATH,Mathématiques,رياضيات,Mathematics,bac-mathematiques,PHYS,Sciences physiques,العلوم الفيزيائية,Physical sciences,fr,False,B. CHIMIE,topic,REACTIONS ACIDES-BASES,Les réactions acide-base,84,Etablir l’expression du pH d’une solution aqueuse d’acide faible ou de base faible en fonction de sa concentration initiale et de la constante d’acidité.
secondaire,BAC,Baccalauréat (4ème année secondaire),البكالوريا (السنة الرابعة ثانوي),Baccalaureate (4th year of secondary education),MATH,Mathématiques,رياضيات,Mathematics,bac-mathematiques,PHYS,Sciences physiques,العلوم الفيزيائية,Physical sciences,fr,False,B. CHIMIE,topic,REACTIONS ACIDES-BASES,Les réactions acide-base,85,Appliquer l’expression du pH d’une solution aqueuse d’acide ou de base au calcul des concentrations initiales.
secondaire,BAC,Baccalauréat (4ème année secondaire),البكالوريا (السنة الرابعة ثانوي),Baccalaureate (4th year of secondary education),MATH,Mathématiques,رياضيات,Mathematics,bac-mathematiques,PHYS,Sciences physiques,العلوم الفيزيائية,Physical sciences,fr,False,B. CHIMIE,topic,REACTIONS ACIDES-BASES,Les réactions acide-base,86,Réaliser les expériences de dosage acide-base.
secondaire,BAC,Baccalauréat (4ème année secondaire),البكالوريا (السنة الرابعة ثانوي),Baccalaureate (4th year of secondary education),MATH,Mathématiques,رياضيات,Mathematics,bac-mathematiques,PHYS,Sciences physiques,العلوم الفيزيائية,Physical sciences,fr,False,B. CHIMIE,topic,REACTIONS ACIDES-BASES,Les réactions acide-base,87,Déterminer à l’aide des courbes d’évolution du pH relatives aux dosages acide-base : - la force de l’acide ou de la base ; - la concentration initiale de la solution aqueuse acide ou basique utilisée ; - le point d’équivalence et éventuellement celui de demi-équivalence.
secondaire,BAC,Baccalauréat (4ème année secondaire),البكالوريا (السنة الرابعة ثانوي),Baccalaureate (4th year of secondary education),MATH,Mathématiques,رياضيات,Mathematics,bac-mathematiques,PHYS,Sciences physiques,العلوم الفيزيائية,Physical sciences,fr,False,B. CHIMIE,topic,"PILES, SIEGES DE TRANSFORMATIONS SPONTANEES",,88,Expliquer le principe de fonctionnement de la pile Daniell.
secondaire,BAC,Baccalauréat (4ème année secondaire),البكالوريا (السنة الرابعة ثانوي),Baccalaureate (4th year of secondary education),MATH,Mathématiques,رياضيات,Mathematics,bac-mathematiques,PHYS,Sciences physiques,العلوم الفيزيائية,Physical sciences,fr,False,B. CHIMIE,topic,"PILES, SIEGES DE TRANSFORMATIONS SPONTANEES",,89,"Déduire à partir du sens du courant, le sens de la réaction spontanée qui se produit dans la pile."
secondaire,BAC,Baccalauréat (4ème année secondaire),البكالوريا (السنة الرابعة ثانوي),Baccalaureate (4th year of secondary education),MATH,Mathématiques,رياضيات,Mathematics,bac-mathematiques,PHYS,Sciences physiques,العلوم الفيزيائية,Physical sciences,fr,False,B. CHIMIE,topic,"PILES, SIEGES DE TRANSFORMATIONS SPONTANEES",,90,Déterminer le sens de la transformation spontanée mettant en jeu deux couples rédox.
secondaire,BAC,Baccalauréat (4ème année secondaire),البكالوريا (السنة الرابعة ثانوي),Baccalaureate (4th year of secondary education),MATH,Mathématiques,رياضيات,Mathematics,bac-mathematiques,PHYS,Sciences physiques,العلوم الفيزيائية,Physical sciences,fr,False,B. CHIMIE,topic,"PILES, SIEGES DE TRANSFORMATIONS SPONTANEES",,91,Généraliser le principe de la pile Daniell à d’autres piles du même type.
secondaire,BAC,Baccalauréat (4ème année secondaire),البكالوريا (السنة الرابعة ثانوي),Baccalaureate (4th year of secondary education),MATH,Mathématiques,رياضيات,Mathematics,bac-mathematiques,PHYS,Sciences physiques,العلوم الفيزيائية,Physical sciences,fr,False,B. CHIMIE,topic,"PILES, SIEGES DE TRANSFORMATIONS SPONTANEES",,92,Appliquer l’expression de la f.e.m. E d’une pile de type Daniell sur d’autres piles du même type.
secondaire,BAC,Baccalauréat (4ème année secondaire),البكالوريا (السنة الرابعة ثانوي),Baccalaureate (4th year of secondary education),MATH,Mathématiques,رياضيات,Mathematics,bac-mathematiques,PHYS,Sciences physiques,العلوم الفيزيائية,Physical sciences,fr,False,B. CHIMIE,topic,"PILES, SIEGES DE TRANSFORMATIONS SPONTANEES",,93,Faire un classement de quelques couples rédox selon le potentiel normal d'électrode.
secondaire,BAC,Baccalauréat (4ème année secondaire),البكالوريا (السنة الرابعة ثانوي),Baccalaureate (4th year of secondary education),MATH,Mathématiques,رياضيات,Mathematics,bac-mathematiques,PHYS,Sciences physiques,العلوم الفيزيائية,Physical sciences,fr,False,B. CHIMIE,topic,"PILES, SIEGES DE TRANSFORMATIONS SPONTANEES",,94,Expliquer le fonctionnement d'une pile alcaline.
secondaire,BAC,Baccalauréat (4ème année secondaire),البكالوريا (السنة الرابعة ثانوي),Baccalaureate (4th year of secondary education),MATH,Mathématiques,رياضيات,Mathematics,bac-mathematiques,SVT,Sciences de la vie et de la terre,علوم الحياة والأرض,Life and earth sciences,fr,False,I- Neurophysiologie et hygiène du système nerveux,domain,,,1,Construire la notion de neurone et de synapse.
secondaire,BAC,Baccalauréat (4ème année secondaire),البكالوريا (السنة الرابعة ثانوي),Baccalaureate (4th year of secondary education),MATH,Mathématiques,رياضيات,Mathematics,bac-mathematiques,SVT,Sciences de la vie et de la terre,علوم الحياة والأرض,Life and earth sciences,fr,False,I- Neurophysiologie et hygiène du système nerveux,domain,,,2,Expliquer la naissance et la propagation du message nerveux.
secondaire,BAC,Baccalauréat (4ème année secondaire),البكالوريا (السنة الرابعة ثانوي),Baccalaureate (4th year of secondary education),MATH,Mathématiques,رياضيات,Mathematics,bac-mathematiques,SVT,Sciences de la vie et de la terre,علوم الحياة والأرض,Life and earth sciences,fr,False,I- Neurophysiologie et hygiène du système nerveux,domain,,,3,Expliquer le fonctionnement d’une synapse : la transmission synaptique.
secondaire,BAC,Baccalauréat (4ème année secondaire),البكالوريا (السنة الرابعة ثانوي),Baccalaureate (4th year of secondary education),MATH,Mathématiques,رياضيات,Mathematics,bac-mathematiques,SVT,Sciences de la vie et de la terre,علوم الحياة والأرض,Life and earth sciences,fr,False,I- Neurophysiologie et hygiène du système nerveux,domain,,,4,Expliquer les effets nocifs des drogues sur le fonctionnement du système nerveux.
secondaire,BAC,Baccalauréat (4ème année secondaire),البكالوريا (السنة الرابعة ثانوي),Baccalaureate (4th year of secondary education),MATH,Mathématiques,رياضيات,Mathematics,bac-mathematiques,SVT,Sciences de la vie et de la terre,علوم الحياة والأرض,Life and earth sciences,fr,False,I- Neurophysiologie et hygiène du système nerveux,domain,,,5,Adopter des comportements de protection du système nerveux.
secondaire,BAC,Baccalauréat (4ème année secondaire),البكالوريا (السنة الرابعة ثانوي),Baccalaureate (4th year of secondary education),MATH,Mathématiques,رياضيات,Mathematics,bac-mathematiques,SVT,Sciences de la vie et de la terre,علوم الحياة والأرض,Life and earth sciences,fr,False,II- Reproduction humaine et maîtrise de la procréation,domain,,,6,Expliquer les fonctions du testicule et leur régulation.
secondaire,BAC,Baccalauréat (4ème année secondaire),البكالوريا (السنة الرابعة ثانوي),Baccalaureate (4th year of secondary education),MATH,Mathématiques,رياضيات,Mathematics,bac-mathematiques,SVT,Sciences de la vie et de la terre,علوم الحياة والأرض,Life and earth sciences,fr,False,II- Reproduction humaine et maîtrise de la procréation,domain,,,7,Identifier les structures ovariennes et les étapes de la folliculogenèse et de l’ovogenèse.
secondaire,BAC,Baccalauréat (4ème année secondaire),البكالوريا (السنة الرابعة ثانوي),Baccalaureate (4th year of secondary education),MATH,Mathématiques,رياضيات,Mathematics,bac-mathematiques,SVT,Sciences de la vie et de la terre,علوم الحياة والأرض,Life and earth sciences,fr,False,II- Reproduction humaine et maîtrise de la procréation,domain,,,8,Expliquer la régulation de la fonction reproductrice chez la femme.
secondaire,BAC,Baccalauréat (4ème année secondaire),البكالوريا (السنة الرابعة ثانوي),Baccalaureate (4th year of secondary education),MATH,Mathématiques,رياضيات,Mathematics,bac-mathematiques,SVT,Sciences de la vie et de la terre,علوم الحياة والأرض,Life and earth sciences,fr,False,II- Reproduction humaine et maîtrise de la procréation,domain,,,9,Décrire les étapes de la fécondation.
secondaire,BAC,Baccalauréat (4ème année secondaire),البكالوريا (السنة الرابعة ثانوي),Baccalaureate (4th year of secondary education),MATH,Mathématiques,رياضيات,Mathematics,bac-mathematiques,SVT,Sciences de la vie et de la terre,علوم الحياة والأرض,Life and earth sciences,fr,False,II- Reproduction humaine et maîtrise de la procréation,domain,,,10,Expliquer le mode d’action des moyens contraceptifs chimiques et mécaniques.
secondaire,BAC,Baccalauréat (4ème année secondaire),البكالوريا (السنة الرابعة ثانوي),Baccalaureate (4th year of secondary education),MATH,Mathématiques,رياضيات,Mathematics,bac-mathematiques,SVT,Sciences de la vie et de la terre,علوم الحياة والأرض,Life and earth sciences,fr,False,II- Reproduction humaine et maîtrise de la procréation,domain,,,11,Expliquer le principe de la FIVETE (fécondation in vitro et transfert d’embryon).
secondaire,BAC,Baccalauréat (4ème année secondaire),البكالوريا (السنة الرابعة ثانوي),Baccalaureate (4th year of secondary education),MATH,Mathématiques,رياضيات,Mathematics,bac-mathematiques,SVT,Sciences de la vie et de la terre,علوم الحياة والأرض,Life and earth sciences,fr,False,III- Génétique humaine et prévention des maladies héréditaires,domain,,,12,Résoudre des problèmes de génétique humaine.
secondaire,BAC,Baccalauréat (4ème année secondaire),البكالوريا (السنة الرابعة ثانوي),Baccalaureate (4th year of secondary education),MATH,Mathématiques,رياضيات,Mathematics,bac-mathematiques,SVT,Sciences de la vie et de la terre,علوم الحياة والأرض,Life and earth sciences,fr,False,III- Génétique humaine et prévention des maladies héréditaires,domain,,,13,Être conscient des dangers des mariages consanguins.
secondaire,BAC,Baccalauréat (4ème année secondaire),البكالوريا (السنة الرابعة ثانوي),Baccalaureate (4th year of secondary education),MATH,Mathématiques,رياضيات,Mathematics,bac-mathematiques,SVT,Sciences de la vie et de la terre,علوم الحياة والأرض,Life and earth sciences,fr,False,III- Génétique humaine et prévention des maladies héréditaires,domain,,,14,Être conscient de l’importance du diagnostic prénatal.
secondaire,BAC,Baccalauréat (4ème année secondaire),البكالوريا (السنة الرابعة ثانوي),Baccalaureate (4th year of secondary education),SCEXP,Sciences expérimentales,علوم تجريبية,Experimental Sciences,bac-sciences-experimentales,SVT,Sciences de la vie et de la terre,علوم الحياة والأرض,Life and earth sciences,fr,False,I- Reproduction humaine et santé,domain,,,1,Expliquer les fonctions du testicule et leur régulation.
secondaire,BAC,Baccalauréat (4ème année secondaire),البكالوريا (السنة الرابعة ثانوي),Baccalaureate (4th year of secondary education),SCEXP,Sciences expérimentales,علوم تجريبية,Experimental Sciences,bac-sciences-experimentales,SVT,Sciences de la vie et de la terre,علوم الحياة والأرض,Life and earth sciences,fr,False,I- Reproduction humaine et santé,domain,,,2,Expliquer les fonctions de l’ovaire et leur régulation.
secondaire,BAC,Baccalauréat (4ème année secondaire),البكالوريا (السنة الرابعة ثانوي),Baccalaureate (4th year of secondary education),SCEXP,Sciences expérimentales,علوم تجريبية,Experimental Sciences,bac-sciences-experimentales,SVT,Sciences de la vie et de la terre,علوم الحياة والأرض,Life and earth sciences,fr,False,I- Reproduction humaine et santé,domain,,,3,Décrire les étapes de la fécondation.
secondaire,BAC,Baccalauréat (4ème année secondaire),البكالوريا (السنة الرابعة ثانوي),Baccalaureate (4th year of secondary education),SCEXP,Sciences expérimentales,علوم تجريبية,Experimental Sciences,bac-sciences-experimentales,SVT,Sciences de la vie et de la terre,علوم الحياة والأرض,Life and earth sciences,fr,False,I- Reproduction humaine et santé,domain,,,4,Reconnaître les règles d’hygiène de la procréation.
secondaire,BAC,Baccalauréat (4ème année secondaire),البكالوريا (السنة الرابعة ثانوي),Baccalaureate (4th year of secondary education),SCEXP,Sciences expérimentales,علوم تجريبية,Experimental Sciences,bac-sciences-experimentales,SVT,Sciences de la vie et de la terre,علوم الحياة والأرض,Life and earth sciences,fr,False,I- Reproduction humaine et santé,domain,,,5,Expliquer le mode d’action de la pilule combinée.
secondaire,BAC,Baccalauréat (4ème année secondaire),البكالوريا (السنة الرابعة ثانوي),Baccalaureate (4th year of secondary education),SCEXP,Sciences expérimentales,علوم تجريبية,Experimental Sciences,bac-sciences-experimentales,SVT,Sciences de la vie et de la terre,علوم الحياة والأرض,Life and earth sciences,fr,False,I- Reproduction humaine et santé,domain,,,6,Expliquer la technique de la FIVETE.
secondaire,BAC,Baccalauréat (4ème année secondaire),البكالوريا (السنة الرابعة ثانوي),Baccalaureate (4th year of secondary education),SCEXP,Sciences expérimentales,علوم تجريبية,Experimental Sciences,bac-sciences-experimentales,SVT,Sciences de la vie et de la terre,علوم الحياة والأرض,Life and earth sciences,fr,False,II- Génétique,domain,,,7,Expliquer les conséquences génétiques de la méiose
secondaire,BAC,Baccalauréat (4ème année secondaire),البكالوريا (السنة الرابعة ثانوي),Baccalaureate (4th year of secondary education),SCEXP,Sciences expérimentales,علوم تجريبية,Experimental Sciences,bac-sciences-experimentales,SVT,Sciences de la vie et de la terre,علوم الحياة والأرض,Life and earth sciences,fr,False,II- Génétique,domain,,,8,Résoudre des problèmes de dihybridisme.
secondaire,BAC,Baccalauréat (4ème année secondaire),البكالوريا (السنة الرابعة ثانوي),Baccalaureate (4th year of secondary education),SCEXP,Sciences expérimentales,علوم تجريبية,Experimental Sciences,bac-sciences-experimentales,SVT,Sciences de la vie et de la terre,علوم الحياة والأرض,Life and earth sciences,fr,False,II- Génétique,domain,,,9,Expliquer le mode de transmission de caractères héréditaires.
secondaire,BAC,Baccalauréat (4ème année secondaire),البكالوريا (السنة الرابعة ثانوي),Baccalaureate (4th year of secondary education),SCEXP,Sciences expérimentales,علوم تجريبية,Experimental Sciences,bac-sciences-experimentales,SVT,Sciences de la vie et de la terre,علوم الحياة والأرض,Life and earth sciences,fr,False,II- Génétique,domain,,,10,Expliquer les risques d’apparition des maladies héréditaires dans les mariages consanguins.
secondaire,BAC,Baccalauréat (4ème année secondaire),البكالوريا (السنة الرابعة ثانوي),Baccalaureate (4th year of secondary education),SCEXP,Sciences expérimentales,علوم تجريبية,Experimental Sciences,bac-sciences-experimentales,SVT,Sciences de la vie et de la terre,علوم الحياة والأرض,Life and earth sciences,fr,False,II- Génétique,domain,,,11,Etre conscient de l’importance du diagnostic prénatal.
secondaire,BAC,Baccalauréat (4ème année secondaire),البكالوريا (السنة الرابعة ثانوي),Baccalaureate (4th year of secondary education),SCEXP,Sciences expérimentales,علوم تجريبية,Experimental Sciences,bac-sciences-experimentales,SVT,Sciences de la vie et de la terre,علوم الحياة والأرض,Life and earth sciences,fr,False,III- Évolution biologique,domain,,,12,Argumenter la phylogénie des espèces.
secondaire,BAC,Baccalauréat (4ème année secondaire),البكالوريا (السنة الرابعة ثانوي),Baccalaureate (4th year of secondary education),SCEXP,Sciences expérimentales,علوم تجريبية,Experimental Sciences,bac-sciences-experimentales,SVT,Sciences de la vie et de la terre,علوم الحياة والأرض,Life and earth sciences,fr,False,IV- Neurophysiologie,domain,,,13,Construire la notion de neurone et de synapse.
secondaire,BAC,Baccalauréat (4ème année secondaire),البكالوريا (السنة الرابعة ثانوي),Baccalaureate (4th year of secondary education),SCEXP,Sciences expérimentales,علوم تجريبية,Experimental Sciences,bac-sciences-experimentales,SVT,Sciences de la vie et de la terre,علوم الحياة والأرض,Life and earth sciences,fr,False,IV- Neurophysiologie,domain,,,14,"Expliquer la naissance, la propagation et la transmission du message nerveux."
secondaire,BAC,Baccalauréat (4ème année secondaire),البكالوريا (السنة الرابعة ثانوي),Baccalaureate (4th year of secondary education),SCEXP,Sciences expérimentales,علوم تجريبية,Experimental Sciences,bac-sciences-experimentales,SVT,Sciences de la vie et de la terre,علوم الحياة والأرض,Life and earth sciences,fr,False,IV- Neurophysiologie,domain,,,15,Expliquer le mécanisme du réflexe myotatique.
secondaire,BAC,Baccalauréat (4ème année secondaire),البكالوريا (السنة الرابعة ثانوي),Baccalaureate (4th year of secondary education),SCEXP,Sciences expérimentales,علوم تجريبية,Experimental Sciences,bac-sciences-experimentales,SVT,Sciences de la vie et de la terre,علوم الحياة والأرض,Life and earth sciences,fr,False,IV- Neurophysiologie,domain,,,16,Expliquer la transmission neuromusculaire et le fonctionnement du muscle
secondaire,BAC,Baccalauréat (4ème année secondaire),البكالوريا (السنة الرابعة ثانوي),Baccalaureate (4th year of secondary education),SCEXP,Sciences expérimentales,علوم تجريبية,Experimental Sciences,bac-sciences-experimentales,SVT,Sciences de la vie et de la terre,علوم الحياة والأرض,Life and earth sciences,fr,False,IV- Neurophysiologie,domain,,,17,Expliquer le mécanisme de la régulation de la pression artérielle
secondaire,BAC,Baccalauréat (4ème année secondaire),البكالوريا (السنة الرابعة ثانوي),Baccalaureate (4th year of secondary education),SCEXP,Sciences expérimentales,علوم تجريبية,Experimental Sciences,bac-sciences-experimentales,SVT,Sciences de la vie et de la terre,علوم الحياة والأرض,Life and earth sciences,fr,False,IV- Neurophysiologie,domain,,,18,Adopter un comportement préventif de la santé du système nerveux
secondaire,BAC,Baccalauréat (4ème année secondaire),البكالوريا (السنة الرابعة ثانوي),Baccalaureate (4th year of secondary education),SCEXP,Sciences expérimentales,علوم تجريبية,Experimental Sciences,bac-sciences-experimentales,SVT,Sciences de la vie et de la terre,علوم الحياة والأرض,Life and earth sciences,fr,False,V- Immunité : maintien de l’intégrité de l’organisme,domain,,,19,Définir la notion d’immunité spécifique et identifier ses propriétés.
secondaire,BAC,Baccalauréat (4ème année secondaire),البكالوريا (السنة الرابعة ثانوي),Baccalaureate (4th year of secondary education),SCEXP,Sciences expérimentales,علوم تجريبية,Experimental Sciences,bac-sciences-experimentales,SVT,Sciences de la vie et de la terre,علوم الحياة والأرض,Life and earth sciences,fr,False,V- Immunité : maintien de l’intégrité de l’organisme,domain,,,20,Distinguer la RIMH et la RIMC.
secondaire,BAC,Baccalauréat (4ème année secondaire),البكالوريا (السنة الرابعة ثانوي),Baccalaureate (4th year of secondary education),SCEXP,Sciences expérimentales,علوم تجريبية,Experimental Sciences,bac-sciences-experimentales,SVT,Sciences de la vie et de la terre,علوم الحياة والأرض,Life and earth sciences,fr,False,V- Immunité : maintien de l’intégrité de l’organisme,domain,,,21,Expliquer les mécanismes de la réponse immunitaire spécifique.
secondaire,BAC,Baccalauréat (4ème année secondaire),البكالوريا (السنة الرابعة ثانوي),Baccalaureate (4th year of secondary education),SCEXP,Sciences expérimentales,علوم تجريبية,Experimental Sciences,bac-sciences-experimentales,SVT,Sciences de la vie et de la terre,علوم الحياة والأرض,Life and earth sciences,fr,False,V- Immunité : maintien de l’intégrité de l’organisme,domain,,,22,"Expliquer les processus du dysfonctionnement du système immunitaire en rapport avec les allergies, le SIDA."
secondaire,BAC,Baccalauréat (4ème année secondaire),البكالوريا (السنة الرابعة ثانوي),Baccalaureate (4th year of secondary education),SCEXP,Sciences expérimentales,علوم تجريبية,Experimental Sciences,bac-sciences-experimentales,PHYS,Sciences physiques,العلوم الفيزيائية,Physical sciences,fr,False,A. PHYSIQUE,topic,"EVOLUTION DE SYSTEMES > I. Evolution de systèmes électriques > I-1. Le condensateur, le dipôle RC",Le condensateur ; le dipôle RC,1,Réaliser un montage permettant de tracer la courbe d’évolution de la charge électrique d’un condensateur au cours du temps.
secondaire,BAC,Baccalauréat (4ème année secondaire),البكالوريا (السنة الرابعة ثانوي),Baccalaureate (4th year of secondary education),SCEXP,Sciences expérimentales,علوم تجريبية,Experimental Sciences,bac-sciences-experimentales,PHYS,Sciences physiques,العلوم الفيزيائية,Physical sciences,fr,False,A. PHYSIQUE,topic,"EVOLUTION DE SYSTEMES > I. Evolution de systèmes électriques > I-1. Le condensateur, le dipôle RC",Le condensateur ; le dipôle RC,2,Déterminer à l’aide de la courbe de charge d’un condensateur la valeur de la capacité C.
secondaire,BAC,Baccalauréat (4ème année secondaire),البكالوريا (السنة الرابعة ثانوي),Baccalaureate (4th year of secondary education),SCEXP,Sciences expérimentales,علوم تجريبية,Experimental Sciences,bac-sciences-experimentales,PHYS,Sciences physiques,العلوم الفيزيائية,Physical sciences,fr,False,A. PHYSIQUE,topic,"EVOLUTION DE SYSTEMES > I. Evolution de systèmes électriques > I-1. Le condensateur, le dipôle RC",Le condensateur ; le dipôle RC,3,Reconnaître que l'intensité i du courant est une grandeur algébrique.
secondaire,BAC,Baccalauréat (4ème année secondaire),البكالوريا (السنة الرابعة ثانوي),Baccalaureate (4th year of secondary education),SCEXP,Sciences expérimentales,علوم تجريبية,Experimental Sciences,bac-sciences-experimentales,PHYS,Sciences physiques,العلوم الفيزيائية,Physical sciences,fr,False,A. PHYSIQUE,topic,"EVOLUTION DE SYSTEMES > I. Evolution de systèmes électriques > I-1. Le condensateur, le dipôle RC",Le condensateur ; le dipôle RC,4,"Etablir l’équation différentielle qui régit la charge instantanée q(t) d’un condensateur, la tension uC(t) à ses bornes et l’intensité i(t) du courant qui parcourt le circuit de charge durant le régime transitoire."
secondaire,BAC,Baccalauréat (4ème année secondaire),البكالوريا (السنة الرابعة ثانوي),Baccalaureate (4th year of secondary education),SCEXP,Sciences expérimentales,علوم تجريبية,Experimental Sciences,bac-sciences-experimentales,PHYS,Sciences physiques,العلوم الفيزيائية,Physical sciences,fr,False,A. PHYSIQUE,topic,"EVOLUTION DE SYSTEMES > I. Evolution de systèmes électriques > I-1. Le condensateur, le dipôle RC",Le condensateur ; le dipôle RC,5,"Déterminer graphiquement, à partir des courbes de réponse uC(t) ou i(t) d’un dipôle RC soumis à un échelon de tension, la constante de temps τ = R.C."
secondaire,BAC,Baccalauréat (4ème année secondaire),البكالوريا (السنة الرابعة ثانوي),Baccalaureate (4th year of secondary education),SCEXP,Sciences expérimentales,علوم تجريبية,Experimental Sciences,bac-sciences-experimentales,PHYS,Sciences physiques,العلوم الفيزيائية,Physical sciences,fr,False,A. PHYSIQUE,topic,"EVOLUTION DE SYSTEMES > I. Evolution de systèmes électriques > I-1. Le condensateur, le dipôle RC",Le condensateur ; le dipôle RC,6,Calculer l’énergie emmagasinée dans un condensateur.
secondaire,BAC,Baccalauréat (4ème année secondaire),البكالوريا (السنة الرابعة ثانوي),Baccalaureate (4th year of secondary education),SCEXP,Sciences expérimentales,علوم تجريبية,Experimental Sciences,bac-sciences-experimentales,PHYS,Sciences physiques,العلوم الفيزيائية,Physical sciences,fr,False,A. PHYSIQUE,topic,"EVOLUTION DE SYSTEMES > I-2. La bobine, le dipôle RL",La bobine ; le dipôle RL,7,Mettre en évidence expérimentalement le phénomène d’induction électromagnétique.
secondaire,BAC,Baccalauréat (4ème année secondaire),البكالوريا (السنة الرابعة ثانوي),Baccalaureate (4th year of secondary education),SCEXP,Sciences expérimentales,علوم تجريبية,Experimental Sciences,bac-sciences-experimentales,PHYS,Sciences physiques,العلوم الفيزيائية,Physical sciences,fr,False,A. PHYSIQUE,topic,"EVOLUTION DE SYSTEMES > I-2. La bobine, le dipôle RL",La bobine ; le dipôle RL,8,Appliquer la loi de Lenz.
secondaire,BAC,Baccalauréat (4ème année secondaire),البكالوريا (السنة الرابعة ثانوي),Baccalaureate (4th year of secondary education),SCEXP,Sciences expérimentales,علوم تجريبية,Experimental Sciences,bac-sciences-experimentales,PHYS,Sciences physiques,العلوم الفيزيائية,Physical sciences,fr,False,A. PHYSIQUE,topic,"EVOLUTION DE SYSTEMES > I-2. La bobine, le dipôle RL",La bobine ; le dipôle RL,9,Reconnaître les facteurs dont dépend la f.e.m. d’auto-induction.
secondaire,BAC,Baccalauréat (4ème année secondaire),البكالوريا (السنة الرابعة ثانوي),Baccalaureate (4th year of secondary education),SCEXP,Sciences expérimentales,علوم تجريبية,Experimental Sciences,bac-sciences-experimentales,PHYS,Sciences physiques,العلوم الفيزيائية,Physical sciences,fr,False,A. PHYSIQUE,topic,"EVOLUTION DE SYSTEMES > I-2. La bobine, le dipôle RL",La bobine ; le dipôle RL,10,Etablir l’équation différentielle qui régit les variations de i en fonction du temps dans un dipôle RL soumis à un échelon de tension.
secondaire,BAC,Baccalauréat (4ème année secondaire),البكالوريا (السنة الرابعة ثانوي),Baccalaureate (4th year of secondary education),SCEXP,Sciences expérimentales,علوم تجريبية,Experimental Sciences,bac-sciences-experimentales,PHYS,Sciences physiques,العلوم الفيزيائية,Physical sciences,fr,False,A. PHYSIQUE,topic,"EVOLUTION DE SYSTEMES > I-2. La bobine, le dipôle RL",La bobine ; le dipôle RL,11,"Déterminer graphiquement, à partir des courbes de réponse uL(t) ou i(t), d’un dipôle RL soumis à un échelon de tension, la constante de temps τ = L/R."
secondaire,BAC,Baccalauréat (4ème année secondaire),البكالوريا (السنة الرابعة ثانوي),Baccalaureate (4th year of secondary education),SCEXP,Sciences expérimentales,علوم تجريبية,Experimental Sciences,bac-sciences-experimentales,PHYS,Sciences physiques,العلوم الفيزيائية,Physical sciences,fr,False,A. PHYSIQUE,topic,"EVOLUTION DE SYSTEMES > I-2. La bobine, le dipôle RL",La bobine ; le dipôle RL,12,Calculer l’énergie emmagasinée dans un solénoïde.
secondaire,BAC,Baccalauréat (4ème année secondaire),البكالوريا (السنة الرابعة ثانوي),Baccalaureate (4th year of secondary education),SCEXP,Sciences expérimentales,علوم تجريبية,Experimental Sciences,bac-sciences-experimentales,PHYS,Sciences physiques,العلوم الفيزيائية,Physical sciences,fr,False,A. PHYSIQUE,topic,EVOLUTION DE SYSTEMES > I-3. Le circuit RLC série,,13,Réaliser un montage permettant de suivre les oscillations libres d’un circuit RLC série.
secondaire,BAC,Baccalauréat (4ème année secondaire),البكالوريا (السنة الرابعة ثانوي),Baccalaureate (4th year of secondary education),SCEXP,Sciences expérimentales,علوم تجريبية,Experimental Sciences,bac-sciences-experimentales,PHYS,Sciences physiques,العلوم الفيزيائية,Physical sciences,fr,False,A. PHYSIQUE,topic,EVOLUTION DE SYSTEMES > I-3. Le circuit RLC série,,14,Reconnaître le régime pseudopériodique et le régime apériodique.
secondaire,BAC,Baccalauréat (4ème année secondaire),البكالوريا (السنة الرابعة ثانوي),Baccalaureate (4th year of secondary education),SCEXP,Sciences expérimentales,علوم تجريبية,Experimental Sciences,bac-sciences-experimentales,PHYS,Sciences physiques,العلوم الفيزيائية,Physical sciences,fr,False,A. PHYSIQUE,topic,EVOLUTION DE SYSTEMES > I-3. Le circuit RLC série,,15,Reconnaître le facteur responsable de l’amortissement.
secondaire,BAC,Baccalauréat (4ème année secondaire),البكالوريا (السنة الرابعة ثانوي),Baccalaureate (4th year of secondary education),SCEXP,Sciences expérimentales,علوم تجريبية,Experimental Sciences,bac-sciences-experimentales,PHYS,Sciences physiques,العلوم الفيزيائية,Physical sciences,fr,False,A. PHYSIQUE,topic,EVOLUTION DE SYSTEMES > I-3. Le circuit RLC série,,16,Etablir l’équation différentielle des oscillations libres d’un circuit RLC série.
secondaire,BAC,Baccalauréat (4ème année secondaire),البكالوريا (السنة الرابعة ثانوي),Baccalaureate (4th year of secondary education),SCEXP,Sciences expérimentales,علوم تجريبية,Experimental Sciences,bac-sciences-experimentales,PHYS,Sciences physiques,العلوم الفيزيائية,Physical sciences,fr,False,A. PHYSIQUE,topic,EVOLUTION DE SYSTEMES > I-3. Le circuit RLC série,,17,Interpréter la diminution de l’amplitude des oscillations libres amorties par le transfert d’énergie de l’oscillateur vers le milieu extérieur.
secondaire,BAC,Baccalauréat (4ème année secondaire),البكالوريا (السنة الرابعة ثانوي),Baccalaureate (4th year of secondary education),SCEXP,Sciences expérimentales,علوم تجريبية,Experimental Sciences,bac-sciences-experimentales,PHYS,Sciences physiques,العلوم الفيزيائية,Physical sciences,fr,False,A. PHYSIQUE,topic,EVOLUTION DE SYSTEMES > I-3. Le circuit RLC série,,18,"Distinguer, en régime forcé, le résonateur de l’excitateur."
secondaire,BAC,Baccalauréat (4ème année secondaire),البكالوريا (السنة الرابعة ثانوي),Baccalaureate (4th year of secondary education),SCEXP,Sciences expérimentales,علوم تجريبية,Experimental Sciences,bac-sciences-experimentales,PHYS,Sciences physiques,العلوم الفيزيائية,Physical sciences,fr,False,A. PHYSIQUE,topic,EVOLUTION DE SYSTEMES > I-3. Le circuit RLC série,,19,Visualiser simultanément à l’oscilloscope la tension excitatrice u(t) et l'intensité du courant i(t).
secondaire,BAC,Baccalauréat (4ème année secondaire),البكالوريا (السنة الرابعة ثانوي),Baccalaureate (4th year of secondary education),SCEXP,Sciences expérimentales,علوم تجريبية,Experimental Sciences,bac-sciences-experimentales,PHYS,Sciences physiques,العلوم الفيزيائية,Physical sciences,fr,False,A. PHYSIQUE,topic,EVOLUTION DE SYSTEMES > I-3. Le circuit RLC série,,20,Mesurer l’amplitude et la fréquence d’une grandeur oscillante sinusoïdale.
secondaire,BAC,Baccalauréat (4ème année secondaire),البكالوريا (السنة الرابعة ثانوي),Baccalaureate (4th year of secondary education),SCEXP,Sciences expérimentales,علوم تجريبية,Experimental Sciences,bac-sciences-experimentales,PHYS,Sciences physiques,العلوم الفيزيائية,Physical sciences,fr,False,A. PHYSIQUE,topic,EVOLUTION DE SYSTEMES > I-3. Le circuit RLC série,,21,Déterminer le déphasage entre la tension excitatrice u(t) et l’intensité du courant i(t).
secondaire,BAC,Baccalauréat (4ème année secondaire),البكالوريا (السنة الرابعة ثانوي),Baccalaureate (4th year of secondary education),SCEXP,Sciences expérimentales,علوم تجريبية,Experimental Sciences,bac-sciences-experimentales,PHYS,Sciences physiques,العلوم الفيزيائية,Physical sciences,fr,False,A. PHYSIQUE,topic,EVOLUTION DE SYSTEMES > I-3. Le circuit RLC série,,22,Mettre en évidence expérimentalement le phénomène de résonance d’intensité et celui de la résonance de charge.
secondaire,BAC,Baccalauréat (4ème année secondaire),البكالوريا (السنة الرابعة ثانوي),Baccalaureate (4th year of secondary education),SCEXP,Sciences expérimentales,علوم تجريبية,Experimental Sciences,bac-sciences-experimentales,PHYS,Sciences physiques,العلوم الفيزيائية,Physical sciences,fr,False,A. PHYSIQUE,topic,EVOLUTION DE SYSTEMES > I-3. Le circuit RLC série,,23,"Etablir en i(t) ou en q(t), l’équation différentielle des oscillations forcées en régime sinusoïdal."
secondaire,BAC,Baccalauréat (4ème année secondaire),البكالوريا (السنة الرابعة ثانوي),Baccalaureate (4th year of secondary education),SCEXP,Sciences expérimentales,علوم تجريبية,Experimental Sciences,bac-sciences-experimentales,PHYS,Sciences physiques,العلوم الفيزيائية,Physical sciences,fr,False,A. PHYSIQUE,topic,EVOLUTION DE SYSTEMES > I-3. Le circuit RLC série,,24,Etablir l’expression de l’intensité maximale Im en fonction de la fréquence des excitations de l’oscillateur et déduire celle de la charge maximale Qm.
secondaire,BAC,Baccalauréat (4ème année secondaire),البكالوريا (السنة الرابعة ثانوي),Baccalaureate (4th year of secondary education),SCEXP,Sciences expérimentales,علوم تجريبية,Experimental Sciences,bac-sciences-experimentales,PHYS,Sciences physiques,العلوم الفيزيائية,Physical sciences,fr,False,A. PHYSIQUE,topic,EVOLUTION DE SYSTEMES > I-3. Le circuit RLC série,,25,Calculer la puissance moyenne absorbée par un oscillateur électrique.
secondaire,BAC,Baccalauréat (4ème année secondaire),البكالوريا (السنة الرابعة ثانوي),Baccalaureate (4th year of secondary education),SCEXP,Sciences expérimentales,علوم تجريبية,Experimental Sciences,bac-sciences-experimentales,PHYS,Sciences physiques,العلوم الفيزيائية,Physical sciences,fr,False,A. PHYSIQUE,topic,EVOLUTION DE SYSTEMES > I-3. Le circuit RLC série,,26,Expliquer l’importance du facteur de puissance dans les transformations de l’énergie électrique.
secondaire,BAC,Baccalauréat (4ème année secondaire),البكالوريا (السنة الرابعة ثانوي),Baccalaureate (4th year of secondary education),SCEXP,Sciences expérimentales,علوم تجريبية,Experimental Sciences,bac-sciences-experimentales,PHYS,Sciences physiques,العلوم الفيزيائية,Physical sciences,fr,False,A. PHYSIQUE,topic,EVOLUTION DE SYSTEMES > II. Evolution d’un système mécanique : le pendule élastique,,27,Etablir l'équation différentielle des oscillations libres d’un pendule élastique.
secondaire,BAC,Baccalauréat (4ème année secondaire),البكالوريا (السنة الرابعة ثانوي),Baccalaureate (4th year of secondary education),SCEXP,Sciences expérimentales,علوم تجريبية,Experimental Sciences,bac-sciences-experimentales,PHYS,Sciences physiques,العلوم الفيزيائية,Physical sciences,fr,False,A. PHYSIQUE,topic,EVOLUTION DE SYSTEMES > II. Evolution d’un système mécanique : le pendule élastique,,28,Mesurer la période propre d'un pendule élastique.
secondaire,BAC,Baccalauréat (4ème année secondaire),البكالوريا (السنة الرابعة ثانوي),Baccalaureate (4th year of secondary education),SCEXP,Sciences expérimentales,علوم تجريبية,Experimental Sciences,bac-sciences-experimentales,PHYS,Sciences physiques,العلوم الفيزيائية,Physical sciences,fr,False,A. PHYSIQUE,topic,EVOLUTION DE SYSTEMES > II. Evolution d’un système mécanique : le pendule élastique,,29,Calculer l'énergie totale d'un pendule élastique en régime libre non amorti.
secondaire,BAC,Baccalauréat (4ème année secondaire),البكالوريا (السنة الرابعة ثانوي),Baccalaureate (4th year of secondary education),SCEXP,Sciences expérimentales,علوم تجريبية,Experimental Sciences,bac-sciences-experimentales,PHYS,Sciences physiques,العلوم الفيزيائية,Physical sciences,fr,False,A. PHYSIQUE,topic,EVOLUTION DE SYSTEMES > II. Evolution d’un système mécanique : le pendule élastique,,30,"A l'aide d'un enregistrement graphique, reconnaître le régime d'oscillations libres (amorti ou bien non amorti) d'un pendule élastique."
secondaire,BAC,Baccalauréat (4ème année secondaire),البكالوريا (السنة الرابعة ثانوي),Baccalaureate (4th year of secondary education),SCEXP,Sciences expérimentales,علوم تجريبية,Experimental Sciences,bac-sciences-experimentales,PHYS,Sciences physiques,العلوم الفيزيائية,Physical sciences,fr,False,A. PHYSIQUE,topic,EVOLUTION DE SYSTEMES > II. Evolution d’un système mécanique : le pendule élastique,,31,Expliquer la diminution d'amplitude des oscillations libres amorties d'un pendule élastique par la non conservation de son énergie totale.
secondaire,BAC,Baccalauréat (4ème année secondaire),البكالوريا (السنة الرابعة ثانوي),Baccalaureate (4th year of secondary education),SCEXP,Sciences expérimentales,علوم تجريبية,Experimental Sciences,bac-sciences-experimentales,PHYS,Sciences physiques,العلوم الفيزيائية,Physical sciences,fr,False,A. PHYSIQUE,topic,EVOLUTION DE SYSTEMES > II. Evolution d’un système mécanique : le pendule élastique,,32,"Mettre en évidence, qualitativement, le phénomène de résonance d'élongation d'un pendule élastique."
secondaire,BAC,Baccalauréat (4ème année secondaire),البكالوريا (السنة الرابعة ثانوي),Baccalaureate (4th year of secondary education),SCEXP,Sciences expérimentales,علوم تجريبية,Experimental Sciences,bac-sciences-experimentales,PHYS,Sciences physiques,العلوم الفيزيائية,Physical sciences,fr,False,A. PHYSIQUE,topic,EVOLUTION DE SYSTEMES > II. Evolution d’un système mécanique : le pendule élastique,,33,"Utiliser l’analogie formelle électrique-mécanique pour : - écrire, en x ou en v, l’équation différentielle des oscillations mécaniques forcées en régime sinusoïdal ; - écrire l’expression de l’élongation maximale Xm et celle de la vitesse maximale Vm de l’oscillateur en fonction de la fréquence N de l’excitateur ; - caractériser la résonance d’élongation ; - caractériser la résonance de vitesse ; - exprimer la puissance mécanique moyenne d’un oscillateur."
secondaire,BAC,Baccalauréat (4ème année secondaire),البكالوريا (السنة الرابعة ثانوي),Baccalaureate (4th year of secondary education),SCEXP,Sciences expérimentales,علوم تجريبية,Experimental Sciences,bac-sciences-experimentales,PHYS,Sciences physiques,العلوم الفيزيائية,Physical sciences,fr,False,A. PHYSIQUE,topic,ONDES > I. Ondes mécaniques progressives,Ondes mécaniques progressives,34,Distinguer entre une onde transversale et une onde longitudinale.
secondaire,BAC,Baccalauréat (4ème année secondaire),البكالوريا (السنة الرابعة ثانوي),Baccalaureate (4th year of secondary education),SCEXP,Sciences expérimentales,علوم تجريبية,Experimental Sciences,bac-sciences-experimentales,PHYS,Sciences physiques,العلوم الفيزيائية,Physical sciences,fr,False,A. PHYSIQUE,topic,ONDES > I. Ondes mécaniques progressives,Ondes mécaniques progressives,35,Reconnaître que la propagation d’une onde est due à une propagation d’énergie sans transport de matière.
secondaire,BAC,Baccalauréat (4ème année secondaire),البكالوريا (السنة الرابعة ثانوي),Baccalaureate (4th year of secondary education),SCEXP,Sciences expérimentales,علوم تجريبية,Experimental Sciences,bac-sciences-experimentales,PHYS,Sciences physiques,العلوم الفيزيائية,Physical sciences,fr,False,A. PHYSIQUE,topic,ONDES > I. Ondes mécaniques progressives,Ondes mécaniques progressives,36,Réaliser une expérience illustrant la propagation d’une onde sinusoïdale dans un milieu homogène et isotrope.
secondaire,BAC,Baccalauréat (4ème année secondaire),البكالوريا (السنة الرابعة ثانوي),Baccalaureate (4th year of secondary education),SCEXP,Sciences expérimentales,علوم تجريبية,Experimental Sciences,bac-sciences-experimentales,PHYS,Sciences physiques,العلوم الفيزيائية,Physical sciences,fr,False,A. PHYSIQUE,topic,ONDES > I. Ondes mécaniques progressives,Ondes mécaniques progressives,37,"Identifier, dans un milieu de propagation donné, les propriétés dont dépend la célérité d’une onde."
secondaire,BAC,Baccalauréat (4ème année secondaire),البكالوريا (السنة الرابعة ثانوي),Baccalaureate (4th year of secondary education),SCEXP,Sciences expérimentales,علوم تجريبية,Experimental Sciences,bac-sciences-experimentales,PHYS,Sciences physiques,العلوم الفيزيائية,Physical sciences,fr,False,A. PHYSIQUE,topic,ONDES > I. Ondes mécaniques progressives,Ondes mécaniques progressives,38,Etablir l'équation horaire du mouvement d'un point donné du milieu de propagation connaissant celle de la source d'onde progressive et représenter graphiquement le diagramme du mouvement de ce point.
secondaire,BAC,Baccalauréat (4ème année secondaire),البكالوريا (السنة الرابعة ثانوي),Baccalaureate (4th year of secondary education),SCEXP,Sciences expérimentales,علوم تجريبية,Experimental Sciences,bac-sciences-experimentales,PHYS,Sciences physiques,العلوم الفيزيائية,Physical sciences,fr,False,A. PHYSIQUE,topic,ONDES > I. Ondes mécaniques progressives,Ondes mécaniques progressives,39,"Représenter graphiquement l'aspect à un instant donné, du milieu (ou d'une coupe du milieu) de propagation d'une onde progressive."
secondaire,BAC,Baccalauréat (4ème année secondaire),البكالوريا (السنة الرابعة ثانوي),Baccalaureate (4th year of secondary education),SCEXP,Sciences expérimentales,علوم تجريبية,Experimental Sciences,bac-sciences-experimentales,PHYS,Sciences physiques,العلوم الفيزيائية,Physical sciences,fr,False,A. PHYSIQUE,topic,ONDES > I. Ondes mécaniques progressives,Ondes mécaniques progressives,40,Reconnaître la double périodicité d’une onde sinusoïdale.
secondaire,BAC,Baccalauréat (4ème année secondaire),البكالوريا (السنة الرابعة ثانوي),Baccalaureate (4th year of secondary education),SCEXP,Sciences expérimentales,علوم تجريبية,Experimental Sciences,bac-sciences-experimentales,PHYS,Sciences physiques,العلوم الفيزيائية,Physical sciences,fr,False,A. PHYSIQUE,topic,ONDES > II- Nature ondulatoire de la lumière,Nature ondulatoire de la lumière,41,Justifier le caractère ondulatoire de la lumière à partir d’expériences de diffraction d’ondes mécaniques et d’ondes lumineuses.
secondaire,BAC,Baccalauréat (4ème année secondaire),البكالوريا (السنة الرابعة ثانوي),Baccalaureate (4th year of secondary education),SCEXP,Sciences expérimentales,علوم تجريبية,Experimental Sciences,bac-sciences-experimentales,PHYS,Sciences physiques,العلوم الفيزيائية,Physical sciences,fr,False,A. PHYSIQUE,topic,ONDES > II- Nature ondulatoire de la lumière,Nature ondulatoire de la lumière,42,"Préciser l'influence, sur le phénomène de diffraction, du quotient λ/a (λ étant la longueur d'onde et a la largeur de la fente)."
secondaire,BAC,Baccalauréat (4ème année secondaire),البكالوريا (السنة الرابعة ثانوي),Baccalaureate (4th year of secondary education),SCEXP,Sciences expérimentales,علوم تجريبية,Experimental Sciences,bac-sciences-experimentales,PHYS,Sciences physiques,العلوم الفيزيائية,Physical sciences,fr,False,A. PHYSIQUE,topic,ONDES > II- Nature ondulatoire de la lumière,Nature ondulatoire de la lumière,43,Réaliser des expériences de dispersion des ondes lumineuses.
secondaire,BAC,Baccalauréat (4ème année secondaire),البكالوريا (السنة الرابعة ثانوي),Baccalaureate (4th year of secondary education),SCEXP,Sciences expérimentales,علوم تجريبية,Experimental Sciences,bac-sciences-experimentales,PHYS,Sciences physiques,العلوم الفيزيائية,Physical sciences,fr,False,A. PHYSIQUE,topic,ONDES > II- Nature ondulatoire de la lumière,Nature ondulatoire de la lumière,44,Montrer qu’une lumière blanche est constituée d'une infinité de radiations monochromatiques.
secondaire,BAC,Baccalauréat (4ème année secondaire),البكالوريا (السنة الرابعة ثانوي),Baccalaureate (4th year of secondary education),SCEXP,Sciences expérimentales,علوم تجريبية,Experimental Sciences,bac-sciences-experimentales,PHYS,Sciences physiques,العلوم الفيزيائية,Physical sciences,fr,False,A. PHYSIQUE,topic,ONDES > II- Nature ondulatoire de la lumière,Nature ondulatoire de la lumière,45,Distinguer un milieu dispersif d'un milieu non dispersif.
secondaire,BAC,Baccalauréat (4ème année secondaire),البكالوريا (السنة الرابعة ثانوي),Baccalaureate (4th year of secondary education),SCEXP,Sciences expérimentales,علوم تجريبية,Experimental Sciences,bac-sciences-experimentales,PHYS,Sciences physiques,العلوم الفيزيائية,Physical sciences,fr,False,A. PHYSIQUE,topic,PHYSIQUE ATOMIQUE ET NUCLEAIRE,Physique atomique et nucléaire,46,Décrire une expérience montrant que l’énergie de l’atome est quantifiée.
secondaire,BAC,Baccalauréat (4ème année secondaire),البكالوريا (السنة الرابعة ثانوي),Baccalaureate (4th year of secondary education),SCEXP,Sciences expérimentales,علوم تجريبية,Experimental Sciences,bac-sciences-experimentales,PHYS,Sciences physiques,العلوم الفيزيائية,Physical sciences,fr,False,A. PHYSIQUE,topic,PHYSIQUE ATOMIQUE ET NUCLEAIRE,Physique atomique et nucléaire,47,Calculer l’énergie de l’atome d’hydrogène en joules et en électrons-volts.
secondaire,BAC,Baccalauréat (4ème année secondaire),البكالوريا (السنة الرابعة ثانوي),Baccalaureate (4th year of secondary education),SCEXP,Sciences expérimentales,علوم تجريبية,Experimental Sciences,bac-sciences-experimentales,PHYS,Sciences physiques,العلوم الفيزيائية,Physical sciences,fr,False,A. PHYSIQUE,topic,PHYSIQUE ATOMIQUE ET NUCLEAIRE,Physique atomique et nucléaire,48,Distinguer un spectre d’émission d’un spectre d’absorption.
secondaire,BAC,Baccalauréat (4ème année secondaire),البكالوريا (السنة الرابعة ثانوي),Baccalaureate (4th year of secondary education),SCEXP,Sciences expérimentales,علوم تجريبية,Experimental Sciences,bac-sciences-experimentales,PHYS,Sciences physiques,العلوم الفيزيائية,Physical sciences,fr,False,A. PHYSIQUE,topic,PHYSIQUE ATOMIQUE ET NUCLEAIRE,Physique atomique et nucléaire,49,Appliquer la relation ∆E = h.ν
secondaire,BAC,Baccalauréat (4ème année secondaire),البكالوريا (السنة الرابعة ثانوي),Baccalaureate (4th year of secondary education),SCEXP,Sciences expérimentales,علوم تجريبية,Experimental Sciences,bac-sciences-experimentales,PHYS,Sciences physiques,العلوم الفيزيائية,Physical sciences,fr,False,A. PHYSIQUE,topic,PHYSIQUE ATOMIQUE ET NUCLEAIRE,Physique atomique et nucléaire,50,Identifier un élément chimique à partir de son spectre d’émission ou d’absorption.
secondaire,BAC,Baccalauréat (4ème année secondaire),البكالوريا (السنة الرابعة ثانوي),Baccalaureate (4th year of secondary education),SCEXP,Sciences expérimentales,علوم تجريبية,Experimental Sciences,bac-sciences-experimentales,PHYS,Sciences physiques,العلوم الفيزيائية,Physical sciences,fr,False,A. PHYSIQUE,topic,PHYSIQUE ATOMIQUE ET NUCLEAIRE,Physique atomique et nucléaire,51,Utiliser le spectre de la lumière émise par une étoile pour reconnaître certains de ses constituants.
secondaire,BAC,Baccalauréat (4ème année secondaire),البكالوريا (السنة الرابعة ثانوي),Baccalaureate (4th year of secondary education),SCEXP,Sciences expérimentales,علوم تجريبية,Experimental Sciences,bac-sciences-experimentales,PHYS,Sciences physiques,العلوم الفيزيائية,Physical sciences,fr,False,A. PHYSIQUE,topic,PHYSIQUE ATOMIQUE ET NUCLEAIRE,Physique atomique et nucléaire,52,Ecrire le symbole d'un noyau atomique connaissant sa composition et inversement.
secondaire,BAC,Baccalauréat (4ème année secondaire),البكالوريا (السنة الرابعة ثانوي),Baccalaureate (4th year of secondary education),SCEXP,Sciences expérimentales,علوم تجريبية,Experimental Sciences,bac-sciences-experimentales,PHYS,Sciences physiques,العلوم الفيزيائية,Physical sciences,fr,False,A. PHYSIQUE,topic,PHYSIQUE ATOMIQUE ET NUCLEAIRE,Physique atomique et nucléaire,53,"Evaluer, en joules et en MeV, l'énergie mise en jeu au cours d'une transformation nucléaire."
secondaire,BAC,Baccalauréat (4ème année secondaire),البكالوريا (السنة الرابعة ثانوي),Baccalaureate (4th year of secondary education),SCEXP,Sciences expérimentales,علوم تجريبية,Experimental Sciences,bac-sciences-experimentales,PHYS,Sciences physiques,العلوم الفيزيائية,Physical sciences,fr,False,A. PHYSIQUE,topic,PHYSIQUE ATOMIQUE ET NUCLEAIRE,Physique atomique et nucléaire,54,"Evaluer en u et en MeV.c⁻², le défaut de masse résultant de la formation d'un noyau."
secondaire,BAC,Baccalauréat (4ème année secondaire),البكالوريا (السنة الرابعة ثانوي),Baccalaureate (4th year of secondary education),SCEXP,Sciences expérimentales,علوم تجريبية,Experimental Sciences,bac-sciences-experimentales,PHYS,Sciences physiques,العلوم الفيزيائية,Physical sciences,fr,False,A. PHYSIQUE,topic,PHYSIQUE ATOMIQUE ET NUCLEAIRE,Physique atomique et nucléaire,55,Calculer l'énergie de liaison d'un noyau et son énergie de liaison par nucléon.
secondaire,BAC,Baccalauréat (4ème année secondaire),البكالوريا (السنة الرابعة ثانوي),Baccalaureate (4th year of secondary education),SCEXP,Sciences expérimentales,علوم تجريبية,Experimental Sciences,bac-sciences-experimentales,PHYS,Sciences physiques,العلوم الفيزيائية,Physical sciences,fr,False,A. PHYSIQUE,topic,PHYSIQUE ATOMIQUE ET NUCLEAIRE,Physique atomique et nucléaire,56,"Comparer la stabilité de deux ou de plusieurs noyaux, connaissant les valeurs de leurs énergies de liaison par nucléon."
secondaire,BAC,Baccalauréat (4ème année secondaire),البكالوريا (السنة الرابعة ثانوي),Baccalaureate (4th year of secondary education),SCEXP,Sciences expérimentales,علوم تجريبية,Experimental Sciences,bac-sciences-experimentales,PHYS,Sciences physiques,العلوم الفيزيائية,Physical sciences,fr,False,A. PHYSIQUE,topic,PHYSIQUE ATOMIQUE ET NUCLEAIRE > III. Réactions nucléaires,Réactions nucléaires,57,Justifier l'émission de rayonnements radioactifs.
secondaire,BAC,Baccalauréat (4ème année secondaire),البكالوريا (السنة الرابعة ثانوي),Baccalaureate (4th year of secondary education),SCEXP,Sciences expérimentales,علوم تجريبية,Experimental Sciences,bac-sciences-experimentales,PHYS,Sciences physiques,العلوم الفيزيائية,Physical sciences,fr,False,A. PHYSIQUE,topic,PHYSIQUE ATOMIQUE ET NUCLEAIRE > III. Réactions nucléaires,Réactions nucléaires,58,Ecrire les équations des réactions nucléaires spontanées.
secondaire,BAC,Baccalauréat (4ème année secondaire),البكالوريا (السنة الرابعة ثانوي),Baccalaureate (4th year of secondary education),SCEXP,Sciences expérimentales,علوم تجريبية,Experimental Sciences,bac-sciences-experimentales,PHYS,Sciences physiques,العلوم الفيزيائية,Physical sciences,fr,False,A. PHYSIQUE,topic,PHYSIQUE ATOMIQUE ET NUCLEAIRE > III. Réactions nucléaires,Réactions nucléaires,59,Appliquer la loi de désintégration pour des durées multiples de la période d'un radioélément.
secondaire,BAC,Baccalauréat (4ème année secondaire),البكالوريا (السنة الرابعة ثانوي),Baccalaureate (4th year of secondary education),SCEXP,Sciences expérimentales,علوم تجريبية,Experimental Sciences,bac-sciences-experimentales,PHYS,Sciences physiques,العلوم الفيزيائية,Physical sciences,fr,False,A. PHYSIQUE,topic,PHYSIQUE ATOMIQUE ET NUCLEAIRE > III. Réactions nucléaires,Réactions nucléaires,60,Calculer l'activité d'un échantillon radioactif.
secondaire,BAC,Baccalauréat (4ème année secondaire),البكالوريا (السنة الرابعة ثانوي),Baccalaureate (4th year of secondary education),SCEXP,Sciences expérimentales,علوم تجريبية,Experimental Sciences,bac-sciences-experimentales,PHYS,Sciences physiques,العلوم الفيزيائية,Physical sciences,fr,False,A. PHYSIQUE,topic,PHYSIQUE ATOMIQUE ET NUCLEAIRE > III. Réactions nucléaires,Réactions nucléaires,61,Distinguer les réactions nucléaires spontanées des réactions nucléaires provoquées.
secondaire,BAC,Baccalauréat (4ème année secondaire),البكالوريا (السنة الرابعة ثانوي),Baccalaureate (4th year of secondary education),SCEXP,Sciences expérimentales,علوم تجريبية,Experimental Sciences,bac-sciences-experimentales,PHYS,Sciences physiques,العلوم الفيزيائية,Physical sciences,fr,False,A. PHYSIQUE,topic,PHYSIQUE ATOMIQUE ET NUCLEAIRE > III. Réactions nucléaires,Réactions nucléaires,62,Distinguer la fission de la fusion nucléaire.
secondaire,BAC,Baccalauréat (4ème année secondaire),البكالوريا (السنة الرابعة ثانوي),Baccalaureate (4th year of secondary education),SCEXP,Sciences expérimentales,علوم تجريبية,Experimental Sciences,bac-sciences-experimentales,PHYS,Sciences physiques,العلوم الفيزيائية,Physical sciences,fr,False,A. PHYSIQUE,topic,PHYSIQUE ATOMIQUE ET NUCLEAIRE > III. Réactions nucléaires,Réactions nucléaires,63,Ecrire les équations des réactions nucléaires provoquées.
secondaire,BAC,Baccalauréat (4ème année secondaire),البكالوريا (السنة الرابعة ثانوي),Baccalaureate (4th year of secondary education),SCEXP,Sciences expérimentales,علوم تجريبية,Experimental Sciences,bac-sciences-experimentales,PHYS,Sciences physiques,العلوم الفيزيائية,Physical sciences,fr,False,A. PHYSIQUE,topic,PHYSIQUE ATOMIQUE ET NUCLEAIRE > III. Réactions nucléaires,Réactions nucléaires,64,Justifier la variation d'énergie accompagnant la fission et la fusion nucléaires.
secondaire,BAC,Baccalauréat (4ème année secondaire),البكالوريا (السنة الرابعة ثانوي),Baccalaureate (4th year of secondary education),SCEXP,Sciences expérimentales,علوم تجريبية,Experimental Sciences,bac-sciences-experimentales,PHYS,Sciences physiques,العلوم الفيزيائية,Physical sciences,fr,False,A. PHYSIQUE,topic,PHYSIQUE ATOMIQUE ET NUCLEAIRE > III. Réactions nucléaires,Réactions nucléaires,65,Evaluer l'énergie libérée au cours des réactions nucléaires de fission et de fusion.
secondaire,BAC,Baccalauréat (4ème année secondaire),البكالوريا (السنة الرابعة ثانوي),Baccalaureate (4th year of secondary education),SCEXP,Sciences expérimentales,علوم تجريبية,Experimental Sciences,bac-sciences-experimentales,PHYS,Sciences physiques,العلوم الفيزيائية,Physical sciences,fr,False,B. CHIMIE,topic,CINETIQUE CHIMIQUE,Cinétique chimique,66,Calculer la vitesse moyenne.
secondaire,BAC,Baccalauréat (4ème année secondaire),البكالوريا (السنة الرابعة ثانوي),Baccalaureate (4th year of secondary education),SCEXP,Sciences expérimentales,علوم تجريبية,Experimental Sciences,bac-sciences-experimentales,PHYS,Sciences physiques,العلوم الفيزيائية,Physical sciences,fr,False,B. CHIMIE,topic,CINETIQUE CHIMIQUE,Cinétique chimique,67,Déterminer graphiquement la vitesse instantanée d’une réaction chimique.
secondaire,BAC,Baccalauréat (4ème année secondaire),البكالوريا (السنة الرابعة ثانوي),Baccalaureate (4th year of secondary education),SCEXP,Sciences expérimentales,علوم تجريبية,Experimental Sciences,bac-sciences-experimentales,PHYS,Sciences physiques,العلوم الفيزيائية,Physical sciences,fr,False,B. CHIMIE,topic,CINETIQUE CHIMIQUE,Cinétique chimique,68,Distinguer la différence entre catalyseur et réactif.
secondaire,BAC,Baccalauréat (4ème année secondaire),البكالوريا (السنة الرابعة ثانوي),Baccalaureate (4th year of secondary education),SCEXP,Sciences expérimentales,علوم تجريبية,Experimental Sciences,bac-sciences-experimentales,PHYS,Sciences physiques,العلوم الفيزيائية,Physical sciences,fr,False,B. CHIMIE,topic,CINETIQUE CHIMIQUE,Cinétique chimique,69,Distinguer entre catalyse homogène et catalyse hétérogène.
secondaire,BAC,Baccalauréat (4ème année secondaire),البكالوريا (السنة الرابعة ثانوي),Baccalaureate (4th year of secondary education),SCEXP,Sciences expérimentales,علوم تجريبية,Experimental Sciences,bac-sciences-experimentales,PHYS,Sciences physiques,العلوم الفيزيائية,Physical sciences,fr,False,B. CHIMIE,topic,CINETIQUE CHIMIQUE,Cinétique chimique,70,Reconnaître les principaux facteurs cinétiques.
secondaire,BAC,Baccalauréat (4ème année secondaire),البكالوريا (السنة الرابعة ثانوي),Baccalaureate (4th year of secondary education),SCEXP,Sciences expérimentales,علوم تجريبية,Experimental Sciences,bac-sciences-experimentales,PHYS,Sciences physiques,العلوم الفيزيائية,Physical sciences,fr,False,B. CHIMIE,topic,EQUILIBRES CHIMIQUES,Équilibre chimique,71,Reconnaître un système en état d’équilibre chimique.
secondaire,BAC,Baccalauréat (4ème année secondaire),البكالوريا (السنة الرابعة ثانوي),Baccalaureate (4th year of secondary education),SCEXP,Sciences expérimentales,علوم تجريبية,Experimental Sciences,bac-sciences-experimentales,PHYS,Sciences physiques,العلوم الفيزيائية,Physical sciences,fr,False,B. CHIMIE,topic,EQUILIBRES CHIMIQUES,Équilibre chimique,72,Reconnaître qu’un équilibre chimique est un équilibre dynamique
secondaire,BAC,Baccalauréat (4ème année secondaire),البكالوريا (السنة الرابعة ثانوي),Baccalaureate (4th year of secondary education),SCEXP,Sciences expérimentales,علوم تجريبية,Experimental Sciences,bac-sciences-experimentales,PHYS,Sciences physiques,العلوم الفيزيائية,Physical sciences,fr,False,B. CHIMIE,topic,EQUILIBRES CHIMIQUES,Équilibre chimique,73,Interpréter à l’échelle microscopique un équilibre chimique.
secondaire,BAC,Baccalauréat (4ème année secondaire),البكالوريا (السنة الرابعة ثانوي),Baccalaureate (4th year of secondary education),SCEXP,Sciences expérimentales,علوم تجريبية,Experimental Sciences,bac-sciences-experimentales,PHYS,Sciences physiques,العلوم الفيزيائية,Physical sciences,fr,False,B. CHIMIE,topic,EQUILIBRES CHIMIQUES,Équilibre chimique,74,Appliquer la loi d’action de masse.
secondaire,BAC,Baccalauréat (4ème année secondaire),البكالوريا (السنة الرابعة ثانوي),Baccalaureate (4th year of secondary education),SCEXP,Sciences expérimentales,علوم تجريبية,Experimental Sciences,bac-sciences-experimentales,PHYS,Sciences physiques,العلوم الفيزيائية,Physical sciences,fr,False,B. CHIMIE,topic,EQUILIBRES CHIMIQUES,Équilibre chimique,75,Prévoir le sens d’évolution d’un système chimique vers un état d’équilibre.
secondaire,BAC,Baccalauréat (4ème année secondaire),البكالوريا (السنة الرابعة ثانوي),Baccalaureate (4th year of secondary education),SCEXP,Sciences expérimentales,علوم تجريبية,Experimental Sciences,bac-sciences-experimentales,PHYS,Sciences physiques,العلوم الفيزيائية,Physical sciences,fr,False,B. CHIMIE,topic,EQUILIBRES CHIMIQUES,Équilibre chimique,76,Appliquer la loi de modération pour prévoir le sens d’évolution d’un système chimique d’un état d’équilibre à un autre.
secondaire,BAC,Baccalauréat (4ème année secondaire),البكالوريا (السنة الرابعة ثانوي),Baccalaureate (4th year of secondary education),SCEXP,Sciences expérimentales,علوم تجريبية,Experimental Sciences,bac-sciences-experimentales,PHYS,Sciences physiques,العلوم الفيزيائية,Physical sciences,fr,False,B. CHIMIE,topic,REACTIONS ACIDES-BASES,Les réactions acide-base,77,Appliquer la loi d’action de masse à l’équilibre ionique de l’eau et aux réactions acide-base d’une manière générale.
secondaire,BAC,Baccalauréat (4ème année secondaire),البكالوريا (السنة الرابعة ثانوي),Baccalaureate (4th year of secondary education),SCEXP,Sciences expérimentales,علوم تجريبية,Experimental Sciences,bac-sciences-experimentales,PHYS,Sciences physiques,العلوم الفيزيائية,Physical sciences,fr,False,B. CHIMIE,topic,REACTIONS ACIDES-BASES,Les réactions acide-base,78,Classer les acides et les bases en fonction de leur constante d’acidité Ka ou de basicité Kb.
secondaire,BAC,Baccalauréat (4ème année secondaire),البكالوريا (السنة الرابعة ثانوي),Baccalaureate (4th year of secondary education),SCEXP,Sciences expérimentales,علوم تجريبية,Experimental Sciences,bac-sciences-experimentales,PHYS,Sciences physiques,العلوم الفيزيائية,Physical sciences,fr,False,B. CHIMIE,topic,REACTIONS ACIDES-BASES,Les réactions acide-base,79,Etablir pour un couple acide-base la relation : Ka.Kb = Ke
secondaire,BAC,Baccalauréat (4ème année secondaire),البكالوريا (السنة الرابعة ثانوي),Baccalaureate (4th year of secondary education),SCEXP,Sciences expérimentales,علوم تجريبية,Experimental Sciences,bac-sciences-experimentales,PHYS,Sciences physiques,العلوم الفيزيائية,Physical sciences,fr,False,B. CHIMIE,topic,REACTIONS ACIDES-BASES,Les réactions acide-base,80,Utiliser le couple de référence H3O+/ H2O pour comparer les forces des couples acide-base entre eux.
secondaire,BAC,Baccalauréat (4ème année secondaire),البكالوريا (السنة الرابعة ثانوي),Baccalaureate (4th year of secondary education),SCEXP,Sciences expérimentales,علوم تجريبية,Experimental Sciences,bac-sciences-experimentales,PHYS,Sciences physiques,العلوم الفيزيائية,Physical sciences,fr,False,B. CHIMIE,topic,REACTIONS ACIDES-BASES,Les réactions acide-base,81,Etablir l’expression du pH d’une solution aqueuse d’acide fort ou de base forte en fonction de sa concentration initiale.
secondaire,BAC,Baccalauréat (4ème année secondaire),البكالوريا (السنة الرابعة ثانوي),Baccalaureate (4th year of secondary education),SCEXP,Sciences expérimentales,علوم تجريبية,Experimental Sciences,bac-sciences-experimentales,PHYS,Sciences physiques,العلوم الفيزيائية,Physical sciences,fr,False,B. CHIMIE,topic,REACTIONS ACIDES-BASES,Les réactions acide-base,82,Etablir l’expression du pH d’une solution aqueuse d’acide faible ou de base faible en fonction de sa concentration initiale et de la constante d’acidité.
secondaire,BAC,Baccalauréat (4ème année secondaire),البكالوريا (السنة الرابعة ثانوي),Baccalaureate (4th year of secondary education),SCEXP,Sciences expérimentales,علوم تجريبية,Experimental Sciences,bac-sciences-experimentales,PHYS,Sciences physiques,العلوم الفيزيائية,Physical sciences,fr,False,B. CHIMIE,topic,REACTIONS ACIDES-BASES,Les réactions acide-base,83,Appliquer l’expression du pH d’une solution aqueuse d’acide ou de base au calcul de concentrations initiales.
secondaire,BAC,Baccalauréat (4ème année secondaire),البكالوريا (السنة الرابعة ثانوي),Baccalaureate (4th year of secondary education),SCEXP,Sciences expérimentales,علوم تجريبية,Experimental Sciences,bac-sciences-experimentales,PHYS,Sciences physiques,العلوم الفيزيائية,Physical sciences,fr,False,B. CHIMIE,topic,REACTIONS ACIDES-BASES,Les réactions acide-base,84,Réaliser les expériences de dosage acide-base.
secondaire,BAC,Baccalauréat (4ème année secondaire),البكالوريا (السنة الرابعة ثانوي),Baccalaureate (4th year of secondary education),SCEXP,Sciences expérimentales,علوم تجريبية,Experimental Sciences,bac-sciences-experimentales,PHYS,Sciences physiques,العلوم الفيزيائية,Physical sciences,fr,False,B. CHIMIE,topic,REACTIONS ACIDES-BASES,Les réactions acide-base,85,Déterminer à l’aide des courbes d’évolution du pH relatives aux dosages acide-base : - la force de l’acide ou de la base ; - la concentration initiale de la solution aqueuse acide ou basique utilisée ; - le point d’équivalence et éventuellement celui de demi-équivalence.
secondaire,BAC,Baccalauréat (4ème année secondaire),البكالوريا (السنة الرابعة ثانوي),Baccalaureate (4th year of secondary education),SCEXP,Sciences expérimentales,علوم تجريبية,Experimental Sciences,bac-sciences-experimentales,PHYS,Sciences physiques,العلوم الفيزيائية,Physical sciences,fr,False,B. CHIMIE,topic,CHIMIE ORGANIQUE,La chimie organique,86,Reconnaître et nommer un amide
secondaire,BAC,Baccalauréat (4ème année secondaire),البكالوريا (السنة الرابعة ثانوي),Baccalaureate (4th year of secondary education),SCEXP,Sciences expérimentales,علوم تجريبية,Experimental Sciences,bac-sciences-experimentales,PHYS,Sciences physiques,العلوم الفيزيائية,Physical sciences,fr,False,B. CHIMIE,topic,CHIMIE ORGANIQUE,La chimie organique,87,"Décrire un mode de synthèse d’un ester, d’un amide et d’un anhydride d’acide à partir d'un autre dérivé d'acide carboxylique."
secondaire,BAC,Baccalauréat (4ème année secondaire),البكالوريا (السنة الرابعة ثانوي),Baccalaureate (4th year of secondary education),SCEXP,Sciences expérimentales,علوم تجريبية,Experimental Sciences,bac-sciences-experimentales,PHYS,Sciences physiques,العلوم الفيزيائية,Physical sciences,fr,False,B. CHIMIE,topic,PILES ELECTROCHIMIQUES,Piles électrochimiques,88,Expliquer le principe de fonctionnement de la pile Daniell.
secondaire,BAC,Baccalauréat (4ème année secondaire),البكالوريا (السنة الرابعة ثانوي),Baccalaureate (4th year of secondary education),SCEXP,Sciences expérimentales,علوم تجريبية,Experimental Sciences,bac-sciences-experimentales,PHYS,Sciences physiques,العلوم الفيزيائية,Physical sciences,fr,False,B. CHIMIE,topic,PILES ELECTROCHIMIQUES,Piles électrochimiques,89,"Déduire à partir du sens du courant, le sens de la réaction spontanée qui se produit dans la pile."
secondaire,BAC,Baccalauréat (4ème année secondaire),البكالوريا (السنة الرابعة ثانوي),Baccalaureate (4th year of secondary education),SCEXP,Sciences expérimentales,علوم تجريبية,Experimental Sciences,bac-sciences-experimentales,PHYS,Sciences physiques,العلوم الفيزيائية,Physical sciences,fr,False,B. CHIMIE,topic,PILES ELECTROCHIMIQUES,Piles électrochimiques,90,Déterminer le sens de la transformation spontanée mettant en jeu deux couples rédox.
secondaire,BAC,Baccalauréat (4ème année secondaire),البكالوريا (السنة الرابعة ثانوي),Baccalaureate (4th year of secondary education),SCEXP,Sciences expérimentales,علوم تجريبية,Experimental Sciences,bac-sciences-experimentales,PHYS,Sciences physiques,العلوم الفيزيائية,Physical sciences,fr,False,B. CHIMIE,topic,PILES ELECTROCHIMIQUES,Piles électrochimiques,91,Généraliser le principe de la pile Daniell à d’autres piles du même type.
secondaire,BAC,Baccalauréat (4ème année secondaire),البكالوريا (السنة الرابعة ثانوي),Baccalaureate (4th year of secondary education),SCEXP,Sciences expérimentales,علوم تجريبية,Experimental Sciences,bac-sciences-experimentales,PHYS,Sciences physiques,العلوم الفيزيائية,Physical sciences,fr,False,B. CHIMIE,topic,PILES ELECTROCHIMIQUES,Piles électrochimiques,92,Appliquer l’expression de la f.e.m. E d’une pile de type Daniell sur d’autres piles du même type.
secondaire,BAC,Baccalauréat (4ème année secondaire),البكالوريا (السنة الرابعة ثانوي),Baccalaureate (4th year of secondary education),SCEXP,Sciences expérimentales,علوم تجريبية,Experimental Sciences,bac-sciences-experimentales,PHYS,Sciences physiques,العلوم الفيزيائية,Physical sciences,fr,False,B. CHIMIE,topic,PILES ELECTROCHIMIQUES,Piles électrochimiques,93,Faire un classement de quelques couples rédox selon le potentiel normal d'électrode.
secondaire,BAC,Baccalauréat (4ème année secondaire),البكالوريا (السنة الرابعة ثانوي),Baccalaureate (4th year of secondary education),SCEXP,Sciences expérimentales,علوم تجريبية,Experimental Sciences,bac-sciences-experimentales,MATH,Mathématiques,الرياضيات,Mathematics,fr,False,Analyse,domain,,,1,Reconnaître si une fonction est continue en un réel ou sur un intervalle à partir de son expression algébrique ou d’un graphique.
secondaire,BAC,Baccalauréat (4ème année secondaire),البكالوريا (السنة الرابعة ثانوي),Baccalaureate (4th year of secondary education),SCEXP,Sciences expérimentales,علوم تجريبية,Experimental Sciences,bac-sciences-experimentales,MATH,Mathématiques,الرياضيات,Mathematics,fr,False,Analyse,domain,,,2,"Déterminer les valeurs exactes ou approchées des extrema d’une fonction continue sur [a,b]."
secondaire,BAC,Baccalauréat (4ème année secondaire),البكالوريا (السنة الرابعة ثانوي),Baccalaureate (4th year of secondary education),SCEXP,Sciences expérimentales,علوم تجريبية,Experimental Sciences,bac-sciences-experimentales,MATH,Mathématiques,الرياضيات,Mathematics,fr,False,Analyse,domain,,,3,"Déterminer une valeur exacte ou approchée d’une solution d’une équation de la forme f(x) = k , dans le cas où f est une fonction continue sur un intervalle."
secondaire,BAC,Baccalauréat (4ème année secondaire),البكالوريا (السنة الرابعة ثانوي),Baccalaureate (4th year of secondary education),SCEXP,Sciences expérimentales,علوم تجريبية,Experimental Sciences,bac-sciences-experimentales,MATH,Mathématiques,الرياضيات,Mathematics,fr,False,Analyse,domain,,,4,Déterminer la limite éventuelle d’une fonction du programme en un réel ou à l’infini.
secondaire,BAC,Baccalauréat (4ème année secondaire),البكالوريا (السنة الرابعة ثانوي),Baccalaureate (4th year of secondary education),SCEXP,Sciences expérimentales,علوم تجريبية,Experimental Sciences,bac-sciences-experimentales,MATH,Mathématiques,الرياضيات,Mathematics,fr,False,Analyse,domain,,,5,"Déterminer la limite d’une fonction monotone sur un intervalle, aux bornes de l’intervalle."
secondaire,BAC,Baccalauréat (4ème année secondaire),البكالوريا (السنة الرابعة ثانوي),Baccalaureate (4th year of secondary education),SCEXP,Sciences expérimentales,علوم تجريبية,Experimental Sciences,bac-sciences-experimentales,MATH,Mathématiques,الرياضيات,Mathematics,fr,False,Analyse,domain,,,6,Reconnaître qu'une fonction réalise une bijection .
secondaire,BAC,Baccalauréat (4ème année secondaire),البكالوريا (السنة الرابعة ثانوي),Baccalaureate (4th year of secondary education),SCEXP,Sciences expérimentales,علوم تجريبية,Experimental Sciences,bac-sciences-experimentales,MATH,Mathématiques,الرياضيات,Mathematics,fr,False,Analyse,domain,,,7,Reconnaître si une fonction du programme est dérivable en un point ou sur un intervalle.
secondaire,BAC,Baccalauréat (4ème année secondaire),البكالوريا (السنة الرابعة ثانوي),Baccalaureate (4th year of secondary education),SCEXP,Sciences expérimentales,علوم تجريبية,Experimental Sciences,bac-sciences-experimentales,MATH,Mathématiques,الرياضيات,Mathematics,fr,False,Analyse,domain,,,8,Reconnaître que le nombre dérivé d’une fonction en a est la pente de la tangente à la courbe de cette fonction en le point d’abscisse a .
secondaire,BAC,Baccalauréat (4ème année secondaire),البكالوريا (السنة الرابعة ثانوي),Baccalaureate (4th year of secondary education),SCEXP,Sciences expérimentales,علوم تجريبية,Experimental Sciences,bac-sciences-experimentales,MATH,Mathématiques,الرياضيات,Mathematics,fr,False,Analyse,domain,,,9,Déterminer l’équation de la tangente (ou des demi-tangentes) à une courbe en un point d’abscisse a.
secondaire,BAC,Baccalauréat (4ème année secondaire),البكالوريا (السنة الرابعة ثانوي),Baccalaureate (4th year of secondary education),SCEXP,Sciences expérimentales,علوم تجريبية,Experimental Sciences,bac-sciences-experimentales,MATH,Mathématiques,الرياضيات,Mathematics,fr,False,Analyse,domain,,,10,Déterminer le nombre dérivé d’une fonction du programme en un réel a connaissant l’équation de la tangente à la courbe représentative de la fonction au point d’abscisse a.
secondaire,BAC,Baccalauréat (4ème année secondaire),البكالوريا (السنة الرابعة ثانوي),Baccalaureate (4th year of secondary education),SCEXP,Sciences expérimentales,علوم تجريبية,Experimental Sciences,bac-sciences-experimentales,MATH,Mathématiques,الرياضيات,Mathematics,fr,False,Analyse,domain,,,11,Déterminer l’approximation affine d’une fonction du programme au voisinage d’un réel a.
secondaire,BAC,Baccalauréat (4ème année secondaire),البكالوريا (السنة الرابعة ثانوي),Baccalaureate (4th year of secondary education),SCEXP,Sciences expérimentales,علوم تجريبية,Experimental Sciences,bac-sciences-experimentales,MATH,Mathématiques,الرياضيات,Mathematics,fr,False,Analyse,domain,,,12,Donner une valeur approchée de nombre réel en utilisant l’approximation affine d’une fonction du programme au voisinage d’un réel a.
secondaire,BAC,Baccalauréat (4ème année secondaire),البكالوريا (السنة الرابعة ثانوي),Baccalaureate (4th year of secondary education),SCEXP,Sciences expérimentales,علوم تجريبية,Experimental Sciences,bac-sciences-experimentales,MATH,Mathématiques,الرياضيات,Mathematics,fr,False,Analyse,domain,,,13,Déterminer la dérivée d’une fonction du programme sur un intervalle en utilisant les opérations sur les fonctions dérivables et les dérivées de fonctions usuelles.
secondaire,BAC,Baccalauréat (4ème année secondaire),البكالوريا (السنة الرابعة ثانوي),Baccalaureate (4th year of secondary education),SCEXP,Sciences expérimentales,علوم تجريبية,Experimental Sciences,bac-sciences-experimentales,MATH,Mathématiques,الرياضيات,Mathematics,fr,False,Analyse,domain,,,14,Déterminer la dérivée d’une fonction composée.
secondaire,BAC,Baccalauréat (4ème année secondaire),البكالوريا (السنة الرابعة ثانوي),Baccalaureate (4th year of secondary education),SCEXP,Sciences expérimentales,علوم تجريبية,Experimental Sciences,bac-sciences-experimentales,MATH,Mathématiques,الرياضيات,Mathematics,fr,False,Analyse,domain,,,15,Résoudre des inéquations en utilisant l’inégalité des accroissements finis.
secondaire,BAC,Baccalauréat (4ème année secondaire),البكالوريا (السنة الرابعة ثانوي),Baccalaureate (4th year of secondary education),SCEXP,Sciences expérimentales,علوم تجريبية,Experimental Sciences,bac-sciences-experimentales,MATH,Mathématiques,الرياضيات,Mathematics,fr,False,Analyse,domain,,,16,Déterminer le sens de variation d’une fonction du programme connaissant le signe de sa dérivée.
secondaire,BAC,Baccalauréat (4ème année secondaire),البكالوريا (السنة الرابعة ثانوي),Baccalaureate (4th year of secondary education),SCEXP,Sciences expérimentales,علوم تجريبية,Experimental Sciences,bac-sciences-experimentales,MATH,Mathématiques,الرياضيات,Mathematics,fr,False,Analyse,domain,,,17,Déterminer le sens de variation d’une fonction du programme à partir de sa représentation graphique.
secondaire,BAC,Baccalauréat (4ème année secondaire),البكالوريا (السنة الرابعة ثانوي),Baccalaureate (4th year of secondary education),SCEXP,Sciences expérimentales,علوم تجريبية,Experimental Sciences,bac-sciences-experimentales,MATH,Mathématiques,الرياضيات,Mathematics,fr,False,Analyse,domain,,,18,Reconnaître qu’un réel est un extremum local ou global d’une fonction du programme.
secondaire,BAC,Baccalauréat (4ème année secondaire),البكالوريا (السنة الرابعة ثانوي),Baccalaureate (4th year of secondary education),SCEXP,Sciences expérimentales,علوم تجريبية,Experimental Sciences,bac-sciences-experimentales,MATH,Mathématiques,الرياضيات,Mathematics,fr,False,Analyse,domain,,,19,Reconnaître un point d’inflexion.
secondaire,BAC,Baccalauréat (4ème année secondaire),البكالوريا (السنة الرابعة ثانوي),Baccalaureate (4th year of secondary education),SCEXP,Sciences expérimentales,علوم تجريبية,Experimental Sciences,bac-sciences-experimentales,MATH,Mathématiques,الرياضيات,Mathematics,fr,False,Analyse,domain,,,20,Reconnaître qu’un point ou une droite est un centre ou un axe de symétrie.
secondaire,BAC,Baccalauréat (4ème année secondaire),البكالوريا (السنة الرابعة ثانوي),Baccalaureate (4th year of secondary education),SCEXP,Sciences expérimentales,علوم تجريبية,Experimental Sciences,bac-sciences-experimentales,MATH,Mathématiques,الرياضيات,Mathematics,fr,False,Analyse,domain,,,21,Identifier les branches infinies de la courbe représentative d’une fonction du programme.
secondaire,BAC,Baccalauréat (4ème année secondaire),البكالوريا (السنة الرابعة ثانوي),Baccalaureate (4th year of secondary education),SCEXP,Sciences expérimentales,علوم تجريبية,Experimental Sciences,bac-sciences-experimentales,MATH,Mathématiques,الرياضيات,Mathematics,fr,False,Analyse,domain,,,22,Tracer la courbe représentative de la réciproque d’une fonction donnée.
secondaire,BAC,Baccalauréat (4ème année secondaire),البكالوريا (السنة الرابعة ثانوي),Baccalaureate (4th year of secondary education),SCEXP,Sciences expérimentales,علوم تجريبية,Experimental Sciences,bac-sciences-experimentales,MATH,Mathématiques,الرياضيات,Mathematics,fr,False,Analyse,domain,,,23,"Tracer une courbe représentative d’une fonction à partir d’une autre en utilisant une transformation plane (translation, symétrie axiale ou centrale) ou une transformation d’écriture menant à un changement de repère."
secondaire,BAC,Baccalauréat (4ème année secondaire),البكالوريا (السنة الرابعة ثانوي),Baccalaureate (4th year of secondary education),SCEXP,Sciences expérimentales,علوم تجريبية,Experimental Sciences,bac-sciences-experimentales,MATH,Mathématiques,الرياضيات,Mathematics,fr,False,Analyse,domain,,,24,Exploiter ou produire un graphique pour étudier la position relative de deux courbes.
secondaire,BAC,Baccalauréat (4ème année secondaire),البكالوريا (السنة الرابعة ثانوي),Baccalaureate (4th year of secondary education),SCEXP,Sciences expérimentales,علوم تجريبية,Experimental Sciences,bac-sciences-experimentales,MATH,Mathématiques,الرياضيات,Mathematics,fr,False,Analyse,domain,,,25,Exploiter ou produire une représentation graphique pour déterminer ou estimer les solutions éventuelles d’une équation ou d’une inéquation.
secondaire,BAC,Baccalauréat (4ème année secondaire),البكالوريا (السنة الرابعة ثانوي),Baccalaureate (4th year of secondary education),SCEXP,Sciences expérimentales,علوم تجريبية,Experimental Sciences,bac-sciences-experimentales,MATH,Mathématiques,الرياضيات,Mathematics,fr,False,Analyse,domain,,,26,Déterminer l’ensemble des primitives d’une fonction continue sur un intervalle I.
secondaire,BAC,Baccalauréat (4ème année secondaire),البكالوريا (السنة الرابعة ثانوي),Baccalaureate (4th year of secondary education),SCEXP,Sciences expérimentales,علوم تجريبية,Experimental Sciences,bac-sciences-experimentales,MATH,Mathématiques,الرياضيات,Mathematics,fr,False,Analyse,domain,,,27,"Reconnaître qu’une fonction est la primitive d’une fonction continue sur un intervalle I, qui s’annule en un réel a de I."
secondaire,BAC,Baccalauréat (4ème année secondaire),البكالوريا (السنة الرابعة ثانوي),Baccalaureate (4th year of secondary education),SCEXP,Sciences expérimentales,علوم تجريبية,Experimental Sciences,bac-sciences-experimentales,MATH,Mathématiques,الرياضيات,Mathematics,fr,False,Analyse,domain,,,28,Calculer les primitives des fonctions usuelles.
secondaire,BAC,Baccalauréat (4ème année secondaire),البكالوريا (السنة الرابعة ثانوي),Baccalaureate (4th year of secondary education),SCEXP,Sciences expérimentales,علوم تجريبية,Experimental Sciences,bac-sciences-experimentales,MATH,Mathématiques,الرياضيات,Mathematics,fr,False,Analyse,domain,,,29,Calculer une intégrale en utilisant une primitive.
secondaire,BAC,Baccalauréat (4ème année secondaire),البكالوريا (السنة الرابعة ثانوي),Baccalaureate (4th year of secondary education),SCEXP,Sciences expérimentales,علوم تجريبية,Experimental Sciences,bac-sciences-experimentales,MATH,Mathématiques,الرياضيات,Mathematics,fr,False,Analyse,domain,,,30,Calculer une intégrale à l’aide d’intégration par parties.
secondaire,BAC,Baccalauréat (4ème année secondaire),البكالوريا (السنة الرابعة ثانوي),Baccalaureate (4th year of secondary education),SCEXP,Sciences expérimentales,علوم تجريبية,Experimental Sciences,bac-sciences-experimentales,MATH,Mathématiques,الرياضيات,Mathematics,fr,False,Analyse,domain,,,31,Calculer l'aire d'une partie du plan délimitée par des courbes.
secondaire,BAC,Baccalauréat (4ème année secondaire),البكالوريا (السنة الرابعة ثانوي),Baccalaureate (4th year of secondary education),SCEXP,Sciences expérimentales,علوم تجريبية,Experimental Sciences,bac-sciences-experimentales,MATH,Mathématiques,الرياضيات,Mathematics,fr,False,Analyse,domain,,,32,Comparer des fonctions en utilisant des intégrales.
secondaire,BAC,Baccalauréat (4ème année secondaire),البكالوريا (السنة الرابعة ثانوي),Baccalaureate (4th year of secondary education),SCEXP,Sciences expérimentales,علوم تجريبية,Experimental Sciences,bac-sciences-experimentales,MATH,Mathématiques,الرياضيات,Mathematics,fr,False,Analyse,domain,,,33,Donner une valeur approchée d’une intégrale par la méthode des rectangles.
secondaire,BAC,Baccalauréat (4ème année secondaire),البكالوريا (السنة الرابعة ثانوي),Baccalaureate (4th year of secondary education),SCEXP,Sciences expérimentales,علوم تجريبية,Experimental Sciences,bac-sciences-experimentales,MATH,Mathématiques,الرياضيات,Mathematics,fr,False,Analyse,domain,,,34,Etudier une fonction définie par une intégrale.
secondaire,BAC,Baccalauréat (4ème année secondaire),البكالوريا (السنة الرابعة ثانوي),Baccalaureate (4th year of secondary education),SCEXP,Sciences expérimentales,علوم تجريبية,Experimental Sciences,bac-sciences-experimentales,MATH,Mathématiques,الرياضيات,Mathematics,fr,False,Analyse,domain,,,35,Résoudre une équation différentielle du programme.
secondaire,BAC,Baccalauréat (4ème année secondaire),البكالوريا (السنة الرابعة ثانوي),Baccalaureate (4th year of secondary education),SCEXP,Sciences expérimentales,علوم تجريبية,Experimental Sciences,bac-sciences-experimentales,MATH,Mathématiques,الرياضيات,Mathematics,fr,False,Analyse,domain,,,36,Reconnaître qu’un réel est un majorant ou un minorant d’une suite du programme.
secondaire,BAC,Baccalauréat (4ème année secondaire),البكالوريا (السنة الرابعة ثانوي),Baccalaureate (4th year of secondary education),SCEXP,Sciences expérimentales,علوم تجريبية,Experimental Sciences,bac-sciences-experimentales,MATH,Mathématiques,الرياضيات,Mathematics,fr,False,Analyse,domain,,,37,Etudier les variations d’une suite du programme.
secondaire,BAC,Baccalauréat (4ème année secondaire),البكالوريا (السنة الرابعة ثانوي),Baccalaureate (4th year of secondary education),SCEXP,Sciences expérimentales,علوم تجريبية,Experimental Sciences,bac-sciences-experimentales,MATH,Mathématiques,الرياضيات,Mathematics,fr,False,Analyse,domain,,,38,"Représenter graphiquement les points An de coordonnées (n, un), dans le cas où (un)n est une suite du type un = f(n) où f est une fonction du programme."
secondaire,BAC,Baccalauréat (4ème année secondaire),البكالوريا (السنة الرابعة ثانوي),Baccalaureate (4th year of secondary education),SCEXP,Sciences expérimentales,علوم تجريبية,Experimental Sciences,bac-sciences-experimentales,MATH,Mathématiques,الرياضيات,Mathematics,fr,False,Analyse,domain,,,39,Représenter graphiquement une suite récurrente.
secondaire,BAC,Baccalauréat (4ème année secondaire),البكالوريا (السنة الرابعة ثانوي),Baccalaureate (4th year of secondary education),SCEXP,Sciences expérimentales,علوم تجريبية,Experimental Sciences,bac-sciences-experimentales,MATH,Mathématiques,الرياضيات,Mathematics,fr,False,Analyse,domain,,,40,Etudier la convergence d’une suite du programme.
secondaire,BAC,Baccalauréat (4ème année secondaire),البكالوريا (السنة الرابعة ثانوي),Baccalaureate (4th year of secondary education),SCEXP,Sciences expérimentales,علوم تجريبية,Experimental Sciences,bac-sciences-experimentales,MATH,Mathématiques,الرياضيات,Mathematics,fr,False,Analyse,domain,,,41,Déterminer une valeur exacte ou approchée de la limite d’une suite convergente.
secondaire,BAC,Baccalauréat (4ème année secondaire),البكالوريا (السنة الرابعة ثانوي),Baccalaureate (4th year of secondary education),SCEXP,Sciences expérimentales,علوم تجريبية,Experimental Sciences,bac-sciences-experimentales,MATH,Mathématiques,الرياضيات,Mathematics,fr,False,Analyse,domain,,,42,Reconnaître que deux suites sont adjacentes.
secondaire,BAC,Baccalauréat (4ème année secondaire),البكالوريا (السنة الرابعة ثانوي),Baccalaureate (4th year of secondary education),SCEXP,Sciences expérimentales,علوم تجريبية,Experimental Sciences,bac-sciences-experimentales,MATH,Mathématiques,الرياضيات,Mathematics,fr,False,Analyse,domain,,,43,Les élèves résolvent des problèmes dans des situations mathématiques ou en rapport avec l’environnement faisant appel à des suites ou à des fonctions du programme.
secondaire,BAC,Baccalauréat (4ème année secondaire),البكالوريا (السنة الرابعة ثانوي),Baccalaureate (4th year of secondary education),SCEXP,Sciences expérimentales,علوم تجريبية,Experimental Sciences,bac-sciences-experimentales,MATH,Mathématiques,الرياضيات,Mathematics,fr,False,Analyse,domain,,,44,Ils résolvent des problèmes puisés dans des situations réelles pouvant être modélisées par une suite ou une fonction du programme ou une équation différentielle.
secondaire,BAC,Baccalauréat (4ème année secondaire),البكالوريا (السنة الرابعة ثانوي),Baccalaureate (4th year of secondary education),SCEXP,Sciences expérimentales,علوم تجريبية,Experimental Sciences,bac-sciences-experimentales,MATH,Mathématiques,الرياضيات,Mathematics,fr,False,Analyse,domain,,,45,Ils résolvent des problèmes d’optimisation.
secondaire,BAC,Baccalauréat (4ème année secondaire),البكالوريا (السنة الرابعة ثانوي),Baccalaureate (4th year of secondary education),SCEXP,Sciences expérimentales,علوم تجريبية,Experimental Sciences,bac-sciences-experimentales,MATH,Mathématiques,الرياضيات,Mathematics,fr,False,Géométrie,domain,,,46,Représenter un point connaissant son affixe.
secondaire,BAC,Baccalauréat (4ème année secondaire),البكالوريا (السنة الرابعة ثانوي),Baccalaureate (4th year of secondary education),SCEXP,Sciences expérimentales,علوم تجريبية,Experimental Sciences,bac-sciences-experimentales,MATH,Mathématiques,الرياضيات,Mathematics,fr,False,Géométrie,domain,,,47,Calculer ou transformer des expressions complexes.
secondaire,BAC,Baccalauréat (4ème année secondaire),البكالوريا (السنة الرابعة ثانوي),Baccalaureate (4th year of secondary education),SCEXP,Sciences expérimentales,علوم تجريبية,Experimental Sciences,bac-sciences-experimentales,MATH,Mathématiques,الرياضيات,Mathematics,fr,False,Géométrie,domain,,,48,Déterminer le conjugué d’un nombre complexe.
secondaire,BAC,Baccalauréat (4ème année secondaire),البكالوريا (السنة الرابعة ثانوي),Baccalaureate (4th year of secondary education),SCEXP,Sciences expérimentales,علوم تجريبية,Experimental Sciences,bac-sciences-experimentales,MATH,Mathématiques,الرياضيات,Mathematics,fr,False,Géométrie,domain,,,49,Déterminer le module et un argument d’un nombre complexe.
secondaire,BAC,Baccalauréat (4ème année secondaire),البكالوريا (السنة الرابعة ثانوي),Baccalaureate (4th year of secondary education),SCEXP,Sciences expérimentales,علوم تجريبية,Experimental Sciences,bac-sciences-experimentales,MATH,Mathématiques,الرياضيات,Mathematics,fr,False,Géométrie,domain,,,50,"Déterminer la forme trigonométrique, exponentielle d’un nombre complexe non nul."
secondaire,BAC,Baccalauréat (4ème année secondaire),البكالوريا (السنة الرابعة ثانوي),Baccalaureate (4th year of secondary education),SCEXP,Sciences expérimentales,علوم تجريبية,Experimental Sciences,bac-sciences-experimentales,MATH,Mathématiques,الرياضيات,Mathematics,fr,False,Géométrie,domain,,,51,"Repérer un point dans le plan orienté et donner son affixe, ses coordonnées cartésiennes ou ses coordonnées polaires."
secondaire,BAC,Baccalauréat (4ème année secondaire),البكالوريا (السنة الرابعة ثانوي),Baccalaureate (4th year of secondary education),SCEXP,Sciences expérimentales,علوم تجريبية,Experimental Sciences,bac-sciences-experimentales,MATH,Mathématiques,الرياضيات,Mathematics,fr,False,Géométrie,domain,,,52,Linéariser une expression trigonométrique.
secondaire,BAC,Baccalauréat (4ème année secondaire),البكالوريا (السنة الرابعة ثانوي),Baccalaureate (4th year of secondary education),SCEXP,Sciences expérimentales,علوم تجريبية,Experimental Sciences,bac-sciences-experimentales,MATH,Mathématiques,الرياضيات,Mathematics,fr,False,Géométrie,domain,,,53,Reconnaître que deux vecteurs sont colinéaires ou orthogonaux.
secondaire,BAC,Baccalauréat (4ème année secondaire),البكالوريا (السنة الرابعة ثانوي),Baccalaureate (4th year of secondary education),SCEXP,Sciences expérimentales,علوم تجريبية,Experimental Sciences,bac-sciences-experimentales,MATH,Mathématiques,الرياضيات,Mathematics,fr,False,Géométrie,domain,,,54,"Décider de l’alignement de trois points, du parallélisme ou de l’orthogonalité de deux droites"
secondaire,BAC,Baccalauréat (4ème année secondaire),البكالوريا (السنة الرابعة ثانوي),Baccalaureate (4th year of secondary education),SCEXP,Sciences expérimentales,علوم تجريبية,Experimental Sciences,bac-sciences-experimentales,MATH,Mathématiques,الرياضيات,Mathematics,fr,False,Géométrie,domain,,,55,Déterminer la racine neme d’un nombre complexe.
secondaire,BAC,Baccalauréat (4ème année secondaire),البكالوريا (السنة الرابعة ثانوي),Baccalaureate (4th year of secondary education),SCEXP,Sciences expérimentales,علوم تجريبية,Experimental Sciences,bac-sciences-experimentales,MATH,Mathématiques,الرياضيات,Mathematics,fr,False,Géométrie,domain,,,56,"Résoudre une équation de degré inférieur ou égal à 2, à coefficients complexes."
secondaire,BAC,Baccalauréat (4ème année secondaire),البكالوريا (السنة الرابعة ثانوي),Baccalaureate (4th year of secondary education),SCEXP,Sciences expérimentales,علوم تجريبية,Experimental Sciences,bac-sciences-experimentales,MATH,Mathématiques,الرياضيات,Mathematics,fr,False,Géométrie,domain,,,57,Résoudre une équation de degré supérieur ou égal à 2 à coefficients complexes.
secondaire,BAC,Baccalauréat (4ème année secondaire),البكالوريا (السنة الرابعة ثانوي),Baccalaureate (4th year of secondary education),SCEXP,Sciences expérimentales,علوم تجريبية,Experimental Sciences,bac-sciences-experimentales,MATH,Mathématiques,الرياضيات,Mathematics,fr,False,Géométrie,domain,,,58,Représenter dans le plan complexe les solutions d’une équation de degré supérieur ou égal à 2 à coefficients complexes.
secondaire,BAC,Baccalauréat (4ème année secondaire),البكالوريا (السنة الرابعة ثانوي),Baccalaureate (4th year of secondary education),SCEXP,Sciences expérimentales,علوم تجريبية,Experimental Sciences,bac-sciences-experimentales,MATH,Mathématiques,الرياضيات,Mathematics,fr,False,Géométrie,domain,,,59,Déterminer les composantes d'un vecteur en utilisant les opérations sur les vecteurs de l’espace.
secondaire,BAC,Baccalauréat (4ème année secondaire),البكالوريا (السنة الرابعة ثانوي),Baccalaureate (4th year of secondary education),SCEXP,Sciences expérimentales,علوم تجريبية,Experimental Sciences,bac-sciences-experimentales,MATH,Mathématiques,الرياضيات,Mathematics,fr,False,Géométrie,domain,,,60,Reconnaître que trois vecteurs de l’espace forment une base.
secondaire,BAC,Baccalauréat (4ème année secondaire),البكالوريا (السنة الرابعة ثانوي),Baccalaureate (4th year of secondary education),SCEXP,Sciences expérimentales,علوم تجريبية,Experimental Sciences,bac-sciences-experimentales,MATH,Mathématiques,الرياضيات,Mathematics,fr,False,Géométrie,domain,,,61,"Exploiter le produit scalaire dans l’espace pour calculer des grandeurs, déterminer des lieux géométriques et étudier des configurations géométriques."
secondaire,BAC,Baccalauréat (4ème année secondaire),البكالوريا (السنة الرابعة ثانوي),Baccalaureate (4th year of secondary education),SCEXP,Sciences expérimentales,علوم تجريبية,Experimental Sciences,bac-sciences-experimentales,MATH,Mathématiques,الرياضيات,Mathematics,fr,False,Géométrie,domain,,,62,"Exploiter les propriétés du produit vectoriel dans l’espace pour calculer des grandeurs, déterminer des lieux géométriques et étudier des configurations géométriques."
secondaire,BAC,Baccalauréat (4ème année secondaire),البكالوريا (السنة الرابعة ثانوي),Baccalaureate (4th year of secondary education),SCEXP,Sciences expérimentales,علوم تجريبية,Experimental Sciences,bac-sciences-experimentales,MATH,Mathématiques,الرياضيات,Mathematics,fr,False,Géométrie,domain,,,63,Déterminer les équations d’une droite ou d’un plan.
secondaire,BAC,Baccalauréat (4ème année secondaire),البكالوريا (السنة الرابعة ثانوي),Baccalaureate (4th year of secondary education),SCEXP,Sciences expérimentales,علوم تجريبية,Experimental Sciences,bac-sciences-experimentales,MATH,Mathématiques,الرياضيات,Mathematics,fr,False,Géométrie,domain,,,64,"Déterminer l’intersection de deux droites, d’un plan et d’une droite, de deux plans, de trois plans."
secondaire,BAC,Baccalauréat (4ème année secondaire),البكالوريا (السنة الرابعة ثانوي),Baccalaureate (4th year of secondary education),SCEXP,Sciences expérimentales,علوم تجريبية,Experimental Sciences,bac-sciences-experimentales,MATH,Mathématiques,الرياضيات,Mathematics,fr,False,Géométrie,domain,,,65,Déterminer une équation cartésienne d’une sphère.
secondaire,BAC,Baccalauréat (4ème année secondaire),البكالوريا (السنة الرابعة ثانوي),Baccalaureate (4th year of secondary education),SCEXP,Sciences expérimentales,علوم تجريبية,Experimental Sciences,bac-sciences-experimentales,MATH,Mathématiques,الرياضيات,Mathematics,fr,False,Géométrie,domain,,,66,Déterminer la section d’une sphère par un plan.
secondaire,BAC,Baccalauréat (4ème année secondaire),البكالوريا (السنة الرابعة ثانوي),Baccalaureate (4th year of secondary education),SCEXP,Sciences expérimentales,علوم تجريبية,Experimental Sciences,bac-sciences-experimentales,MATH,Mathématiques,الرياضيات,Mathematics,fr,False,Géométrie,domain,,,67,Les élèves résolvent des problèmes dans des situations mathématiques ou en rapport avec l’environnement.
secondaire,BAC,Baccalauréat (4ème année secondaire),البكالوريا (السنة الرابعة ثانوي),Baccalaureate (4th year of secondary education),SCEXP,Sciences expérimentales,علوم تجريبية,Experimental Sciences,bac-sciences-experimentales,MATH,Mathématiques,الرياضيات,Mathematics,fr,False,Géométrie,domain,,,68,"Ils résolvent des problèmes d’alignement, de concours, de lieu ou métriques."
secondaire,BAC,Baccalauréat (4ème année secondaire),البكالوريا (السنة الرابعة ثانوي),Baccalaureate (4th year of secondary education),SCEXP,Sciences expérimentales,علوم تجريبية,Experimental Sciences,bac-sciences-experimentales,MATH,Mathématiques,الرياضيات,Mathematics,fr,False,Géométrie,domain,,,69,Ils résolvent des problèmes puisés dans des situations réelles menant à un modèle géométrique.
secondaire,BAC,Baccalauréat (4ème année secondaire),البكالوريا (السنة الرابعة ثانوي),Baccalaureate (4th year of secondary education),SCEXP,Sciences expérimentales,علوم تجريبية,Experimental Sciences,bac-sciences-experimentales,MATH,Mathématiques,الرياضيات,Mathematics,fr,False,Géométrie,domain,,,70,Ils résolvent des problèmes d’optimisation.
secondaire,BAC,Baccalauréat (4ème année secondaire),البكالوريا (السنة الرابعة ثانوي),Baccalaureate (4th year of secondary education),SCEXP,Sciences expérimentales,علوم تجريبية,Experimental Sciences,bac-sciences-experimentales,MATH,Mathématiques,الرياضيات,Mathematics,fr,False,Statistiques - Probabilités,domain,,,71,"Décider, à partir d’un nuage de points, de l’utilité d’un ajustement affine."
secondaire,BAC,Baccalauréat (4ème année secondaire),البكالوريا (السنة الرابعة ثانوي),Baccalaureate (4th year of secondary education),SCEXP,Sciences expérimentales,علوم تجريبية,Experimental Sciences,bac-sciences-experimentales,MATH,Mathématiques,الرياضيات,Mathematics,fr,False,Statistiques - Probabilités,domain,,,72,Déterminer et tracer une droite de régression.
secondaire,BAC,Baccalauréat (4ème année secondaire),البكالوريا (السنة الرابعة ثانوي),Baccalaureate (4th year of secondary education),SCEXP,Sciences expérimentales,علوم تجريبية,Experimental Sciences,bac-sciences-experimentales,MATH,Mathématiques,الرياضيات,Mathematics,fr,False,Statistiques - Probabilités,domain,,,73,Calculer la covariance d’une série statistique double.
secondaire,BAC,Baccalauréat (4ème année secondaire),البكالوريا (السنة الرابعة ثانوي),Baccalaureate (4th year of secondary education),SCEXP,Sciences expérimentales,علوم تجريبية,Experimental Sciences,bac-sciences-experimentales,MATH,Mathématiques,الرياضيات,Mathematics,fr,False,Statistiques - Probabilités,domain,,,74,Calculer le coefficient de corrélation linéaire et interpréter le résultat
secondaire,BAC,Baccalauréat (4ème année secondaire),البكالوريا (السنة الرابعة ثانوي),Baccalaureate (4th year of secondary education),SCEXP,Sciences expérimentales,علوم تجريبية,Experimental Sciences,bac-sciences-experimentales,MATH,Mathématiques,الرياضيات,Mathematics,fr,False,Statistiques - Probabilités,domain,,,75,Calculer la probabilité d’un événement sachant qu’un autre est réalisé.
secondaire,BAC,Baccalauréat (4ème année secondaire),البكالوريا (السنة الرابعة ثانوي),Baccalaureate (4th year of secondary education),SCEXP,Sciences expérimentales,علوم تجريبية,Experimental Sciences,bac-sciences-experimentales,MATH,Mathématiques,الرياضيات,Mathematics,fr,False,Statistiques - Probabilités,domain,,,76,Décider de l’indépendance de deux événements.
secondaire,BAC,Baccalauréat (4ème année secondaire),البكالوريا (السنة الرابعة ثانوي),Baccalaureate (4th year of secondary education),SCEXP,Sciences expérimentales,علوم تجريبية,Experimental Sciences,bac-sciences-experimentales,MATH,Mathématiques,الرياضيات,Mathematics,fr,False,Statistiques - Probabilités,domain,,,77,Calculer la probabilité d’un événement en utilisant la formule de BAYES et/ou la formule des probabilités totales.
secondaire,BAC,Baccalauréat (4ème année secondaire),البكالوريا (السنة الرابعة ثانوي),Baccalaureate (4th year of secondary education),SCEXP,Sciences expérimentales,علوم تجريبية,Experimental Sciences,bac-sciences-experimentales,MATH,Mathématiques,الرياضيات,Mathematics,fr,False,Statistiques - Probabilités,domain,,,78,Déterminer la loi de probabilité d’une variable aléatoire.
secondaire,BAC,Baccalauréat (4ème année secondaire),البكالوريا (السنة الرابعة ثانوي),Baccalaureate (4th year of secondary education),SCEXP,Sciences expérimentales,علوم تجريبية,Experimental Sciences,bac-sciences-experimentales,MATH,Mathématiques,الرياضيات,Mathematics,fr,False,Statistiques - Probabilités,domain,,,79,Calculer les caractéristiques d’une variable aléatoire et interpréter les résultats.
secondaire,BAC,Baccalauréat (4ème année secondaire),البكالوريا (السنة الرابعة ثانوي),Baccalaureate (4th year of secondary education),SCEXP,Sciences expérimentales,علوم تجريبية,Experimental Sciences,bac-sciences-experimentales,MATH,Mathématiques,الرياضيات,Mathematics,fr,False,Statistiques - Probabilités,domain,,,80,Reconnaître un schéma de Bernoulli et en dégager les paramètres.
secondaire,BAC,Baccalauréat (4ème année secondaire),البكالوريا (السنة الرابعة ثانوي),Baccalaureate (4th year of secondary education),SCEXP,Sciences expérimentales,علوم تجريبية,Experimental Sciences,bac-sciences-experimentales,MATH,Mathématiques,الرياضيات,Mathematics,fr,False,Statistiques - Probabilités,domain,,,81,Déterminer la loi de probabilité d’une épreuve de Bernoulli.
secondaire,BAC,Baccalauréat (4ème année secondaire),البكالوريا (السنة الرابعة ثانوي),Baccalaureate (4th year of secondary education),SCEXP,Sciences expérimentales,علوم تجريبية,Experimental Sciences,bac-sciences-experimentales,MATH,Mathématiques,الرياضيات,Mathematics,fr,False,Statistiques - Probabilités,domain,,,82,Reconnaître qu’une variable aléatoire suit une loi exponentielle ou une loi uniforme.
secondaire,BAC,Baccalauréat (4ème année secondaire),البكالوريا (السنة الرابعة ثانوي),Baccalaureate (4th year of secondary education),SCEXP,Sciences expérimentales,علوم تجريبية,Experimental Sciences,bac-sciences-experimentales,MATH,Mathématiques,الرياضيات,Mathematics,fr,False,Statistiques - Probabilités,domain,,,83,Déterminer la fonction de répartition d’une variable aléatoire qui suit une loi exponentielle ou une loi uniforme.
secondaire,BAC,Baccalauréat (4ème année secondaire),البكالوريا (السنة الرابعة ثانوي),Baccalaureate (4th year of secondary education),SCEXP,Sciences expérimentales,علوم تجريبية,Experimental Sciences,bac-sciences-experimentales,MATH,Mathématiques,الرياضيات,Mathematics,fr,False,Statistiques - Probabilités,domain,,,84,Les élèves résolvent des problèmes dans des situations mathématiques ou en rapport avec l’environnement.
secondaire,BAC,Baccalauréat (4ème année secondaire),البكالوريا (السنة الرابعة ثانوي),Baccalaureate (4th year of secondary education),SCEXP,Sciences expérimentales,علوم تجريبية,Experimental Sciences,bac-sciences-experimentales,MATH,Mathématiques,الرياضيات,Mathematics,fr,False,Statistiques - Probabilités,domain,,,85,"En particulier, ils résolvent des problèmes puisés dans des situations réelles menant à un modèle statistique ou probabiliste."
secondaire,BAC,Baccalauréat (4ème année secondaire),البكالوريا (السنة الرابعة ثانوي),Baccalaureate (4th year of secondary education),TECH,Sciences techniques,العلوم التقنية,Technical Sciences,bac-techniques,MATH,Mathématiques,الرياضيات,Mathematics,fr,False,Analyse,domain,,,1,Reconnaître qu’une fonction est continue en un réel ou sur un intervalle à partir de son expression algébrique ou d’un graphique.
secondaire,BAC,Baccalauréat (4ème année secondaire),البكالوريا (السنة الرابعة ثانوي),Baccalaureate (4th year of secondary education),TECH,Sciences techniques,العلوم التقنية,Technical Sciences,bac-techniques,MATH,Mathématiques,الرياضيات,Mathematics,fr,False,Analyse,domain,,,2,"Déterminer une valeur exacte ou approchée d’une solution d’une équation de la forme f(x) = k , dans le cas où f est une fonction continue sur un intervalle."
secondaire,BAC,Baccalauréat (4ème année secondaire),البكالوريا (السنة الرابعة ثانوي),Baccalaureate (4th year of secondary education),TECH,Sciences techniques,العلوم التقنية,Technical Sciences,bac-techniques,MATH,Mathématiques,الرياضيات,Mathematics,fr,False,Analyse,domain,,,3,Déterminer la limite éventuelle d’une fonction du programme en un réel ou à l’infini.
secondaire,BAC,Baccalauréat (4ème année secondaire),البكالوريا (السنة الرابعة ثانوي),Baccalaureate (4th year of secondary education),TECH,Sciences techniques,العلوم التقنية,Technical Sciences,bac-techniques,MATH,Mathématiques,الرياضيات,Mathematics,fr,False,Analyse,domain,,,4,"Déterminer la limite d’une fonction monotone sur un intervalle, aux bornes de l’intervalle."
secondaire,BAC,Baccalauréat (4ème année secondaire),البكالوريا (السنة الرابعة ثانوي),Baccalaureate (4th year of secondary education),TECH,Sciences techniques,العلوم التقنية,Technical Sciences,bac-techniques,MATH,Mathématiques,الرياضيات,Mathematics,fr,False,Analyse,domain,,,5,Reconnaître qu'une fonction réalise une bijection .
secondaire,BAC,Baccalauréat (4ème année secondaire),البكالوريا (السنة الرابعة ثانوي),Baccalaureate (4th year of secondary education),TECH,Sciences techniques,العلوم التقنية,Technical Sciences,bac-techniques,MATH,Mathématiques,الرياضيات,Mathematics,fr,False,Analyse,domain,,,6,Reconnaître si une fonction du programme est dérivable en un point ou sur un intervalle.
secondaire,BAC,Baccalauréat (4ème année secondaire),البكالوريا (السنة الرابعة ثانوي),Baccalaureate (4th year of secondary education),TECH,Sciences techniques,العلوم التقنية,Technical Sciences,bac-techniques,MATH,Mathématiques,الرياضيات,Mathematics,fr,False,Analyse,domain,,,7,Reconnaître que le nombre dérivé d’une fonction en a est la pente de la tangente à la courbe de cette fonction en le point d’abscisse a .
secondaire,BAC,Baccalauréat (4ème année secondaire),البكالوريا (السنة الرابعة ثانوي),Baccalaureate (4th year of secondary education),TECH,Sciences techniques,العلوم التقنية,Technical Sciences,bac-techniques,MATH,Mathématiques,الرياضيات,Mathematics,fr,False,Analyse,domain,,,8,Déterminer l’équation de la tangente (ou des demi-tangentes) à une courbe en un point d’abscisse a.
secondaire,BAC,Baccalauréat (4ème année secondaire),البكالوريا (السنة الرابعة ثانوي),Baccalaureate (4th year of secondary education),TECH,Sciences techniques,العلوم التقنية,Technical Sciences,bac-techniques,MATH,Mathématiques,الرياضيات,Mathematics,fr,False,Analyse,domain,,,9,Déterminer le nombre dérivé d’une fonction du programme en un réel a connaissant l’équation de la tangente à la courbe représentative de la fonction au point d’abscisse a.
secondaire,BAC,Baccalauréat (4ème année secondaire),البكالوريا (السنة الرابعة ثانوي),Baccalaureate (4th year of secondary education),TECH,Sciences techniques,العلوم التقنية,Technical Sciences,bac-techniques,MATH,Mathématiques,الرياضيات,Mathematics,fr,False,Analyse,domain,,,10,Déterminer l’approximation affine d’une fonction du programme au voisinage d’un réel a.
secondaire,BAC,Baccalauréat (4ème année secondaire),البكالوريا (السنة الرابعة ثانوي),Baccalaureate (4th year of secondary education),TECH,Sciences techniques,العلوم التقنية,Technical Sciences,bac-techniques,MATH,Mathématiques,الرياضيات,Mathematics,fr,False,Analyse,domain,,,11,Donner une valeur approchée de nombre réel en utilisant l’approximation affine d’une fonction du programme au voisinage d’un réel a.
secondaire,BAC,Baccalauréat (4ème année secondaire),البكالوريا (السنة الرابعة ثانوي),Baccalaureate (4th year of secondary education),TECH,Sciences techniques,العلوم التقنية,Technical Sciences,bac-techniques,MATH,Mathématiques,الرياضيات,Mathematics,fr,False,Analyse,domain,,,12,Déterminer la dérivée d’une fonction du programme sur un intervalle en utilisant les opérations sur les fonctions dérivables et les dérivées de fonctions usuelles.
secondaire,BAC,Baccalauréat (4ème année secondaire),البكالوريا (السنة الرابعة ثانوي),Baccalaureate (4th year of secondary education),TECH,Sciences techniques,العلوم التقنية,Technical Sciences,bac-techniques,MATH,Mathématiques,الرياضيات,Mathematics,fr,False,Analyse,domain,,,13,Déterminer la dérivée d’une fonction composée.
secondaire,BAC,Baccalauréat (4ème année secondaire),البكالوريا (السنة الرابعة ثانوي),Baccalaureate (4th year of secondary education),TECH,Sciences techniques,العلوم التقنية,Technical Sciences,bac-techniques,MATH,Mathématiques,الرياضيات,Mathematics,fr,False,Analyse,domain,,,14,Résoudre des inéquations en utilisant l’inégalité des accroissements finis.
secondaire,BAC,Baccalauréat (4ème année secondaire),البكالوريا (السنة الرابعة ثانوي),Baccalaureate (4th year of secondary education),TECH,Sciences techniques,العلوم التقنية,Technical Sciences,bac-techniques,MATH,Mathématiques,الرياضيات,Mathematics,fr,False,Analyse,domain,,,15,Déterminer le sens de variation d’une fonction du programme connaissant le signe de sa dérivée.
secondaire,BAC,Baccalauréat (4ème année secondaire),البكالوريا (السنة الرابعة ثانوي),Baccalaureate (4th year of secondary education),TECH,Sciences techniques,العلوم التقنية,Technical Sciences,bac-techniques,MATH,Mathématiques,الرياضيات,Mathematics,fr,False,Analyse,domain,,,16,Déterminer le sens de variation d’une fonction du programme à partir de sa représentation graphique.
secondaire,BAC,Baccalauréat (4ème année secondaire),البكالوريا (السنة الرابعة ثانوي),Baccalaureate (4th year of secondary education),TECH,Sciences techniques,العلوم التقنية,Technical Sciences,bac-techniques,MATH,Mathématiques,الرياضيات,Mathematics,fr,False,Analyse,domain,,,17,Reconnaître qu’un réel est un extremum local ou global d’une fonction du programme.
secondaire,BAC,Baccalauréat (4ème année secondaire),البكالوريا (السنة الرابعة ثانوي),Baccalaureate (4th year of secondary education),TECH,Sciences techniques,العلوم التقنية,Technical Sciences,bac-techniques,MATH,Mathématiques,الرياضيات,Mathematics,fr,False,Analyse,domain,,,18,Reconnaître un point d’inflexion.
secondaire,BAC,Baccalauréat (4ème année secondaire),البكالوريا (السنة الرابعة ثانوي),Baccalaureate (4th year of secondary education),TECH,Sciences techniques,العلوم التقنية,Technical Sciences,bac-techniques,MATH,Mathématiques,الرياضيات,Mathematics,fr,False,Analyse,domain,,,19,Reconnaître qu’un point ou une droite est un centre ou un axe de symétrie d'une courbe.
secondaire,BAC,Baccalauréat (4ème année secondaire),البكالوريا (السنة الرابعة ثانوي),Baccalaureate (4th year of secondary education),TECH,Sciences techniques,العلوم التقنية,Technical Sciences,bac-techniques,MATH,Mathématiques,الرياضيات,Mathematics,fr,False,Analyse,domain,,,20,Identifier les branches infinies éventuelles de la courbe représentative d’une fonction du programme.
secondaire,BAC,Baccalauréat (4ème année secondaire),البكالوريا (السنة الرابعة ثانوي),Baccalaureate (4th year of secondary education),TECH,Sciences techniques,العلوم التقنية,Technical Sciences,bac-techniques,MATH,Mathématiques,الرياضيات,Mathematics,fr,False,Analyse,domain,,,21,Tracer la courbe représentative de la réciproque d’une fonction donnée.
secondaire,BAC,Baccalauréat (4ème année secondaire),البكالوريا (السنة الرابعة ثانوي),Baccalaureate (4th year of secondary education),TECH,Sciences techniques,العلوم التقنية,Technical Sciences,bac-techniques,MATH,Mathématiques,الرياضيات,Mathematics,fr,False,Analyse,domain,,,22,"Tracer une courbe représentative d’une fonction à partir d’une autre en utilisant une transformation plane (translation, symétrie axiale ou centrale) ou une transformation d’écriture menant à un changement de repère."
secondaire,BAC,Baccalauréat (4ème année secondaire),البكالوريا (السنة الرابعة ثانوي),Baccalaureate (4th year of secondary education),TECH,Sciences techniques,العلوم التقنية,Technical Sciences,bac-techniques,MATH,Mathématiques,الرياضيات,Mathematics,fr,False,Analyse,domain,,,23,Exploiter ou créer un graphique pour étudier la position relative de deux courbes.
secondaire,BAC,Baccalauréat (4ème année secondaire),البكالوريا (السنة الرابعة ثانوي),Baccalaureate (4th year of secondary education),TECH,Sciences techniques,العلوم التقنية,Technical Sciences,bac-techniques,MATH,Mathématiques,الرياضيات,Mathematics,fr,False,Analyse,domain,,,24,Exploiter ou créer une représentation graphique pour déterminer ou estimer les solutions éventuelles d’une équation ou d’une inéquation.
secondaire,BAC,Baccalauréat (4ème année secondaire),البكالوريا (السنة الرابعة ثانوي),Baccalaureate (4th year of secondary education),TECH,Sciences techniques,العلوم التقنية,Technical Sciences,bac-techniques,MATH,Mathématiques,الرياضيات,Mathematics,fr,False,Analyse,domain,,,25,Déterminer l’ensemble des primitives d’une fonction continue sur un intervalle I.
secondaire,BAC,Baccalauréat (4ème année secondaire),البكالوريا (السنة الرابعة ثانوي),Baccalaureate (4th year of secondary education),TECH,Sciences techniques,العلوم التقنية,Technical Sciences,bac-techniques,MATH,Mathématiques,الرياضيات,Mathematics,fr,False,Analyse,domain,,,26,"Reconnaître qu’une fonction est la primitive d’une fonction continue sur un intervalle I, qui s’annule en un réel a de I."
secondaire,BAC,Baccalauréat (4ème année secondaire),البكالوريا (السنة الرابعة ثانوي),Baccalaureate (4th year of secondary education),TECH,Sciences techniques,العلوم التقنية,Technical Sciences,bac-techniques,MATH,Mathématiques,الرياضيات,Mathematics,fr,False,Analyse,domain,,,27,Calculer les primitives des fonctions usuelles.
secondaire,BAC,Baccalauréat (4ème année secondaire),البكالوريا (السنة الرابعة ثانوي),Baccalaureate (4th year of secondary education),TECH,Sciences techniques,العلوم التقنية,Technical Sciences,bac-techniques,MATH,Mathématiques,الرياضيات,Mathematics,fr,False,Analyse,domain,,,28,Calculer une intégrale en utilisant une primitive.
secondaire,BAC,Baccalauréat (4ème année secondaire),البكالوريا (السنة الرابعة ثانوي),Baccalaureate (4th year of secondary education),TECH,Sciences techniques,العلوم التقنية,Technical Sciences,bac-techniques,MATH,Mathématiques,الرياضيات,Mathematics,fr,False,Analyse,domain,,,29,Calculer une intégrale à l’aide d’intégration par parties.
secondaire,BAC,Baccalauréat (4ème année secondaire),البكالوريا (السنة الرابعة ثانوي),Baccalaureate (4th year of secondary education),TECH,Sciences techniques,العلوم التقنية,Technical Sciences,bac-techniques,MATH,Mathématiques,الرياضيات,Mathematics,fr,False,Analyse,domain,,,30,Calculer l'aire d'une partie limitée par des courbes du plan.
secondaire,BAC,Baccalauréat (4ème année secondaire),البكالوريا (السنة الرابعة ثانوي),Baccalaureate (4th year of secondary education),TECH,Sciences techniques,العلوم التقنية,Technical Sciences,bac-techniques,MATH,Mathématiques,الرياضيات,Mathematics,fr,False,Analyse,domain,,,31,Démontrer des inégalités en utilisant les propriétés de l’ intégrale.
secondaire,BAC,Baccalauréat (4ème année secondaire),البكالوريا (السنة الرابعة ثانوي),Baccalaureate (4th year of secondary education),TECH,Sciences techniques,العلوم التقنية,Technical Sciences,bac-techniques,MATH,Mathématiques,الرياضيات,Mathematics,fr,False,Analyse,domain,,,32,Calculer le volume d'un solide de révolution.
secondaire,BAC,Baccalauréat (4ème année secondaire),البكالوريا (السنة الرابعة ثانوي),Baccalaureate (4th year of secondary education),TECH,Sciences techniques,العلوم التقنية,Technical Sciences,bac-techniques,MATH,Mathématiques,الرياضيات,Mathematics,fr,False,Analyse,domain,,,33,Reconnaître qu’un réel est un majorant ou un minorant d’une suite du programme.
secondaire,BAC,Baccalauréat (4ème année secondaire),البكالوريا (السنة الرابعة ثانوي),Baccalaureate (4th year of secondary education),TECH,Sciences techniques,العلوم التقنية,Technical Sciences,bac-techniques,MATH,Mathématiques,الرياضيات,Mathematics,fr,False,Analyse,domain,,,34,Etudier les variations d’une suite du programme.
secondaire,BAC,Baccalauréat (4ème année secondaire),البكالوريا (السنة الرابعة ثانوي),Baccalaureate (4th year of secondary education),TECH,Sciences techniques,العلوم التقنية,Technical Sciences,bac-techniques,MATH,Mathématiques,الرياضيات,Mathematics,fr,False,Analyse,domain,,,35,"Représenter graphiquement les points An de coordonnées (n, un), dans le cas où (un)n est une suite du type un = f(n) où f est une fonction du programme."
secondaire,BAC,Baccalauréat (4ème année secondaire),البكالوريا (السنة الرابعة ثانوي),Baccalaureate (4th year of secondary education),TECH,Sciences techniques,العلوم التقنية,Technical Sciences,bac-techniques,MATH,Mathématiques,الرياضيات,Mathematics,fr,False,Analyse,domain,,,36,Représenter graphiquement une suite récurrente.
secondaire,BAC,Baccalauréat (4ème année secondaire),البكالوريا (السنة الرابعة ثانوي),Baccalaureate (4th year of secondary education),TECH,Sciences techniques,العلوم التقنية,Technical Sciences,bac-techniques,MATH,Mathématiques,الرياضيات,Mathematics,fr,False,Analyse,domain,,,37,Etudier la convergence d’une suite du programme.
secondaire,BAC,Baccalauréat (4ème année secondaire),البكالوريا (السنة الرابعة ثانوي),Baccalaureate (4th year of secondary education),TECH,Sciences techniques,العلوم التقنية,Technical Sciences,bac-techniques,MATH,Mathématiques,الرياضيات,Mathematics,fr,False,Analyse,domain,,,38,Déterminer une valeur exacte ou approchée de la limite d’une suite convergente.
secondaire,BAC,Baccalauréat (4ème année secondaire),البكالوريا (السنة الرابعة ثانوي),Baccalaureate (4th year of secondary education),TECH,Sciences techniques,العلوم التقنية,Technical Sciences,bac-techniques,MATH,Mathématiques,الرياضيات,Mathematics,fr,False,Analyse,domain,,,39,Les élèves résolvent des problèmes dans des situations mathématiques ou en rapport avec l’environnement faisant appel à des suites ou à des fonctions du programme.
secondaire,BAC,Baccalauréat (4ème année secondaire),البكالوريا (السنة الرابعة ثانوي),Baccalaureate (4th year of secondary education),TECH,Sciences techniques,العلوم التقنية,Technical Sciences,bac-techniques,MATH,Mathématiques,الرياضيات,Mathematics,fr,False,Analyse,domain,,,40,Ils résolvent des problèmes puisés dans des situations réelles pouvant être modélisées par une suite ou une fonction du programme.
secondaire,BAC,Baccalauréat (4ème année secondaire),البكالوريا (السنة الرابعة ثانوي),Baccalaureate (4th year of secondary education),TECH,Sciences techniques,العلوم التقنية,Technical Sciences,bac-techniques,MATH,Mathématiques,الرياضيات,Mathematics,fr,False,Analyse,domain,,,41,Ils résolvent des problèmes d’optimisation.
secondaire,BAC,Baccalauréat (4ème année secondaire),البكالوريا (السنة الرابعة ثانوي),Baccalaureate (4th year of secondary education),TECH,Sciences techniques,العلوم التقنية,Technical Sciences,bac-techniques,MATH,Mathématiques,الرياضيات,Mathematics,fr,False,Géométrie,domain,,,42,Représenter un point connaissant son affixe.
secondaire,BAC,Baccalauréat (4ème année secondaire),البكالوريا (السنة الرابعة ثانوي),Baccalaureate (4th year of secondary education),TECH,Sciences techniques,العلوم التقنية,Technical Sciences,bac-techniques,MATH,Mathématiques,الرياضيات,Mathematics,fr,False,Géométrie,domain,,,43,Calculer ou transformer des expressions complexes.
secondaire,BAC,Baccalauréat (4ème année secondaire),البكالوريا (السنة الرابعة ثانوي),Baccalaureate (4th year of secondary education),TECH,Sciences techniques,العلوم التقنية,Technical Sciences,bac-techniques,MATH,Mathématiques,الرياضيات,Mathematics,fr,False,Géométrie,domain,,,44,Déterminer le conjugué d’un nombre complexe.
secondaire,BAC,Baccalauréat (4ème année secondaire),البكالوريا (السنة الرابعة ثانوي),Baccalaureate (4th year of secondary education),TECH,Sciences techniques,العلوم التقنية,Technical Sciences,bac-techniques,MATH,Mathématiques,الرياضيات,Mathematics,fr,False,Géométrie,domain,,,45,Déterminer le module et un argument d’un nombre complexe.
secondaire,BAC,Baccalauréat (4ème année secondaire),البكالوريا (السنة الرابعة ثانوي),Baccalaureate (4th year of secondary education),TECH,Sciences techniques,العلوم التقنية,Technical Sciences,bac-techniques,MATH,Mathématiques,الرياضيات,Mathematics,fr,False,Géométrie,domain,,,46,"Déterminer la forme trigonométrique, exponentielle d’un nombre complexe non nul."
secondaire,BAC,Baccalauréat (4ème année secondaire),البكالوريا (السنة الرابعة ثانوي),Baccalaureate (4th year of secondary education),TECH,Sciences techniques,العلوم التقنية,Technical Sciences,bac-techniques,MATH,Mathématiques,الرياضيات,Mathematics,fr,False,Géométrie,domain,,,47,Déterminer l’affixe d’ un point dans le plan orienté.
secondaire,BAC,Baccalauréat (4ème année secondaire),البكالوريا (السنة الرابعة ثانوي),Baccalaureate (4th year of secondary education),TECH,Sciences techniques,العلوم التقنية,Technical Sciences,bac-techniques,MATH,Mathématiques,الرياضيات,Mathematics,fr,False,Géométrie,domain,,,48,Linéariser une expression trigonométrique.
secondaire,BAC,Baccalauréat (4ème année secondaire),البكالوريا (السنة الرابعة ثانوي),Baccalaureate (4th year of secondary education),TECH,Sciences techniques,العلوم التقنية,Technical Sciences,bac-techniques,MATH,Mathématiques,الرياضيات,Mathematics,fr,False,Géométrie,domain,,,49,"Reconnaître que deux vecteurs sont colinéaires ou orthogonaux, à partir de leurs affixes."
secondaire,BAC,Baccalauréat (4ème année secondaire),البكالوريا (السنة الرابعة ثانوي),Baccalaureate (4th year of secondary education),TECH,Sciences techniques,العلوم التقنية,Technical Sciences,bac-techniques,MATH,Mathématiques,الرياضيات,Mathematics,fr,False,Géométrie,domain,,,50,"Décider de l’alignement de trois points, du parallélisme ou de l’orthogonalité de deux droites"
secondaire,BAC,Baccalauréat (4ème année secondaire),البكالوريا (السنة الرابعة ثانوي),Baccalaureate (4th year of secondary education),TECH,Sciences techniques,العلوم التقنية,Technical Sciences,bac-techniques,MATH,Mathématiques,الرياضيات,Mathematics,fr,False,Géométrie,domain,,,51,Déterminer la racine neme d’un nombre complexe.
secondaire,BAC,Baccalauréat (4ème année secondaire),البكالوريا (السنة الرابعة ثانوي),Baccalaureate (4th year of secondary education),TECH,Sciences techniques,العلوم التقنية,Technical Sciences,bac-techniques,MATH,Mathématiques,الرياضيات,Mathematics,fr,False,Géométrie,domain,,,52,Résoudre une équation de degré supérieur ou égal à 2 à coefficients complexes.
secondaire,BAC,Baccalauréat (4ème année secondaire),البكالوريا (السنة الرابعة ثانوي),Baccalaureate (4th year of secondary education),TECH,Sciences techniques,العلوم التقنية,Technical Sciences,bac-techniques,MATH,Mathématiques,الرياضيات,Mathematics,fr,False,Géométrie,domain,,,53,Représenter dans le plan complexe les solutions d’une équation de degré supérieur ou égal à 2 à coefficients complexes.
secondaire,BAC,Baccalauréat (4ème année secondaire),البكالوريا (السنة الرابعة ثانوي),Baccalaureate (4th year of secondary education),TECH,Sciences techniques,العلوم التقنية,Technical Sciences,bac-techniques,MATH,Mathématiques,الرياضيات,Mathematics,fr,False,Géométrie,domain,,,54,Exploiter les opérations sur les vecteurs de l’espace.
secondaire,BAC,Baccalauréat (4ème année secondaire),البكالوريا (السنة الرابعة ثانوي),Baccalaureate (4th year of secondary education),TECH,Sciences techniques,العلوم التقنية,Technical Sciences,bac-techniques,MATH,Mathématiques,الرياضيات,Mathematics,fr,False,Géométrie,domain,,,55,Reconnaître que trois vecteurs de l’espace forment une base.
secondaire,BAC,Baccalauréat (4ème année secondaire),البكالوريا (السنة الرابعة ثانوي),Baccalaureate (4th year of secondary education),TECH,Sciences techniques,العلوم التقنية,Technical Sciences,bac-techniques,MATH,Mathématiques,الرياضيات,Mathematics,fr,False,Géométrie,domain,,,56,"Exploiter le produit scalaire dans l’espace pour calculer des grandeurs, déterminer des lieux géométriques et étudier des configurations géométriques."
secondaire,BAC,Baccalauréat (4ème année secondaire),البكالوريا (السنة الرابعة ثانوي),Baccalaureate (4th year of secondary education),TECH,Sciences techniques,العلوم التقنية,Technical Sciences,bac-techniques,MATH,Mathématiques,الرياضيات,Mathematics,fr,False,Géométrie,domain,,,57,"Exploiter les propriétés du produit vectoriel dans l’espace pour calculer des grandeurs, déterminer des lieux géométriques et étudier des configurations géométriques."
secondaire,BAC,Baccalauréat (4ème année secondaire),البكالوريا (السنة الرابعة ثانوي),Baccalaureate (4th year of secondary education),TECH,Sciences techniques,العلوم التقنية,Technical Sciences,bac-techniques,MATH,Mathématiques,الرياضيات,Mathematics,fr,False,Géométrie,domain,,,58,Déterminer les équations d’une droite ou d’un plan.
secondaire,BAC,Baccalauréat (4ème année secondaire),البكالوريا (السنة الرابعة ثانوي),Baccalaureate (4th year of secondary education),TECH,Sciences techniques,العلوم التقنية,Technical Sciences,bac-techniques,MATH,Mathématiques,الرياضيات,Mathematics,fr,False,Géométrie,domain,,,59,"Déterminer l’intersection de deux droites, d’un plan et d’une droite, de deux plans, de trois plans."
secondaire,BAC,Baccalauréat (4ème année secondaire),البكالوريا (السنة الرابعة ثانوي),Baccalaureate (4th year of secondary education),TECH,Sciences techniques,العلوم التقنية,Technical Sciences,bac-techniques,MATH,Mathématiques,الرياضيات,Mathematics,fr,False,Géométrie,domain,,,60,Déterminer une équation cartésienne d’une sphère.
secondaire,BAC,Baccalauréat (4ème année secondaire),البكالوريا (السنة الرابعة ثانوي),Baccalaureate (4th year of secondary education),TECH,Sciences techniques,العلوم التقنية,Technical Sciences,bac-techniques,MATH,Mathématiques,الرياضيات,Mathematics,fr,False,Géométrie,domain,,,61,Déterminer la section d’une sphère par un plan.
secondaire,BAC,Baccalauréat (4ème année secondaire),البكالوريا (السنة الرابعة ثانوي),Baccalaureate (4th year of secondary education),TECH,Sciences techniques,العلوم التقنية,Technical Sciences,bac-techniques,MATH,Mathématiques,الرياضيات,Mathematics,fr,False,Géométrie,domain,,,62,Les élèves résolvent des problèmes dans des situations mathématiques ou en rapport avec l’environnement.
secondaire,BAC,Baccalauréat (4ème année secondaire),البكالوريا (السنة الرابعة ثانوي),Baccalaureate (4th year of secondary education),TECH,Sciences techniques,العلوم التقنية,Technical Sciences,bac-techniques,MATH,Mathématiques,الرياضيات,Mathematics,fr,False,Géométrie,domain,,,63,"Ils résolvent des problèmes d’alignement, de concours, de lieu ou métriques."
secondaire,BAC,Baccalauréat (4ème année secondaire),البكالوريا (السنة الرابعة ثانوي),Baccalaureate (4th year of secondary education),TECH,Sciences techniques,العلوم التقنية,Technical Sciences,bac-techniques,MATH,Mathématiques,الرياضيات,Mathematics,fr,False,Géométrie,domain,,,64,Ils résolvent des problèmes puisés dans des situations réelles menant à un modèle géométrique.
secondaire,BAC,Baccalauréat (4ème année secondaire),البكالوريا (السنة الرابعة ثانوي),Baccalaureate (4th year of secondary education),TECH,Sciences techniques,العلوم التقنية,Technical Sciences,bac-techniques,MATH,Mathématiques,الرياضيات,Mathematics,fr,False,Géométrie,domain,,,65,Ils résolvent des problèmes d’optimisation.
secondaire,BAC,Baccalauréat (4ème année secondaire),البكالوريا (السنة الرابعة ثانوي),Baccalaureate (4th year of secondary education),TECH,Sciences techniques,العلوم التقنية,Technical Sciences,bac-techniques,MATH,Mathématiques,الرياضيات,Mathematics,fr,False,Statistiques - Probabilités,domain,,,66,"Décider, à partir d’un nuage de points, de l’utilité d’un ajustement affine."
secondaire,BAC,Baccalauréat (4ème année secondaire),البكالوريا (السنة الرابعة ثانوي),Baccalaureate (4th year of secondary education),TECH,Sciences techniques,العلوم التقنية,Technical Sciences,bac-techniques,MATH,Mathématiques,الرياضيات,Mathematics,fr,False,Statistiques - Probabilités,domain,,,67,Déterminer et tracer une droite de régression.
secondaire,BAC,Baccalauréat (4ème année secondaire),البكالوريا (السنة الرابعة ثانوي),Baccalaureate (4th year of secondary education),TECH,Sciences techniques,العلوم التقنية,Technical Sciences,bac-techniques,MATH,Mathématiques,الرياضيات,Mathematics,fr,False,Statistiques - Probabilités,domain,,,68,Calculer la covariance d’une série statistique double.
secondaire,BAC,Baccalauréat (4ème année secondaire),البكالوريا (السنة الرابعة ثانوي),Baccalaureate (4th year of secondary education),TECH,Sciences techniques,العلوم التقنية,Technical Sciences,bac-techniques,MATH,Mathématiques,الرياضيات,Mathematics,fr,False,Statistiques - Probabilités,domain,,,69,Calculer le coefficient de corrélation linéaire et interpréter le résultat
secondaire,BAC,Baccalauréat (4ème année secondaire),البكالوريا (السنة الرابعة ثانوي),Baccalaureate (4th year of secondary education),TECH,Sciences techniques,العلوم التقنية,Technical Sciences,bac-techniques,MATH,Mathématiques,الرياضيات,Mathematics,fr,False,Statistiques - Probabilités,domain,,,70,Calculer la probabilité d’un événement sachant qu’un autre est réalisé.
secondaire,BAC,Baccalauréat (4ème année secondaire),البكالوريا (السنة الرابعة ثانوي),Baccalaureate (4th year of secondary education),TECH,Sciences techniques,العلوم التقنية,Technical Sciences,bac-techniques,MATH,Mathématiques,الرياضيات,Mathematics,fr,False,Statistiques - Probabilités,domain,,,71,Décider de l’indépendance de deux événements.
secondaire,BAC,Baccalauréat (4ème année secondaire),البكالوريا (السنة الرابعة ثانوي),Baccalaureate (4th year of secondary education),TECH,Sciences techniques,العلوم التقنية,Technical Sciences,bac-techniques,MATH,Mathématiques,الرياضيات,Mathematics,fr,False,Statistiques - Probabilités,domain,,,72,Calculer la probabilité d’un événement en utilisant la formule de BAYES et/ou la formule des probabilités totales.
secondaire,BAC,Baccalauréat (4ème année secondaire),البكالوريا (السنة الرابعة ثانوي),Baccalaureate (4th year of secondary education),TECH,Sciences techniques,العلوم التقنية,Technical Sciences,bac-techniques,MATH,Mathématiques,الرياضيات,Mathematics,fr,False,Statistiques - Probabilités,domain,,,73,Déterminer la loi de probabilité d’une variable aléatoire.
secondaire,BAC,Baccalauréat (4ème année secondaire),البكالوريا (السنة الرابعة ثانوي),Baccalaureate (4th year of secondary education),TECH,Sciences techniques,العلوم التقنية,Technical Sciences,bac-techniques,MATH,Mathématiques,الرياضيات,Mathematics,fr,False,Statistiques - Probabilités,domain,,,74,Calculer les caractéristiques d’une variable aléatoire et interpréter les résultats.
secondaire,BAC,Baccalauréat (4ème année secondaire),البكالوريا (السنة الرابعة ثانوي),Baccalaureate (4th year of secondary education),TECH,Sciences techniques,العلوم التقنية,Technical Sciences,bac-techniques,MATH,Mathématiques,الرياضيات,Mathematics,fr,False,Statistiques - Probabilités,domain,,,75,Reconnaître un schéma de Bernoulli et en dégager les paramètres.
secondaire,BAC,Baccalauréat (4ème année secondaire),البكالوريا (السنة الرابعة ثانوي),Baccalaureate (4th year of secondary education),TECH,Sciences techniques,العلوم التقنية,Technical Sciences,bac-techniques,MATH,Mathématiques,الرياضيات,Mathematics,fr,False,Statistiques - Probabilités,domain,,,76,Déterminer la loi de probabilité d’une épreuve de Bernoulli.
secondaire,BAC,Baccalauréat (4ème année secondaire),البكالوريا (السنة الرابعة ثانوي),Baccalaureate (4th year of secondary education),TECH,Sciences techniques,العلوم التقنية,Technical Sciences,bac-techniques,MATH,Mathématiques,الرياضيات,Mathematics,fr,False,Statistiques - Probabilités,domain,,,77,Reconnaître qu’une variable aléatoire suit une loi exponentielle ou une loi uniforme.
secondaire,BAC,Baccalauréat (4ème année secondaire),البكالوريا (السنة الرابعة ثانوي),Baccalaureate (4th year of secondary education),TECH,Sciences techniques,العلوم التقنية,Technical Sciences,bac-techniques,MATH,Mathématiques,الرياضيات,Mathematics,fr,False,Statistiques - Probabilités,domain,,,78,Déterminer la fonction de répartition d’une variable aléatoire qui suit une loi exponentielle ou une loi uniforme.
secondaire,BAC,Baccalauréat (4ème année secondaire),البكالوريا (السنة الرابعة ثانوي),Baccalaureate (4th year of secondary education),TECH,Sciences techniques,العلوم التقنية,Technical Sciences,bac-techniques,MATH,Mathématiques,الرياضيات,Mathematics,fr,False,Statistiques - Probabilités,domain,,,79,Les élèves résolvent des problèmes dans des situations mathématiques ou en rapport avec l’environnement.
secondaire,BAC,Baccalauréat (4ème année secondaire),البكالوريا (السنة الرابعة ثانوي),Baccalaureate (4th year of secondary education),TECH,Sciences techniques,العلوم التقنية,Technical Sciences,bac-techniques,MATH,Mathématiques,الرياضيات,Mathematics,fr,False,Statistiques - Probabilités,domain,,,80,"En particulier, ils résolvent des problèmes puisés dans des situations réelles menant à un modèle statistique ou probabiliste."
secondaire,BAC,Baccalauréat (4ème année secondaire),البكالوريا (السنة الرابعة ثانوي),Baccalaureate (4th year of secondary education),TECH,Sciences techniques,العلوم التقنية,Technical Sciences,bac-techniques,PHYS,Sciences physiques,العلوم الفيزيائية,Physical sciences,fr,False,A. PHYSIQUE,topic,"EVOLUTION DE SYSTEMES > I. Evolution de systèmes électriques > I-1. Le condensateur, le dipôle RC",Le condensateur ; le dipôle RC,1,Réaliser un montage permettant de tracer la courbe d’évolution de la charge électrique d’un condensateur au cours du temps.
secondaire,BAC,Baccalauréat (4ème année secondaire),البكالوريا (السنة الرابعة ثانوي),Baccalaureate (4th year of secondary education),TECH,Sciences techniques,العلوم التقنية,Technical Sciences,bac-techniques,PHYS,Sciences physiques,العلوم الفيزيائية,Physical sciences,fr,False,A. PHYSIQUE,topic,"EVOLUTION DE SYSTEMES > I. Evolution de systèmes électriques > I-1. Le condensateur, le dipôle RC",Le condensateur ; le dipôle RC,2,"Déterminer à l’aide de la courbe de charge d’un condensateur, la valeur de la capacité C."
secondaire,BAC,Baccalauréat (4ème année secondaire),البكالوريا (السنة الرابعة ثانوي),Baccalaureate (4th year of secondary education),TECH,Sciences techniques,العلوم التقنية,Technical Sciences,bac-techniques,PHYS,Sciences physiques,العلوم الفيزيائية,Physical sciences,fr,False,A. PHYSIQUE,topic,"EVOLUTION DE SYSTEMES > I. Evolution de systèmes électriques > I-1. Le condensateur, le dipôle RC",Le condensateur ; le dipôle RC,3,Reconnaître que l'intensité i du courant est une grandeur algébrique.
secondaire,BAC,Baccalauréat (4ème année secondaire),البكالوريا (السنة الرابعة ثانوي),Baccalaureate (4th year of secondary education),TECH,Sciences techniques,العلوم التقنية,Technical Sciences,bac-techniques,PHYS,Sciences physiques,العلوم الفيزيائية,Physical sciences,fr,False,A. PHYSIQUE,topic,"EVOLUTION DE SYSTEMES > I. Evolution de systèmes électriques > I-1. Le condensateur, le dipôle RC",Le condensateur ; le dipôle RC,4,"Etablir l’équation différentielle qui régit la charge instantanée q(t) d’un condensateur, la tension uC(t) à ses bornes et l’intensité i(t) du courant qui parcourt le circuit de charge durant le régime transitoire."
secondaire,BAC,Baccalauréat (4ème année secondaire),البكالوريا (السنة الرابعة ثانوي),Baccalaureate (4th year of secondary education),TECH,Sciences techniques,العلوم التقنية,Technical Sciences,bac-techniques,PHYS,Sciences physiques,العلوم الفيزيائية,Physical sciences,fr,False,A. PHYSIQUE,topic,"EVOLUTION DE SYSTEMES > I. Evolution de systèmes électriques > I-1. Le condensateur, le dipôle RC",Le condensateur ; le dipôle RC,5,"Déterminer graphiquement; à partir de la courbe de réponse uC(t) ou i(t) d’un dipôle RC soumis à un échelon de tension, la constante de temps τ = R.C."
secondaire,BAC,Baccalauréat (4ème année secondaire),البكالوريا (السنة الرابعة ثانوي),Baccalaureate (4th year of secondary education),TECH,Sciences techniques,العلوم التقنية,Technical Sciences,bac-techniques,PHYS,Sciences physiques,العلوم الفيزيائية,Physical sciences,fr,False,A. PHYSIQUE,topic,"EVOLUTION DE SYSTEMES > I. Evolution de systèmes électriques > I-1. Le condensateur, le dipôle RC",Le condensateur ; le dipôle RC,6,Calculer l’énergie emmagasinée dans un condensateur.
secondaire,BAC,Baccalauréat (4ème année secondaire),البكالوريا (السنة الرابعة ثانوي),Baccalaureate (4th year of secondary education),TECH,Sciences techniques,العلوم التقنية,Technical Sciences,bac-techniques,PHYS,Sciences physiques,العلوم الفيزيائية,Physical sciences,fr,False,A. PHYSIQUE,topic,"EVOLUTION DE SYSTEMES > I-2. La bobine, le dipôle RL",La bobine ; le dipôle RL,7,Mettre en évidence expérimentalement le phénomène d’induction électromagnétique.
secondaire,BAC,Baccalauréat (4ème année secondaire),البكالوريا (السنة الرابعة ثانوي),Baccalaureate (4th year of secondary education),TECH,Sciences techniques,العلوم التقنية,Technical Sciences,bac-techniques,PHYS,Sciences physiques,العلوم الفيزيائية,Physical sciences,fr,False,A. PHYSIQUE,topic,"EVOLUTION DE SYSTEMES > I-2. La bobine, le dipôle RL",La bobine ; le dipôle RL,8,Appliquer la loi de Lenz.
secondaire,BAC,Baccalauréat (4ème année secondaire),البكالوريا (السنة الرابعة ثانوي),Baccalaureate (4th year of secondary education),TECH,Sciences techniques,العلوم التقنية,Technical Sciences,bac-techniques,PHYS,Sciences physiques,العلوم الفيزيائية,Physical sciences,fr,False,A. PHYSIQUE,topic,"EVOLUTION DE SYSTEMES > I-2. La bobine, le dipôle RL",La bobine ; le dipôle RL,9,Reconnaître les facteurs dont dépend la f.e.m. d’auto-induction.
secondaire,BAC,Baccalauréat (4ème année secondaire),البكالوريا (السنة الرابعة ثانوي),Baccalaureate (4th year of secondary education),TECH,Sciences techniques,العلوم التقنية,Technical Sciences,bac-techniques,PHYS,Sciences physiques,العلوم الفيزيائية,Physical sciences,fr,False,A. PHYSIQUE,topic,"EVOLUTION DE SYSTEMES > I-2. La bobine, le dipôle RL",La bobine ; le dipôle RL,10,Etablir l’équation différentielle qui régit les variations de i en fonction du temps dans un dipôle RL soumis à un échelon de tension.
secondaire,BAC,Baccalauréat (4ème année secondaire),البكالوريا (السنة الرابعة ثانوي),Baccalaureate (4th year of secondary education),TECH,Sciences techniques,العلوم التقنية,Technical Sciences,bac-techniques,PHYS,Sciences physiques,العلوم الفيزيائية,Physical sciences,fr,False,A. PHYSIQUE,topic,"EVOLUTION DE SYSTEMES > I-2. La bobine, le dipôle RL",La bobine ; le dipôle RL,11,"Déterminer graphiquement, à partir des courbes de réponse uL(t) ou i(t), d’un dipôle RL soumis à un échelon de tension, la constante de temps τ = L/R."
secondaire,BAC,Baccalauréat (4ème année secondaire),البكالوريا (السنة الرابعة ثانوي),Baccalaureate (4th year of secondary education),TECH,Sciences techniques,العلوم التقنية,Technical Sciences,bac-techniques,PHYS,Sciences physiques,العلوم الفيزيائية,Physical sciences,fr,False,A. PHYSIQUE,topic,"EVOLUTION DE SYSTEMES > I-2. La bobine, le dipôle RL",La bobine ; le dipôle RL,12,Calculer l’énergie emmagasinée dans un solénoïde.
secondaire,BAC,Baccalauréat (4ème année secondaire),البكالوريا (السنة الرابعة ثانوي),Baccalaureate (4th year of secondary education),TECH,Sciences techniques,العلوم التقنية,Technical Sciences,bac-techniques,PHYS,Sciences physiques,العلوم الفيزيائية,Physical sciences,fr,False,A. PHYSIQUE,topic,EVOLUTION DE SYSTEMES > I-3. Le circuit RLC série,,13,Réaliser un montage permettant de suivre les oscillations libres d’un circuit RLC série.
secondaire,BAC,Baccalauréat (4ème année secondaire),البكالوريا (السنة الرابعة ثانوي),Baccalaureate (4th year of secondary education),TECH,Sciences techniques,العلوم التقنية,Technical Sciences,bac-techniques,PHYS,Sciences physiques,العلوم الفيزيائية,Physical sciences,fr,False,A. PHYSIQUE,topic,EVOLUTION DE SYSTEMES > I-3. Le circuit RLC série,,14,Reconnaître le régime pseudopériodique et le régime apériodique.
secondaire,BAC,Baccalauréat (4ème année secondaire),البكالوريا (السنة الرابعة ثانوي),Baccalaureate (4th year of secondary education),TECH,Sciences techniques,العلوم التقنية,Technical Sciences,bac-techniques,PHYS,Sciences physiques,العلوم الفيزيائية,Physical sciences,fr,False,A. PHYSIQUE,topic,EVOLUTION DE SYSTEMES > I-3. Le circuit RLC série,,15,Reconnaître le facteur responsable de l’amortissement.
secondaire,BAC,Baccalauréat (4ème année secondaire),البكالوريا (السنة الرابعة ثانوي),Baccalaureate (4th year of secondary education),TECH,Sciences techniques,العلوم التقنية,Technical Sciences,bac-techniques,PHYS,Sciences physiques,العلوم الفيزيائية,Physical sciences,fr,False,A. PHYSIQUE,topic,EVOLUTION DE SYSTEMES > I-3. Le circuit RLC série,,16,Etablir l’équation différentielle des oscillations libres d’un circuit RLC série.
secondaire,BAC,Baccalauréat (4ème année secondaire),البكالوريا (السنة الرابعة ثانوي),Baccalaureate (4th year of secondary education),TECH,Sciences techniques,العلوم التقنية,Technical Sciences,bac-techniques,PHYS,Sciences physiques,العلوم الفيزيائية,Physical sciences,fr,False,A. PHYSIQUE,topic,EVOLUTION DE SYSTEMES > I-3. Le circuit RLC série,,17,Interpréter la diminution de l’amplitude des oscillations libres amorties par le transfert d’énergie de l’oscillateur vers le milieu extérieur.
secondaire,BAC,Baccalauréat (4ème année secondaire),البكالوريا (السنة الرابعة ثانوي),Baccalaureate (4th year of secondary education),TECH,Sciences techniques,العلوم التقنية,Technical Sciences,bac-techniques,PHYS,Sciences physiques,العلوم الفيزيائية,Physical sciences,fr,False,A. PHYSIQUE,topic,EVOLUTION DE SYSTEMES > I-3. Le circuit RLC série,,18,"Distinguer, en régime forcé, le résonateur de l’excitateur"
secondaire,BAC,Baccalauréat (4ème année secondaire),البكالوريا (السنة الرابعة ثانوي),Baccalaureate (4th year of secondary education),TECH,Sciences techniques,العلوم التقنية,Technical Sciences,bac-techniques,PHYS,Sciences physiques,العلوم الفيزيائية,Physical sciences,fr,False,A. PHYSIQUE,topic,EVOLUTION DE SYSTEMES > I-3. Le circuit RLC série,,19,Visualiser simultanément à l’oscilloscope la tension excitatrice u(t) et l'intensité du courant i(t).
secondaire,BAC,Baccalauréat (4ème année secondaire),البكالوريا (السنة الرابعة ثانوي),Baccalaureate (4th year of secondary education),TECH,Sciences techniques,العلوم التقنية,Technical Sciences,bac-techniques,PHYS,Sciences physiques,العلوم الفيزيائية,Physical sciences,fr,False,A. PHYSIQUE,topic,EVOLUTION DE SYSTEMES > I-3. Le circuit RLC série,,20,Mesurer l’amplitude et la fréquence d’une grandeur oscillante sinusoïdale.
secondaire,BAC,Baccalauréat (4ème année secondaire),البكالوريا (السنة الرابعة ثانوي),Baccalaureate (4th year of secondary education),TECH,Sciences techniques,العلوم التقنية,Technical Sciences,bac-techniques,PHYS,Sciences physiques,العلوم الفيزيائية,Physical sciences,fr,False,A. PHYSIQUE,topic,EVOLUTION DE SYSTEMES > I-3. Le circuit RLC série,,21,Déterminer le déphasage entre la tension excitatrice u(t) et l’intensité du courant i(t).
secondaire,BAC,Baccalauréat (4ème année secondaire),البكالوريا (السنة الرابعة ثانوي),Baccalaureate (4th year of secondary education),TECH,Sciences techniques,العلوم التقنية,Technical Sciences,bac-techniques,PHYS,Sciences physiques,العلوم الفيزيائية,Physical sciences,fr,False,A. PHYSIQUE,topic,EVOLUTION DE SYSTEMES > I-3. Le circuit RLC série,,22,Mettre en évidence expérimentalement le phénomène de résonance d’intensité.
secondaire,BAC,Baccalauréat (4ème année secondaire),البكالوريا (السنة الرابعة ثانوي),Baccalaureate (4th year of secondary education),TECH,Sciences techniques,العلوم التقنية,Technical Sciences,bac-techniques,PHYS,Sciences physiques,العلوم الفيزيائية,Physical sciences,fr,False,A. PHYSIQUE,topic,EVOLUTION DE SYSTEMES > I-3. Le circuit RLC série,,23,"Etablir en q(t) ou i(t), l’équation différentielle des oscillations forcées en régime sinusoïdal."
secondaire,BAC,Baccalauréat (4ème année secondaire),البكالوريا (السنة الرابعة ثانوي),Baccalaureate (4th year of secondary education),TECH,Sciences techniques,العلوم التقنية,Technical Sciences,bac-techniques,PHYS,Sciences physiques,العلوم الفيزيائية,Physical sciences,fr,False,A. PHYSIQUE,topic,EVOLUTION DE SYSTEMES > I-3. Le circuit RLC série,,24,Etablir l’expression de l’intensité maximale Im en fonction de la fréquence des excitations de l’oscillateur.
secondaire,BAC,Baccalauréat (4ème année secondaire),البكالوريا (السنة الرابعة ثانوي),Baccalaureate (4th year of secondary education),TECH,Sciences techniques,العلوم التقنية,Technical Sciences,bac-techniques,PHYS,Sciences physiques,العلوم الفيزيائية,Physical sciences,fr,False,A. PHYSIQUE,topic,EVOLUTION DE SYSTEMES > I-3. Le circuit RLC série,,25,Calculer la puissance moyenne absorbée par un oscillateur électrique.
secondaire,BAC,Baccalauréat (4ème année secondaire),البكالوريا (السنة الرابعة ثانوي),Baccalaureate (4th year of secondary education),TECH,Sciences techniques,العلوم التقنية,Technical Sciences,bac-techniques,PHYS,Sciences physiques,العلوم الفيزيائية,Physical sciences,fr,False,A. PHYSIQUE,topic,EVOLUTION DE SYSTEMES > I-3. Le circuit RLC série,,26,Expliquer l’importance du facteur de puissance dans les transformations de l’énergie électrique.
secondaire,BAC,Baccalauréat (4ème année secondaire),البكالوريا (السنة الرابعة ثانوي),Baccalaureate (4th year of secondary education),TECH,Sciences techniques,العلوم التقنية,Technical Sciences,bac-techniques,PHYS,Sciences physiques,العلوم الفيزيائية,Physical sciences,fr,False,A. PHYSIQUE,topic,EVOLUTION DE SYSTEMES > II. Evolution d’un système mécanique : cas du pendule élastique,,27,Etablir l'équation différentielle des oscillations libres d’un pendule élastique.
secondaire,BAC,Baccalauréat (4ème année secondaire),البكالوريا (السنة الرابعة ثانوي),Baccalaureate (4th year of secondary education),TECH,Sciences techniques,العلوم التقنية,Technical Sciences,bac-techniques,PHYS,Sciences physiques,العلوم الفيزيائية,Physical sciences,fr,False,A. PHYSIQUE,topic,EVOLUTION DE SYSTEMES > II. Evolution d’un système mécanique : cas du pendule élastique,,28,Mesurer la période propre d'un pendule élastique.
secondaire,BAC,Baccalauréat (4ème année secondaire),البكالوريا (السنة الرابعة ثانوي),Baccalaureate (4th year of secondary education),TECH,Sciences techniques,العلوم التقنية,Technical Sciences,bac-techniques,PHYS,Sciences physiques,العلوم الفيزيائية,Physical sciences,fr,False,A. PHYSIQUE,topic,EVOLUTION DE SYSTEMES > II. Evolution d’un système mécanique : cas du pendule élastique,,29,Calculer l'énergie totale d'un pendule élastique en régime libre non amorti.
secondaire,BAC,Baccalauréat (4ème année secondaire),البكالوريا (السنة الرابعة ثانوي),Baccalaureate (4th year of secondary education),TECH,Sciences techniques,العلوم التقنية,Technical Sciences,bac-techniques,PHYS,Sciences physiques,العلوم الفيزيائية,Physical sciences,fr,False,A. PHYSIQUE,topic,EVOLUTION DE SYSTEMES > II. Evolution d’un système mécanique : cas du pendule élastique,,30,"A l'aide d'un enregistrement graphique, reconnaître le régime d'oscillations libres (amorti ou bien non amorti) d'un pendule élastique."
secondaire,BAC,Baccalauréat (4ème année secondaire),البكالوريا (السنة الرابعة ثانوي),Baccalaureate (4th year of secondary education),TECH,Sciences techniques,العلوم التقنية,Technical Sciences,bac-techniques,PHYS,Sciences physiques,العلوم الفيزيائية,Physical sciences,fr,False,A. PHYSIQUE,topic,EVOLUTION DE SYSTEMES > II. Evolution d’un système mécanique : cas du pendule élastique,,31,Expliquer la diminution d'amplitude des oscillations libres amorties d'un pendule élastique par la non conservation de son énergie totale.
secondaire,BAC,Baccalauréat (4ème année secondaire),البكالوريا (السنة الرابعة ثانوي),Baccalaureate (4th year of secondary education),TECH,Sciences techniques,العلوم التقنية,Technical Sciences,bac-techniques,PHYS,Sciences physiques,العلوم الفيزيائية,Physical sciences,fr,False,A. PHYSIQUE,topic,EVOLUTION DE SYSTEMES > II. Evolution d’un système mécanique : cas du pendule élastique,,32,Mettre en évidence la résonance d'élongation d'un pendule élastique.
secondaire,BAC,Baccalauréat (4ème année secondaire),البكالوريا (السنة الرابعة ثانوي),Baccalaureate (4th year of secondary education),TECH,Sciences techniques,العلوم التقنية,Technical Sciences,bac-techniques,PHYS,Sciences physiques,العلوم الفيزيائية,Physical sciences,fr,False,A. PHYSIQUE,topic,EVOLUTION DE SYSTEMES > II. Evolution d’un système mécanique : cas du pendule élastique,,33,Etablir l’expression de l’amplitude Xm des oscillations d'un pendule élastique en fonction de la fréquence N de l’excitateur.
secondaire,BAC,Baccalauréat (4ème année secondaire),البكالوريا (السنة الرابعة ثانوي),Baccalaureate (4th year of secondary education),TECH,Sciences techniques,العلوم التقنية,Technical Sciences,bac-techniques,PHYS,Sciences physiques,العلوم الفيزيائية,Physical sciences,fr,False,A. PHYSIQUE,topic,EVOLUTION DE SYSTEMES > II. Evolution d’un système mécanique : cas du pendule élastique,,34,Utiliser l’analogie formelle pour : - caractériser la résonance de charge dans un circuit RLC série ; - caractériser la résonance de vitesse ; - exprimer la puissance mécanique moyenne d’un oscillateur.
secondaire,BAC,Baccalauréat (4ème année secondaire),البكالوريا (السنة الرابعة ثانوي),Baccalaureate (4th year of secondary education),TECH,Sciences techniques,العلوم التقنية,Technical Sciences,bac-techniques,PHYS,Sciences physiques,العلوم الفيزيائية,Physical sciences,fr,False,A. PHYSIQUE,topic,LES FILTRES,,35,Reconnaître le schéma d'un filtre.
secondaire,BAC,Baccalauréat (4ème année secondaire),البكالوريا (السنة الرابعة ثانوي),Baccalaureate (4th year of secondary education),TECH,Sciences techniques,العلوم التقنية,Technical Sciences,bac-techniques,PHYS,Sciences physiques,العلوم الفيزيائية,Physical sciences,fr,False,A. PHYSIQUE,topic,LES FILTRES,,36,Distinguer entre l'entrée et la sortie d'un filtre.
secondaire,BAC,Baccalauréat (4ème année secondaire),البكالوريا (السنة الرابعة ثانوي),Baccalaureate (4th year of secondary education),TECH,Sciences techniques,العلوم التقنية,Technical Sciences,bac-techniques,PHYS,Sciences physiques,العلوم الفيزيائية,Physical sciences,fr,False,A. PHYSIQUE,topic,LES FILTRES,,37,"Réaliser un filtre (passe bas, passe haut, passe bande)."
secondaire,BAC,Baccalauréat (4ème année secondaire),البكالوريا (السنة الرابعة ثانوي),Baccalaureate (4th year of secondary education),TECH,Sciences techniques,العلوم التقنية,Technical Sciences,bac-techniques,PHYS,Sciences physiques,العلوم الفيزيائية,Physical sciences,fr,False,A. PHYSIQUE,topic,LES FILTRES,,38,Etablir l'expression de la fonction de transfert T = USm/UEm d'un filtre.
secondaire,BAC,Baccalauréat (4ème année secondaire),البكالوريا (السنة الرابعة ثانوي),Baccalaureate (4th year of secondary education),TECH,Sciences techniques,العلوم التقنية,Technical Sciences,bac-techniques,PHYS,Sciences physiques,العلوم الفيزيائية,Physical sciences,fr,False,A. PHYSIQUE,topic,LES FILTRES,,39,Calculer le gain d'un filtre.
secondaire,BAC,Baccalauréat (4ème année secondaire),البكالوريا (السنة الرابعة ثانوي),Baccalaureate (4th year of secondary education),TECH,Sciences techniques,العلوم التقنية,Technical Sciences,bac-techniques,PHYS,Sciences physiques,العلوم الفيزيائية,Physical sciences,fr,False,A. PHYSIQUE,topic,LES FILTRES,,40,Tracer la courbe de réponse USm=f(N) [ou G=f(N)] d'un filtre.
secondaire,BAC,Baccalauréat (4ème année secondaire),البكالوريا (السنة الرابعة ثانوي),Baccalaureate (4th year of secondary education),TECH,Sciences techniques,العلوم التقنية,Technical Sciences,bac-techniques,PHYS,Sciences physiques,العلوم الفيزيائية,Physical sciences,fr,False,A. PHYSIQUE,topic,LES FILTRES,,41,Déterminer la (ou les) fréquence(s) de coupure et la largeur de la bande passante d'un filtre.
secondaire,BAC,Baccalauréat (4ème année secondaire),البكالوريا (السنة الرابعة ثانوي),Baccalaureate (4th year of secondary education),TECH,Sciences techniques,العلوم التقنية,Technical Sciences,bac-techniques,PHYS,Sciences physiques,العلوم الفيزيائية,Physical sciences,fr,False,A. PHYSIQUE,topic,ONDES MECANIQUES > Ondes mécaniques progressives,Ondes mécaniques progressives,42,Distinguer entre une onde transversale et une onde longitudinale.
secondaire,BAC,Baccalauréat (4ème année secondaire),البكالوريا (السنة الرابعة ثانوي),Baccalaureate (4th year of secondary education),TECH,Sciences techniques,العلوم التقنية,Technical Sciences,bac-techniques,PHYS,Sciences physiques,العلوم الفيزيائية,Physical sciences,fr,False,A. PHYSIQUE,topic,ONDES MECANIQUES > Ondes mécaniques progressives,Ondes mécaniques progressives,43,Reconnaître que la propagation d’une onde est due à une propagation d’énergie sans transport de matière.
secondaire,BAC,Baccalauréat (4ème année secondaire),البكالوريا (السنة الرابعة ثانوي),Baccalaureate (4th year of secondary education),TECH,Sciences techniques,العلوم التقنية,Technical Sciences,bac-techniques,PHYS,Sciences physiques,العلوم الفيزيائية,Physical sciences,fr,False,A. PHYSIQUE,topic,ONDES MECANIQUES > Ondes mécaniques progressives,Ondes mécaniques progressives,44,Réaliser une expérience illustrant la propagation d’une onde sinusoïdale dans un milieu homogène et isotrope.
secondaire,BAC,Baccalauréat (4ème année secondaire),البكالوريا (السنة الرابعة ثانوي),Baccalaureate (4th year of secondary education),TECH,Sciences techniques,العلوم التقنية,Technical Sciences,bac-techniques,PHYS,Sciences physiques,العلوم الفيزيائية,Physical sciences,fr,False,A. PHYSIQUE,topic,ONDES MECANIQUES > Ondes mécaniques progressives,Ondes mécaniques progressives,45,"Identifier, dans un milieu de propagation donné, les propriétés dont dépend la célérité d’une onde."
secondaire,BAC,Baccalauréat (4ème année secondaire),البكالوريا (السنة الرابعة ثانوي),Baccalaureate (4th year of secondary education),TECH,Sciences techniques,العلوم التقنية,Technical Sciences,bac-techniques,PHYS,Sciences physiques,العلوم الفيزيائية,Physical sciences,fr,False,A. PHYSIQUE,topic,ONDES MECANIQUES > Ondes mécaniques progressives,Ondes mécaniques progressives,46,Etablir l'équation horaire du mouvement d'un point donné du milieu de propagation connaissant celle de la source d'onde progressive et représenter graphiquement le diagramme du mouvement de ce point.
secondaire,BAC,Baccalauréat (4ème année secondaire),البكالوريا (السنة الرابعة ثانوي),Baccalaureate (4th year of secondary education),TECH,Sciences techniques,العلوم التقنية,Technical Sciences,bac-techniques,PHYS,Sciences physiques,العلوم الفيزيائية,Physical sciences,fr,False,A. PHYSIQUE,topic,ONDES MECANIQUES > Ondes mécaniques progressives,Ondes mécaniques progressives,47,"Représenter graphiquement l'aspect à un instant donné, du milieu (ou d'une coupe du milieu) de propagation d'une onde progressive."
secondaire,BAC,Baccalauréat (4ème année secondaire),البكالوريا (السنة الرابعة ثانوي),Baccalaureate (4th year of secondary education),TECH,Sciences techniques,العلوم التقنية,Technical Sciences,bac-techniques,PHYS,Sciences physiques,العلوم الفيزيائية,Physical sciences,fr,False,A. PHYSIQUE,topic,ONDES MECANIQUES > Ondes mécaniques progressives,Ondes mécaniques progressives,48,Reconnaître la double périodicité d’une onde sinusoïdale.
secondaire,BAC,Baccalauréat (4ème année secondaire),البكالوريا (السنة الرابعة ثانوي),Baccalaureate (4th year of secondary education),TECH,Sciences techniques,العلوم التقنية,Technical Sciences,bac-techniques,PHYS,Sciences physiques,العلوم الفيزيائية,Physical sciences,fr,False,B. CHIMIE,topic,EQUILIBRES CHIMIQUES,Équilibre chimique,49,Calculer l’avancement d’une réaction.
secondaire,BAC,Baccalauréat (4ème année secondaire),البكالوريا (السنة الرابعة ثانوي),Baccalaureate (4th year of secondary education),TECH,Sciences techniques,العلوم التقنية,Technical Sciences,bac-techniques,PHYS,Sciences physiques,العلوم الفيزيائية,Physical sciences,fr,False,B. CHIMIE,topic,EQUILIBRES CHIMIQUES,Équilibre chimique,50,Calculer l’avancement final d’une réaction.
secondaire,BAC,Baccalauréat (4ème année secondaire),البكالوريا (السنة الرابعة ثانوي),Baccalaureate (4th year of secondary education),TECH,Sciences techniques,العلوم التقنية,Technical Sciences,bac-techniques,PHYS,Sciences physiques,العلوم الفيزيائية,Physical sciences,fr,False,B. CHIMIE,topic,EQUILIBRES CHIMIQUES,Équilibre chimique,51,Calculer le taux d’avancement final d’une réaction chimique.
secondaire,BAC,Baccalauréat (4ème année secondaire),البكالوريا (السنة الرابعة ثانوي),Baccalaureate (4th year of secondary education),TECH,Sciences techniques,العلوم التقنية,Technical Sciences,bac-techniques,PHYS,Sciences physiques,العلوم الفيزيائية,Physical sciences,fr,False,B. CHIMIE,topic,EQUILIBRES CHIMIQUES,Équilibre chimique,52,Déterminer le caractère total ou limité d’une réaction.
secondaire,BAC,Baccalauréat (4ème année secondaire),البكالوريا (السنة الرابعة ثانوي),Baccalaureate (4th year of secondary education),TECH,Sciences techniques,العلوم التقنية,Technical Sciences,bac-techniques,PHYS,Sciences physiques,العلوم الفيزيائية,Physical sciences,fr,False,B. CHIMIE,topic,EQUILIBRES CHIMIQUES,Équilibre chimique,53,Faire l’étude expérimentale quantitative de la réaction d’estérification.
secondaire,BAC,Baccalauréat (4ème année secondaire),البكالوريا (السنة الرابعة ثانوي),Baccalaureate (4th year of secondary education),TECH,Sciences techniques,العلوم التقنية,Technical Sciences,bac-techniques,PHYS,Sciences physiques,العلوم الفيزيائية,Physical sciences,fr,False,B. CHIMIE,topic,EQUILIBRES CHIMIQUES,Équilibre chimique,54,Reconnaître un système en état d’équilibre chimique.
secondaire,BAC,Baccalauréat (4ème année secondaire),البكالوريا (السنة الرابعة ثانوي),Baccalaureate (4th year of secondary education),TECH,Sciences techniques,العلوم التقنية,Technical Sciences,bac-techniques,PHYS,Sciences physiques,العلوم الفيزيائية,Physical sciences,fr,False,B. CHIMIE,topic,EQUILIBRES CHIMIQUES,Équilibre chimique,55,Appliquer la loi d’action de masse.
secondaire,BAC,Baccalauréat (4ème année secondaire),البكالوريا (السنة الرابعة ثانوي),Baccalaureate (4th year of secondary education),TECH,Sciences techniques,العلوم التقنية,Technical Sciences,bac-techniques,PHYS,Sciences physiques,العلوم الفيزيائية,Physical sciences,fr,False,B. CHIMIE,topic,EQUILIBRES CHIMIQUES,Équilibre chimique,56,Prévoir le sens d’évolution d’un système chimique vers un état d’équilibre.
secondaire,BAC,Baccalauréat (4ème année secondaire),البكالوريا (السنة الرابعة ثانوي),Baccalaureate (4th year of secondary education),TECH,Sciences techniques,العلوم التقنية,Technical Sciences,bac-techniques,PHYS,Sciences physiques,العلوم الفيزيائية,Physical sciences,fr,False,B. CHIMIE,topic,EQUILIBRES CHIMIQUES,Équilibre chimique,57,Appliquer la loi de modération pour prévoir le sens d’évolution d’un système chimique d’un état d’équilibre à un autre.
secondaire,BAC,Baccalauréat (4ème année secondaire),البكالوريا (السنة الرابعة ثانوي),Baccalaureate (4th year of secondary education),TECH,Sciences techniques,العلوم التقنية,Technical Sciences,bac-techniques,PHYS,Sciences physiques,العلوم الفيزيائية,Physical sciences,fr,False,B. CHIMIE,topic,REACTIONS ACIDES-BASES,Les réactions acide-base,58,Appliquer la loi d’action de masse à l’équilibre ionique de l’eau et aux réactions acide-base d’une manière générale.
secondaire,BAC,Baccalauréat (4ème année secondaire),البكالوريا (السنة الرابعة ثانوي),Baccalaureate (4th year of secondary education),TECH,Sciences techniques,العلوم التقنية,Technical Sciences,bac-techniques,PHYS,Sciences physiques,العلوم الفيزيائية,Physical sciences,fr,False,B. CHIMIE,topic,REACTIONS ACIDES-BASES,Les réactions acide-base,59,Classer les acides et les bases en fonction de leur constante d’acidité Ka ou de basicité Kb.
secondaire,BAC,Baccalauréat (4ème année secondaire),البكالوريا (السنة الرابعة ثانوي),Baccalaureate (4th year of secondary education),TECH,Sciences techniques,العلوم التقنية,Technical Sciences,bac-techniques,PHYS,Sciences physiques,العلوم الفيزيائية,Physical sciences,fr,False,B. CHIMIE,topic,REACTIONS ACIDES-BASES,Les réactions acide-base,60,Etablir pour un couple acide-base la relation Ka.Kb = Ke .
secondaire,BAC,Baccalauréat (4ème année secondaire),البكالوريا (السنة الرابعة ثانوي),Baccalaureate (4th year of secondary education),TECH,Sciences techniques,العلوم التقنية,Technical Sciences,bac-techniques,PHYS,Sciences physiques,العلوم الفيزيائية,Physical sciences,fr,False,B. CHIMIE,topic,REACTIONS ACIDES-BASES,Les réactions acide-base,61,Utiliser le couple de référence H3O+/ H2O pour comparer les forces des couples acide-base entre eux.
secondaire,BAC,Baccalauréat (4ème année secondaire),البكالوريا (السنة الرابعة ثانوي),Baccalaureate (4th year of secondary education),TECH,Sciences techniques,العلوم التقنية,Technical Sciences,bac-techniques,PHYS,Sciences physiques,العلوم الفيزيائية,Physical sciences,fr,False,B. CHIMIE,topic,REACTIONS ACIDES-BASES,Les réactions acide-base,62,Etablir l’expression du pH d’une solution aqueuse d’acide fort ou celle du pH d’une solution aqueuse de base forte en fonction de la concentration initiale.
secondaire,BAC,Baccalauréat (4ème année secondaire),البكالوريا (السنة الرابعة ثانوي),Baccalaureate (4th year of secondary education),TECH,Sciences techniques,العلوم التقنية,Technical Sciences,bac-techniques,PHYS,Sciences physiques,العلوم الفيزيائية,Physical sciences,fr,False,B. CHIMIE,topic,REACTIONS ACIDES-BASES,Les réactions acide-base,63,Appliquer l’expression du pH d’une solution aqueuse d’acide ou de base au calcul de concentrations initiales.
secondaire,BAC,Baccalauréat (4ème année secondaire),البكالوريا (السنة الرابعة ثانوي),Baccalaureate (4th year of secondary education),TECH,Sciences techniques,العلوم التقنية,Technical Sciences,bac-techniques,PHYS,Sciences physiques,العلوم الفيزيائية,Physical sciences,fr,False,B. CHIMIE,topic,REACTIONS ACIDES-BASES,Les réactions acide-base,64,Suivre expérimentalement l’évolution du pH au cours d’une réaction acide-base.
secondaire,BAC,Baccalauréat (4ème année secondaire),البكالوريا (السنة الرابعة ثانوي),Baccalaureate (4th year of secondary education),TECH,Sciences techniques,العلوم التقنية,Technical Sciences,bac-techniques,PHYS,Sciences physiques,العلوم الفيزيائية,Physical sciences,fr,False,B. CHIMIE,topic,REACTIONS ACIDES-BASES,Les réactions acide-base,65,Déterminer à l’aide des courbes d’évolution du pH relatives aux réactions acide-base : - la force de l’acide ou de la base ; - le point d’équivalence et celui de demi-équivalence ; - la concentration initiale de la solution aqueuse acide ou basique utilisée ; - la valeur de la constante d’acidité Ka.
secondaire,BAC,Baccalauréat (4ème année secondaire),البكالوريا (السنة الرابعة ثانوي),Baccalaureate (4th year of secondary education),TECH,Sciences techniques,العلوم التقنية,Technical Sciences,bac-techniques,PHYS,Sciences physiques,العلوم الفيزيائية,Physical sciences,fr,False,B. CHIMIE,topic,PILES : TRANSFORMATIONS SPONTANEES,,66,Expliquer le principe de fonctionnement de la pile Daniell.
secondaire,BAC,Baccalauréat (4ème année secondaire),البكالوريا (السنة الرابعة ثانوي),Baccalaureate (4th year of secondary education),TECH,Sciences techniques,العلوم التقنية,Technical Sciences,bac-techniques,PHYS,Sciences physiques,العلوم الفيزيائية,Physical sciences,fr,False,B. CHIMIE,topic,PILES : TRANSFORMATIONS SPONTANEES,,67,"Déduire à partir du sens du courant, le sens de la réaction spontanée qui se produit dans la pile."
secondaire,BAC,Baccalauréat (4ème année secondaire),البكالوريا (السنة الرابعة ثانوي),Baccalaureate (4th year of secondary education),TECH,Sciences techniques,العلوم التقنية,Technical Sciences,bac-techniques,PHYS,Sciences physiques,العلوم الفيزيائية,Physical sciences,fr,False,B. CHIMIE,topic,PILES : TRANSFORMATIONS SPONTANEES,,68,Déterminer le sens de la transformation spontanée mettant en jeu deux couples redox.
secondaire,BAC,Baccalauréat (4ème année secondaire),البكالوريا (السنة الرابعة ثانوي),Baccalaureate (4th year of secondary education),TECH,Sciences techniques,العلوم التقنية,Technical Sciences,bac-techniques,PHYS,Sciences physiques,العلوم الفيزيائية,Physical sciences,fr,False,B. CHIMIE,topic,PILES : TRANSFORMATIONS SPONTANEES,,69,Généraliser le principe de la pile Daniell à d’autres piles du même type.
secondaire,BAC,Baccalauréat (4ème année secondaire),البكالوريا (السنة الرابعة ثانوي),Baccalaureate (4th year of secondary education),TECH,Sciences techniques,العلوم التقنية,Technical Sciences,bac-techniques,PHYS,Sciences physiques,العلوم الفيزيائية,Physical sciences,fr,False,B. CHIMIE,topic,PILES : TRANSFORMATIONS SPONTANEES,,70,Appliquer l’expression de la f.é.m. E d’une pile de type Daniell sur d’autres piles du même type.
secondaire,BAC,Baccalauréat (4ème année secondaire),البكالوريا (السنة الرابعة ثانوي),Baccalaureate (4th year of secondary education),TECH,Sciences techniques,العلوم التقنية,Technical Sciences,bac-techniques,PHYS,Sciences physiques,العلوم الفيزيائية,Physical sciences,fr,False,B. CHIMIE,topic,PILES : TRANSFORMATIONS SPONTANEES,,71,Faire un classement de quelques couples redox selon le potentiel normal d'électrode.
secondaire,BAC,Baccalauréat (4ème année secondaire),البكالوريا (السنة الرابعة ثانوي),Baccalaureate (4th year of secondary education),TECH,Sciences techniques,العلوم التقنية,Technical Sciences,bac-techniques,PHYS,Sciences physiques,العلوم الفيزيائية,Physical sciences,fr,False,B. CHIMIE,topic,PILES : TRANSFORMATIONS SPONTANEES,,72,Expliquer le fonctionnement d'une pile alcaline.
secondaire,BAC,Baccalauréat (4ème année secondaire),البكالوريا (السنة الرابعة ثانوي),Baccalaureate (4th year of secondary education),TECH,Sciences techniques,العلوم التقنية,Technical Sciences,bac-techniques,PHYS,Sciences physiques,العلوم الفيزيائية,Physical sciences,fr,False,B. CHIMIE,topic,ELECTROLYSES : TRANSFORMATIONS IMPOSEES,,73,Ecrire les équations des transformations chimiques qui se produisent au niveau des électrodes d’une pile au cours de son fonctionnement.
secondaire,BAC,Baccalauréat (4ème année secondaire),البكالوريا (السنة الرابعة ثانوي),Baccalaureate (4th year of secondary education),TECH,Sciences techniques,العلوم التقنية,Technical Sciences,bac-techniques,PHYS,Sciences physiques,العلوم الفيزيائية,Physical sciences,fr,False,B. CHIMIE,topic,ELECTROLYSES : TRANSFORMATIONS IMPOSEES,,74,"Ecrire les équations des transformations chimiques se produisant au niveau des électrodes, lors d’une électrolyse."
secondaire,BAC,Baccalauréat (4ème année secondaire),البكالوريا (السنة الرابعة ثانوي),Baccalaureate (4th year of secondary education),TECH,Sciences techniques,العلوم التقنية,Technical Sciences,bac-techniques,PHYS,Sciences physiques,العلوم الفيزيائية,Physical sciences,fr,False,B. CHIMIE,topic,ELECTROLYSES : TRANSFORMATIONS IMPOSEES,,75,Donner des exemples de piles rechargeables.
