cycle,level_code,level_fr,level_ar,section_code,section_fr,section_ar,class_key,subject_code,subject_fr,subject_ar,language,optional,theme,chapter_order,chapter
primaire,1P,1ère année primaire,السنة الأولى ابتدائي,TC,Tronc commun,جذع مشترك,1ere-primaire,ARAB,Arabe,العربية,ar,False,,1,أنيسي في مدرستي
primaire,1P,1ère année primaire,السنة الأولى ابتدائي,TC,Tronc commun,جذع مشترك,1ere-primaire,ARAB,Arabe,العربية,ar,False,,2,أنيسي في أهلي
primaire,1P,1ère année primaire,السنة الأولى ابتدائي,TC,Tronc commun,جذع مشترك,1ere-primaire,ARAB,Arabe,العربية,ar,False,,3,أنيسي في صحتي وسلامتي
primaire,1P,1ère année primaire,السنة الأولى ابتدائي,TC,Tronc commun,جذع مشترك,1ere-primaire,ARAB,Arabe,العربية,ar,False,,4,أنيسي في فصل الشتاء
primaire,1P,1ère année primaire,السنة الأولى ابتدائي,TC,Tronc commun,جذع مشترك,1ere-primaire,ARAB,Arabe,العربية,ar,False,,5,أنيسي في عالم المهن
primaire,1P,1ère année primaire,السنة الأولى ابتدائي,TC,Tronc commun,جذع مشترك,1ere-primaire,ARAB,Arabe,العربية,ar,False,,6,أنيسي في فصل الربيع
primaire,1P,1ère année primaire,السنة الأولى ابتدائي,TC,Tronc commun,جذع مشترك,1ere-primaire,ARAB,Arabe,العربية,ar,False,,7,أنيسي في عالم الحيوانات
primaire,1P,1ère année primaire,السنة الأولى ابتدائي,TC,Tronc commun,جذع مشترك,1ere-primaire,ARAB,Arabe,العربية,ar,False,,8,أنيسي في عالم القصص
primaire,1P,1ère année primaire,السنة الأولى ابتدائي,TC,Tronc commun,جذع مشترك,1ere-primaire,MATH,Mathématiques,الرياضيات,ar,False,الفترة 1,1,تعيين موقع شيء في الفضاء: أمام / وراء
primaire,1P,1ère année primaire,السنة الأولى ابتدائي,TC,Tronc commun,جذع مشترك,1ere-primaire,MATH,Mathématiques,الرياضيات,ar,False,الفترة 1,2,فوق / تحت
primaire,1P,1ère année primaire,السنة الأولى ابتدائي,TC,Tronc commun,جذع مشترك,1ere-primaire,MATH,Mathématiques,الرياضيات,ar,False,الفترة 1,3,اليمين واليسار
primaire,1P,1ère année primaire,السنة الأولى ابتدائي,TC,Tronc commun,جذع مشترك,1ere-primaire,MATH,Mathématiques,الرياضيات,ar,False,الفترة 1,4,على يمين / على يسار / بجانب / على يميني / على يساري
primaire,1P,1ère année primaire,السنة الأولى ابتدائي,TC,Tronc commun,جذع مشترك,1ere-primaire,MATH,Mathématiques,الرياضيات,ar,False,الفترة 1,5,داخل / خارج
primaire,1P,1ère année primaire,السنة الأولى ابتدائي,TC,Tronc commun,جذع مشترك,1ere-primaire,MATH,Mathématiques,الرياضيات,ar,False,الفترة 1,6,الخط المستقيم والخط المنحني / الخط المغلق والخط المفتوح
primaire,1P,1ère année primaire,السنة الأولى ابتدائي,TC,Tronc commun,جذع مشترك,1ere-primaire,MATH,Mathématiques,الرياضيات,ar,False,الفترة 1,7,المجموعة: تكوين مجموعة بصفة تلقائية
primaire,1P,1ère année primaire,السنة الأولى ابتدائي,TC,Tronc commun,جذع مشترك,1ere-primaire,MATH,Mathématiques,الرياضيات,ar,False,الفترة 2,8,العنصر ومخطط المجموعة
primaire,1P,1ère année primaire,السنة الأولى ابتدائي,TC,Tronc commun,جذع مشترك,1ere-primaire,MATH,Mathématiques,الرياضيات,ar,False,الفترة 2,9,الانتماء وعدم الانتماء
primaire,1P,1ère année primaire,السنة الأولى ابتدائي,TC,Tronc commun,جذع مشترك,1ere-primaire,MATH,Mathématiques,الرياضيات,ar,False,الفترة 2,10,رمز المجموعة
primaire,1P,1ère année primaire,السنة الأولى ابتدائي,TC,Tronc commun,جذع مشترك,1ere-primaire,MATH,Mathématiques,الرياضيات,ar,False,الفترة 2,11,التجزئة
primaire,1P,1ère année primaire,السنة الأولى ابتدائي,TC,Tronc commun,جذع مشترك,1ere-primaire,MATH,Mathématiques,الرياضيات,ar,False,الفترة 2,12,المجموعة الفارغة
primaire,1P,1ère année primaire,السنة الأولى ابتدائي,TC,Tronc commun,جذع مشترك,1ere-primaire,MATH,Mathématiques,الرياضيات,ar,False,الفترة 2,13,مقارنة عناصر مجموعتين عنصرا بعنصر (أكثر، أقل، قدر)
primaire,1P,1ère année primaire,السنة الأولى ابتدائي,TC,Tronc commun,جذع مشترك,1ere-primaire,MATH,Mathématiques,الرياضيات,ar,False,الفترة 2,14,التقابل بين مجموعتين
primaire,1P,1ère année primaire,السنة الأولى ابتدائي,TC,Tronc commun,جذع مشترك,1ere-primaire,MATH,Mathématiques,الرياضيات,ar,False,الفترة 3,15,الأعداد من 0 إلى 9: الأعداد 2، 4، 5
primaire,1P,1ère année primaire,السنة الأولى ابتدائي,TC,Tronc commun,جذع مشترك,1ere-primaire,MATH,Mathématiques,الرياضيات,ar,False,الفترة 3,16,العددان 1، 3
primaire,1P,1ère année primaire,السنة الأولى ابتدائي,TC,Tronc commun,جذع مشترك,1ere-primaire,MATH,Mathématiques,الرياضيات,ar,False,الفترة 3,17,القطع النقدية: 1 مي، 2 مي، 5 مي
primaire,1P,1ère année primaire,السنة الأولى ابتدائي,TC,Tronc commun,جذع مشترك,1ere-primaire,MATH,Mathématiques,الرياضيات,ar,False,الفترة 3,18,العددان 6، 8
primaire,1P,1ère année primaire,السنة الأولى ابتدائي,TC,Tronc commun,جذع مشترك,1ere-primaire,MATH,Mathématiques,الرياضيات,ar,False,الفترة 3,19,العددان 7، 9
primaire,1P,1ère année primaire,السنة الأولى ابتدائي,TC,Tronc commun,جذع مشترك,1ere-primaire,MATH,Mathématiques,الرياضيات,ar,False,الفترة 3,20,"الصفر ""0"""
primaire,1P,1ère année primaire,السنة الأولى ابتدائي,TC,Tronc commun,جذع مشترك,1ere-primaire,MATH,Mathématiques,الرياضيات,ar,False,الفترة 3,21,العدد الرتبي
primaire,1P,1ère année primaire,السنة الأولى ابتدائي,TC,Tronc commun,جذع مشترك,1ere-primaire,MATH,Mathématiques,الرياضيات,ar,False,الفترة 3,22,علامات المقارنة بين الأعداد من 0 إلى 9 (>، <، =)
primaire,1P,1ère année primaire,السنة الأولى ابتدائي,TC,Tronc commun,جذع مشترك,1ere-primaire,MATH,Mathématiques,الرياضيات,ar,False,الفترة 4,23,التجميع المنتظم (1): المبادلات
primaire,1P,1ère année primaire,السنة الأولى ابتدائي,TC,Tronc commun,جذع مشترك,1ere-primaire,MATH,Mathématiques,الرياضيات,ar,False,الفترة 4,24,التجميع المنتظم (2)
primaire,1P,1ère année primaire,السنة الأولى ابتدائي,TC,Tronc commun,جذع مشترك,1ere-primaire,MATH,Mathématiques,الرياضيات,ar,False,الفترة 4,25,التجميع العشري
primaire,1P,1ère année primaire,السنة الأولى ابتدائي,TC,Tronc commun,جذع مشترك,1ere-primaire,MATH,Mathématiques,الرياضيات,ar,False,الفترة 4,26,اتحاد مجموعتين منفصلتين فأكثر
primaire,1P,1ère année primaire,السنة الأولى ابتدائي,TC,Tronc commun,جذع مشترك,1ere-primaire,MATH,Mathématiques,الرياضيات,ar,False,الفترة 4,27,مجموع عددين: المجموع أصغر من 10 أو أكثر
primaire,1P,1ère année primaire,السنة الأولى ابتدائي,TC,Tronc commun,جذع مشترك,1ere-primaire,MATH,Mathématiques,الرياضيات,ar,False,الفترة 4,28,الأعداد من 10 إلى 99: العدد 10
primaire,1P,1ère année primaire,السنة الأولى ابتدائي,TC,Tronc commun,جذع مشترك,1ere-primaire,MATH,Mathématiques,الرياضيات,ar,False,الفترة 4,29,الأعداد من 10 إلى 19: قراءة وكتابة وتمثيلا
primaire,1P,1ère année primaire,السنة الأولى ابتدائي,TC,Tronc commun,جذع مشترك,1ere-primaire,MATH,Mathématiques,الرياضيات,ar,False,الفترة 5,30,جدول بيتاغور للجمع: بناء جداول جزئية للجمع (1)
primaire,1P,1ère année primaire,السنة الأولى ابتدائي,TC,Tronc commun,جذع مشترك,1ere-primaire,MATH,Mathématiques,الرياضيات,ar,False,الفترة 5,31,بناء جداول جزئية للجمع (2)
primaire,1P,1ère année primaire,السنة الأولى ابتدائي,TC,Tronc commun,جذع مشترك,1ere-primaire,MATH,Mathématiques,الرياضيات,ar,False,الفترة 5,32,جدول بيتاغور للجمع
primaire,1P,1ère année primaire,السنة الأولى ابتدائي,TC,Tronc commun,جذع مشترك,1ere-primaire,MATH,Mathématiques,الرياضيات,ar,False,الفترة 5,33,خاصيات الجمع: الخاصية التبديلية
primaire,1P,1ère année primaire,السنة الأولى ابتدائي,TC,Tronc commun,جذع مشترك,1ere-primaire,MATH,Mathématiques,الرياضيات,ar,False,الفترة 5,34,الخاصية التجميعية
primaire,1P,1ère année primaire,السنة الأولى ابتدائي,TC,Tronc commun,جذع مشترك,1ere-primaire,MATH,Mathématiques,الرياضيات,ar,False,الفترة 5,35,الأعداد من 0 إلى 19: قراءة وكتابة وتمثيلا
primaire,1P,1ère année primaire,السنة الأولى ابتدائي,TC,Tronc commun,جذع مشترك,1ere-primaire,MATH,Mathématiques,الرياضيات,ar,False,الفترة 5,36,الأعداد من 0 إلى 19: مقارنة وترتيبا
primaire,1P,1ère année primaire,السنة الأولى ابتدائي,TC,Tronc commun,جذع مشترك,1ere-primaire,MATH,Mathématiques,الرياضيات,ar,False,الفترة 5,37,الأعداد من 0 إلى 19: تفكيكا وتركيبا
primaire,1P,1ère année primaire,السنة الأولى ابتدائي,TC,Tronc commun,جذع مشترك,1ere-primaire,MATH,Mathématiques,الرياضيات,ar,False,الفترة 6,38,العقود: قراءة وكتابة
primaire,1P,1ère année primaire,السنة الأولى ابتدائي,TC,Tronc commun,جذع مشترك,1ere-primaire,MATH,Mathématiques,الرياضيات,ar,False,الفترة 6,39,العقود: تفكيكا وتركيبا
primaire,1P,1ère année primaire,السنة الأولى ابتدائي,TC,Tronc commun,جذع مشترك,1ere-primaire,MATH,Mathématiques,الرياضيات,ar,False,الفترة 6,40,القطع النقدية المتداولة: 10 مي، 20 مي، 50 مي
primaire,1P,1ère année primaire,السنة الأولى ابتدائي,TC,Tronc commun,جذع مشترك,1ere-primaire,MATH,Mathématiques,الرياضيات,ar,False,الفترة 6,41,العقود: مقارنة وترتيبا
primaire,1P,1ère année primaire,السنة الأولى ابتدائي,TC,Tronc commun,جذع مشترك,1ere-primaire,MATH,Mathématiques,الرياضيات,ar,False,الفترة 6,42,الأعداد من 10 إلى 99: قراءة وكتابة وتمثيلا
primaire,1P,1ère année primaire,السنة الأولى ابتدائي,TC,Tronc commun,جذع مشترك,1ere-primaire,MATH,Mathématiques,الرياضيات,ar,False,الفترة 6,43,آلية الجمع دون احتفاظ: الوضع العمودي
primaire,1P,1ère année primaire,السنة الأولى ابتدائي,TC,Tronc commun,جذع مشترك,1ere-primaire,MATH,Mathématiques,الرياضيات,ar,False,الفترة 6,44,الأعداد من 10 إلى 99: مقارنة وترتيبا / تفكيكا وتركيبا
primaire,2P,2ème année primaire,السنة الثانية ابتدائي,TC,Tronc commun,جذع مشترك,2eme-primaire,ARAB,Arabe,العربية,ar,False,,1,العيش معا والمواطنة
primaire,2P,2ème année primaire,السنة الثانية ابتدائي,TC,Tronc commun,جذع مشترك,2eme-primaire,ARAB,Arabe,العربية,ar,False,,2,المحيط والاستهلاك / المبادرة وبناء المشاريع
primaire,2P,2ème année primaire,السنة الثانية ابتدائي,TC,Tronc commun,جذع مشترك,2eme-primaire,ARAB,Arabe,العربية,ar,False,,3,الصحة والرفاه
primaire,2P,2ème année primaire,السنة الثانية ابتدائي,TC,Tronc commun,جذع مشترك,2eme-primaire,ARAB,Arabe,العربية,ar,False,,4,وسائل الإعلام والاتصال
primaire,2P,2ème année primaire,السنة الثانية ابتدائي,TC,Tronc commun,جذع مشترك,2eme-primaire,ARAB,Arabe,العربية,ar,False,,5,المحيط والاستهلاك
primaire,2P,2ème année primaire,السنة الثانية ابتدائي,TC,Tronc commun,جذع مشترك,2eme-primaire,ARAB,Arabe,العربية,ar,False,,6,المبادرة وبناء المشاريع
primaire,2P,2ème année primaire,السنة الثانية ابتدائي,TC,Tronc commun,جذع مشترك,2eme-primaire,ARAB,Arabe,العربية,ar,False,,7,العيش معا والمواطنة
primaire,2P,2ème année primaire,السنة الثانية ابتدائي,TC,Tronc commun,جذع مشترك,2eme-primaire,ARAB,Arabe,العربية,ar,False,,8,خزانة النصوص
primaire,2P,2ème année primaire,السنة الثانية ابتدائي,TC,Tronc commun,جذع مشترك,2eme-primaire,MATH,Mathématiques,الرياضيات,ar,False,الفترة 1,1,المجموعات ومكوناتها والعلاقة بينها
primaire,2P,2ème année primaire,السنة الثانية ابتدائي,TC,Tronc commun,جذع مشترك,2eme-primaire,MATH,Mathématiques,الرياضيات,ar,False,الفترة 1,2,المجموعات: متمم مجموعة في أخرى
primaire,2P,2ème année primaire,السنة الثانية ابتدائي,TC,Tronc commun,جذع مشترك,2eme-primaire,MATH,Mathématiques,الرياضيات,ar,False,الفترة 1,3,التدرب على حل الوضعية المشكل: تمثيل الوضعية برسم
primaire,2P,2ème année primaire,السنة الثانية ابتدائي,TC,Tronc commun,جذع مشترك,2eme-primaire,MATH,Mathématiques,الرياضيات,ar,False,الفترة 1,4,الأعداد من 0 إلى 99: الجمع بالاحتفاظ ومن دونه
primaire,2P,2ème année primaire,السنة الثانية ابتدائي,TC,Tronc commun,جذع مشترك,2eme-primaire,MATH,Mathématiques,الرياضيات,ar,False,الفترة 1,5,التدرب على حل الوضعية المشكل: استخراج المعلومات من نص الوضعية
primaire,2P,2ème année primaire,السنة الثانية ابتدائي,TC,Tronc commun,جذع مشترك,2eme-primaire,MATH,Mathématiques,الرياضيات,ar,False,الفترة 1,6,الأعداد من 0 إلى 99: الطرح دون زيادة ولا تفكيك
primaire,2P,2ème année primaire,السنة الثانية ابتدائي,TC,Tronc commun,جذع مشترك,2eme-primaire,MATH,Mathématiques,الرياضيات,ar,False,الفترة 1,7,التدرب على حل الوضعية المشكل: تمييز المعطيات وثيقة الصلة بالوضعية
primaire,2P,2ème année primaire,السنة الثانية ابتدائي,TC,Tronc commun,جذع مشترك,2eme-primaire,MATH,Mathématiques,الرياضيات,ar,False,الفترة 1,8,الخط المستقيم والخط المنحني: الرسم والتوظيف
primaire,2P,2ème année primaire,السنة الثانية ابتدائي,TC,Tronc commun,جذع مشترك,2eme-primaire,MATH,Mathématiques,الرياضيات,ar,False,الفترة 1,9,القطع النقدية المتداولة 5، 10، 20، 50: التصرف فيها
primaire,2P,2ème année primaire,السنة الثانية ابتدائي,TC,Tronc commun,جذع مشترك,2eme-primaire,MATH,Mathématiques,الرياضيات,ar,False,الفترة 1,10,التدرب على حل الوضعية المشكل: تحديد المطلوب
primaire,2P,2ème année primaire,السنة الثانية ابتدائي,TC,Tronc commun,جذع مشترك,2eme-primaire,MATH,Mathématiques,الرياضيات,ar,False,الفترة 2,11,الأعداد من 0 إلى 99: مكمل عدد إلى آخر
primaire,2P,2ème année primaire,السنة الثانية ابتدائي,TC,Tronc commun,جذع مشترك,2eme-primaire,MATH,Mathématiques,الرياضيات,ar,False,الفترة 2,12,التدرب على حل الوضعية المشكل: تمثيل الوضعية بمخطط
primaire,2P,2ème année primaire,السنة الثانية ابتدائي,TC,Tronc commun,جذع مشترك,2eme-primaire,MATH,Mathématiques,الرياضيات,ar,False,الفترة 2,13,الأعداد من 0 إلى 99: الجمع والطرح دون زيادة ولا تفكيك
primaire,2P,2ème année primaire,السنة الثانية ابتدائي,TC,Tronc commun,جذع مشترك,2eme-primaire,MATH,Mathématiques,الرياضيات,ar,False,الفترة 2,14,الخط المنكسر: التعرف والاستعمال
primaire,2P,2ème année primaire,السنة الثانية ابتدائي,TC,Tronc commun,جذع مشترك,2eme-primaire,MATH,Mathématiques,الرياضيات,ar,False,الفترة 2,15,التدرب على حل الوضعية المشكل: طرح أسئلة توافق معطيات الوضعية
primaire,2P,2ème année primaire,السنة الثانية ابتدائي,TC,Tronc commun,جذع مشترك,2eme-primaire,MATH,Mathématiques,الرياضيات,ar,False,الفترة 2,16,العدد 100: القراءة والكتابة والتمثيل
primaire,2P,2ème année primaire,السنة الثانية ابتدائي,TC,Tronc commun,جذع مشترك,2eme-primaire,MATH,Mathématiques,الرياضيات,ar,False,الفترة 2,17,التدرب على حل الوضعية المشكل: إعادة صوغ الوضعية بأسلوب شخصي
primaire,2P,2ème année primaire,السنة الثانية ابتدائي,TC,Tronc commun,جذع مشترك,2eme-primaire,MATH,Mathématiques,الرياضيات,ar,False,الفترة 2,18,العدد 100: التفكيك والتركيب
primaire,2P,2ème année primaire,السنة الثانية ابتدائي,TC,Tronc commun,جذع مشترك,2eme-primaire,MATH,Mathématiques,الرياضيات,ar,False,الفترة 2,19,القطعة النقدية 100 مي: التصرف فيها
primaire,2P,2ème année primaire,السنة الثانية ابتدائي,TC,Tronc commun,جذع مشترك,2eme-primaire,MATH,Mathématiques,الرياضيات,ar,False,الفترة 2,20,التدرب على حل الوضعية المشكل: صوغ وضعية تناسب عملية جمع أو طرح
primaire,2P,2ème année primaire,السنة الثانية ابتدائي,TC,Tronc commun,جذع مشترك,2eme-primaire,MATH,Mathématiques,الرياضيات,ar,False,الفترة 3,21,الأعداد من 0 إلى 199: القراءة والكتابة والتمثيل
primaire,2P,2ème année primaire,السنة الثانية ابتدائي,TC,Tronc commun,جذع مشترك,2eme-primaire,MATH,Mathématiques,الرياضيات,ar,False,الفترة 3,22,التدرب على حل الوضعية المشكل: إنتاج أسئلة توافق معطيات الوضعية
primaire,2P,2ème année primaire,السنة الثانية ابتدائي,TC,Tronc commun,جذع مشترك,2eme-primaire,MATH,Mathématiques,الرياضيات,ar,False,الفترة 3,23,الأعداد من 0 إلى 199: تفكيك وتركيب
primaire,2P,2ème année primaire,السنة الثانية ابتدائي,TC,Tronc commun,جذع مشترك,2eme-primaire,MATH,Mathématiques,الرياضيات,ar,False,الفترة 3,24,صوغ الإجابات اللفظية المناسبة
primaire,2P,2ème année primaire,السنة الثانية ابتدائي,TC,Tronc commun,جذع مشترك,2eme-primaire,MATH,Mathématiques,الرياضيات,ar,False,الفترة 3,25,الأعداد من 0 إلى 199: المقارنة والترتيب
primaire,2P,2ème année primaire,السنة الثانية ابتدائي,TC,Tronc commun,جذع مشترك,2eme-primaire,MATH,Mathématiques,الرياضيات,ar,False,الفترة 3,26,الخط المنكسر: الرسم والتوظيف
primaire,2P,2ème année primaire,السنة الثانية ابتدائي,TC,Tronc commun,جذع مشترك,2eme-primaire,MATH,Mathématiques,الرياضيات,ar,False,الفترة 3,27,التدرب على حل الوضعية المشكل: تحديد العلاقة بين خاصيات المفاهيم
primaire,2P,2ème année primaire,السنة الثانية ابتدائي,TC,Tronc commun,جذع مشترك,2eme-primaire,MATH,Mathématiques,الرياضيات,ar,False,الفترة 3,28,القطع النقدية المتداولة: التصرف في القطع النقدية 5، 10، 20، 50، 100
primaire,2P,2ème année primaire,السنة الثانية ابتدائي,TC,Tronc commun,جذع مشترك,2eme-primaire,MATH,Mathématiques,الرياضيات,ar,False,الفترة 3,29,الأعداد من 0 إلى 199: الجمع بالاحتفاظ
primaire,2P,2ème année primaire,السنة الثانية ابتدائي,TC,Tronc commun,جذع مشترك,2eme-primaire,MATH,Mathématiques,الرياضيات,ar,False,الفترة 3,30,التدرب على حل الوضعية المشكل: تحديد المطلوب
primaire,2P,2ème année primaire,السنة الثانية ابتدائي,TC,Tronc commun,جذع مشترك,2eme-primaire,MATH,Mathématiques,الرياضيات,ar,False,الفترة 4,31,الأعداد من 0 إلى 199: الجمع بالاحتفاظ ومن دونه
primaire,2P,2ème année primaire,السنة الثانية ابتدائي,TC,Tronc commun,جذع مشترك,2eme-primaire,MATH,Mathématiques,الرياضيات,ar,False,الفترة 4,32,التدرب على حل الوضعية المشكل: إنتاج وضعية يتطلب حلها توظيف الجمع أو الطرح
primaire,2P,2ème année primaire,السنة الثانية ابتدائي,TC,Tronc commun,جذع مشترك,2eme-primaire,MATH,Mathématiques,الرياضيات,ar,False,الفترة 4,33,الأعداد من 0 إلى 199: الطرح دون زيادة ولا تفكيك
primaire,2P,2ème année primaire,السنة الثانية ابتدائي,TC,Tronc commun,جذع مشترك,2eme-primaire,MATH,Mathématiques,الرياضيات,ar,False,الفترة 4,34,المضلعات: تعرف المضلعات
primaire,2P,2ème année primaire,السنة الثانية ابتدائي,TC,Tronc commun,جذع مشترك,2eme-primaire,MATH,Mathématiques,الرياضيات,ar,False,الفترة 4,35,التدرب على حل الوضعية المشكل: إنتاج وضعية يتطلب حلها توظيف الجمع أو الطرح
primaire,2P,2ème année primaire,السنة الثانية ابتدائي,TC,Tronc commun,جذع مشترك,2eme-primaire,MATH,Mathématiques,الرياضيات,ar,False,الفترة 4,36,الأعداد من 0 إلى 199: الجمع والطرح دون زيادة ولا تفكيك
primaire,2P,2ème année primaire,السنة الثانية ابتدائي,TC,Tronc commun,جذع مشترك,2eme-primaire,MATH,Mathématiques,الرياضيات,ar,False,الفترة 4,37,الأعداد من 0 إلى 499: القراءة والكتابة والتمثيل
primaire,2P,2ème année primaire,السنة الثانية ابتدائي,TC,Tronc commun,جذع مشترك,2eme-primaire,MATH,Mathématiques,الرياضيات,ar,False,الفترة 4,38,التدرب على حل الوضعية المشكل: إنتاج وضعية يتطلب حلها توظيف الجمع أو الطرح أو المكمل
primaire,2P,2ème année primaire,السنة الثانية ابتدائي,TC,Tronc commun,جذع مشترك,2eme-primaire,MATH,Mathématiques,الرياضيات,ar,False,الفترة 4,39,الأعداد من 0 إلى 499: التفكيك والتركيب
primaire,2P,2ème année primaire,السنة الثانية ابتدائي,TC,Tronc commun,جذع مشترك,2eme-primaire,MATH,Mathématiques,الرياضيات,ar,False,الفترة 4,40,القطع النقدية المتداولة: التصرف في القطعة النقدية 200
primaire,2P,2ème année primaire,السنة الثانية ابتدائي,TC,Tronc commun,جذع مشترك,2eme-primaire,MATH,Mathématiques,الرياضيات,ar,False,الفترة 4,41,التدرب على حل الوضعية المشكل: إنتاج وضعية يتطلب حلها توظيف الجمع أو الطرح أو المكمل
primaire,2P,2ème année primaire,السنة الثانية ابتدائي,TC,Tronc commun,جذع مشترك,2eme-primaire,MATH,Mathématiques,الرياضيات,ar,False,الفترة 5,42,الأعداد من 0 إلى 499: المقارنة والترتيب
primaire,2P,2ème année primaire,السنة الثانية ابتدائي,TC,Tronc commun,جذع مشترك,2eme-primaire,MATH,Mathématiques,الرياضيات,ar,False,الفترة 5,43,الأعداد من 0 إلى 499: الجمع بالاحتفاظ ومن دونه
primaire,2P,2ème année primaire,السنة الثانية ابتدائي,TC,Tronc commun,جذع مشترك,2eme-primaire,MATH,Mathématiques,الرياضيات,ar,False,الفترة 5,44,التدرب على حل الوضعية المشكل: تحرير حل مسألة
primaire,2P,2ème année primaire,السنة الثانية ابتدائي,TC,Tronc commun,جذع مشترك,2eme-primaire,MATH,Mathématiques,الرياضيات,ar,False,الفترة 5,45,الأعداد من 0 إلى 499: الطرح دون زيادة ولا تفكيك
primaire,2P,2ème année primaire,السنة الثانية ابتدائي,TC,Tronc commun,جذع مشترك,2eme-primaire,MATH,Mathématiques,الرياضيات,ar,False,الفترة 5,46,القطع النقدية المتداولة 5، 10، 20، 50، 100، 200: التصرف فيها
primaire,2P,2ème année primaire,السنة الثانية ابتدائي,TC,Tronc commun,جذع مشترك,2eme-primaire,MATH,Mathématiques,الرياضيات,ar,False,الفترة 5,47,التدرب على حل الوضعية المشكل: تحرير حل مسألة
primaire,2P,2ème année primaire,السنة الثانية ابتدائي,TC,Tronc commun,جذع مشترك,2eme-primaire,MATH,Mathématiques,الرياضيات,ar,False,الفترة 5,48,الأعداد من 0 إلى 499: الجمع والطرح دون زيادة
primaire,2P,2ème année primaire,السنة الثانية ابتدائي,TC,Tronc commun,جذع مشترك,2eme-primaire,MATH,Mathématiques,الرياضيات,ar,False,الفترة 5,49,المضلعات: الرسم
primaire,2P,2ème année primaire,السنة الثانية ابتدائي,TC,Tronc commun,جذع مشترك,2eme-primaire,MATH,Mathématiques,الرياضيات,ar,False,الفترة 5,50,التدرب على حل الوضعية المشكل: تحرير حل مسألة
primaire,2P,2ème année primaire,السنة الثانية ابتدائي,TC,Tronc commun,جذع مشترك,2eme-primaire,MATH,Mathématiques,الرياضيات,ar,False,الفترة 6,51,الأعداد من 0 إلى 999: القراءة والكتابة والتمثيل
primaire,2P,2ème année primaire,السنة الثانية ابتدائي,TC,Tronc commun,جذع مشترك,2eme-primaire,MATH,Mathématiques,الرياضيات,ar,False,الفترة 6,52,الأعداد من 0 إلى 999: التفكيك والتركيب والمقارنة والترتيب
primaire,2P,2ème année primaire,السنة الثانية ابتدائي,TC,Tronc commun,جذع مشترك,2eme-primaire,MATH,Mathématiques,الرياضيات,ar,False,الفترة 6,53,التدرب على حل الوضعية المشكل: تحرير حل مسألة
primaire,2P,2ème année primaire,السنة الثانية ابتدائي,TC,Tronc commun,جذع مشترك,2eme-primaire,MATH,Mathématiques,الرياضيات,ar,False,الفترة 6,54,الأعداد من 0 إلى 999: الجمع والطرح دون زيادة ولا تفكيك
primaire,2P,2ème année primaire,السنة الثانية ابتدائي,TC,Tronc commun,جذع مشترك,2eme-primaire,MATH,Mathématiques,الرياضيات,ar,False,الفترة 6,55,التدرب على حل الوضعية المشكل: تحرير حل مسألة
primaire,2P,2ème année primaire,السنة الثانية ابتدائي,TC,Tronc commun,جذع مشترك,2eme-primaire,MATH,Mathématiques,الرياضيات,ar,False,الفترة 6,56,القطعة النقدية نصف دينار: التصرف فيها
primaire,2P,2ème année primaire,السنة الثانية ابتدائي,TC,Tronc commun,جذع مشترك,2eme-primaire,MATH,Mathématiques,الرياضيات,ar,False,الفترة 6,57,المضلعات: توظيفها
primaire,2P,2ème année primaire,السنة الثانية ابتدائي,TC,Tronc commun,جذع مشترك,2eme-primaire,MATH,Mathématiques,الرياضيات,ar,False,الفترة 6,58,التدرب على حل الوضعية المشكل: تقييم التمشي المعتمد والنتائج
primaire,3P,3ème année primaire,السنة الثالثة ابتدائي,TC,Tronc commun,جذع مشترك,3eme-primaire,ARAB,Arabe,العربية,ar,False,,1,ليكن هذا مشروع قسمنا
primaire,3P,3ème année primaire,السنة الثالثة ابتدائي,TC,Tronc commun,جذع مشترك,3eme-primaire,ARAB,Arabe,العربية,ar,False,,2,أي النواحي تقصدين؟
primaire,3P,3ème année primaire,السنة الثالثة ابتدائي,TC,Tronc commun,جذع مشترك,3eme-primaire,ARAB,Arabe,العربية,ar,False,,3,أعادت إليها رشدها
primaire,3P,3ème année primaire,السنة الثالثة ابتدائي,TC,Tronc commun,جذع مشترك,3eme-primaire,ARAB,Arabe,العربية,ar,False,,4,أقترح عزلهن
primaire,3P,3ème année primaire,السنة الثالثة ابتدائي,TC,Tronc commun,جذع مشترك,3eme-primaire,ARAB,Arabe,العربية,ar,False,,5,بين أسنان وفرشاة
primaire,3P,3ème année primaire,السنة الثالثة ابتدائي,TC,Tronc commun,جذع مشترك,3eme-primaire,ARAB,Arabe,العربية,ar,False,,6,رحلة بالمنطاد
primaire,3P,3ème année primaire,السنة الثالثة ابتدائي,TC,Tronc commun,جذع مشترك,3eme-primaire,ARAB,Arabe,العربية,ar,False,,7,وهكذا عادت البلابل
primaire,3P,3ème année primaire,السنة الثالثة ابتدائي,TC,Tronc commun,جذع مشترك,3eme-primaire,ARAB,Arabe,العربية,ar,False,,8,ما أحلى الصداقة
primaire,3P,3ème année primaire,السنة الثالثة ابتدائي,TC,Tronc commun,جذع مشترك,3eme-primaire,ARAB,Arabe,العربية,ar,False,,9,اليمامة والنملة
primaire,3P,3ème année primaire,السنة الثالثة ابتدائي,TC,Tronc commun,جذع مشترك,3eme-primaire,ARAB,Arabe,العربية,ar,False,,10,قاهر الضباب
primaire,3P,3ème année primaire,السنة الثالثة ابتدائي,TC,Tronc commun,جذع مشترك,3eme-primaire,ARAB,Arabe,العربية,ar,False,,11,أمي
primaire,3P,3ème année primaire,السنة الثالثة ابتدائي,TC,Tronc commun,جذع مشترك,3eme-primaire,ARAB,Arabe,العربية,ar,False,,12,وتنفست الصعداء
primaire,3P,3ème année primaire,السنة الثالثة ابتدائي,TC,Tronc commun,جذع مشترك,3eme-primaire,ARAB,Arabe,العربية,ar,False,,13,نداء الوادي
primaire,3P,3ème année primaire,السنة الثالثة ابتدائي,TC,Tronc commun,جذع مشترك,3eme-primaire,ARAB,Arabe,العربية,ar,False,,14,لا بد من حل
primaire,3P,3ème année primaire,السنة الثالثة ابتدائي,TC,Tronc commun,جذع مشترك,3eme-primaire,ARAB,Arabe,العربية,ar,False,,15,صالحت أصدقائي
primaire,3P,3ème année primaire,السنة الثالثة ابتدائي,TC,Tronc commun,جذع مشترك,3eme-primaire,ARAB,Arabe,العربية,ar,False,,16,أشاهدت ما شاهدت؟
primaire,3P,3ème année primaire,السنة الثالثة ابتدائي,TC,Tronc commun,جذع مشترك,3eme-primaire,ARAB,Arabe,العربية,ar,False,,17,بيتي بيتك
primaire,3P,3ème année primaire,السنة الثالثة ابتدائي,TC,Tronc commun,جذع مشترك,3eme-primaire,ARAB,Arabe,العربية,ar,False,,18,عش العصافير (1)
primaire,3P,3ème année primaire,السنة الثالثة ابتدائي,TC,Tronc commun,جذع مشترك,3eme-primaire,ARAB,Arabe,العربية,ar,False,,19,عش العصافير (2)
primaire,3P,3ème année primaire,السنة الثالثة ابتدائي,TC,Tronc commun,جذع مشترك,3eme-primaire,ARAB,Arabe,العربية,ar,False,,20,أنشودة الربيع
primaire,3P,3ème année primaire,السنة الثالثة ابتدائي,TC,Tronc commun,جذع مشترك,3eme-primaire,ARAB,Arabe,العربية,ar,False,,21,ها أنا أكتشف
primaire,3P,3ème année primaire,السنة الثالثة ابتدائي,TC,Tronc commun,جذع مشترك,3eme-primaire,ARAB,Arabe,العربية,ar,False,,22,من أجل سلامتك
primaire,3P,3ème année primaire,السنة الثالثة ابتدائي,TC,Tronc commun,جذع مشترك,3eme-primaire,ARAB,Arabe,العربية,ar,False,,23,فلنكن نحن الأفضل!
primaire,3P,3ème année primaire,السنة الثالثة ابتدائي,TC,Tronc commun,جذع مشترك,3eme-primaire,ARAB,Arabe,العربية,ar,False,,24,وتحقق الحلم
primaire,3P,3ème année primaire,السنة الثالثة ابتدائي,TC,Tronc commun,جذع مشترك,3eme-primaire,ARAB,Arabe,العربية,ar,False,,25,ما أروع هذا الاختراع!
primaire,3P,3ème année primaire,السنة الثالثة ابتدائي,TC,Tronc commun,جذع مشترك,3eme-primaire,ARAB,Arabe,العربية,ar,False,,26,صديقتي العزيزة منى
primaire,3P,3ème année primaire,السنة الثالثة ابتدائي,TC,Tronc commun,جذع مشترك,3eme-primaire,MATH,Mathématiques,الرياضيات,ar,False,,1,أكون الأعداد ذات 4 أرقام وأكتبها وأقرؤها
primaire,3P,3ème année primaire,السنة الثالثة ابتدائي,TC,Tronc commun,جذع مشترك,3eme-primaire,MATH,Mathématiques,الرياضيات,ar,False,,2,أتعرف الشبكة ومكوناتها
primaire,3P,3ème année primaire,السنة الثالثة ابتدائي,TC,Tronc commun,جذع مشترك,3eme-primaire,MATH,Mathématiques,الرياضيات,ar,False,,3,أطرح بالزيادة (1)
primaire,3P,3ème année primaire,السنة الثالثة ابتدائي,TC,Tronc commun,جذع مشترك,3eme-primaire,MATH,Mathématiques,الرياضيات,ar,False,,4,أكون الآلاف الكاملة وأكتبها وأقرؤها
primaire,3P,3ème année primaire,السنة الثالثة ابتدائي,TC,Tronc commun,جذع مشترك,3eme-primaire,MATH,Mathématiques,الرياضيات,ar,False,,5,أتعرف المسالك على الشبكة وأرسمها
primaire,3P,3ème année primaire,السنة الثالثة ابتدائي,TC,Tronc commun,جذع مشترك,3eme-primaire,MATH,Mathématiques,الرياضيات,ar,False,,6,أقارن الآلاف الكاملة
primaire,3P,3ème année primaire,السنة الثالثة ابتدائي,TC,Tronc commun,جذع مشترك,3eme-primaire,MATH,Mathématiques,الرياضيات,ar,False,,7,أطرح بالزيادة (2)
primaire,3P,3ème année primaire,السنة الثالثة ابتدائي,TC,Tronc commun,جذع مشترك,3eme-primaire,MATH,Mathématiques,الرياضيات,ar,False,,8,أتدرب على حل المسائل
primaire,3P,3ème année primaire,السنة الثالثة ابتدائي,TC,Tronc commun,جذع مشترك,3eme-primaire,MATH,Mathématiques,الرياضيات,ar,False,,9,أتعرف العلاقة بين المتر والديسمتر والصنتمتر
primaire,3P,3ème année primaire,السنة الثالثة ابتدائي,TC,Tronc commun,جذع مشترك,3eme-primaire,MATH,Mathématiques,الرياضيات,ar,False,,10,أكون الأعداد ذات 4 أرقام (بعض أرقامها صفر) وأكتبها وأقرؤها
primaire,3P,3ème année primaire,السنة الثالثة ابتدائي,TC,Tronc commun,جذع مشترك,3eme-primaire,MATH,Mathématiques,الرياضيات,ar,False,,11,أفكك الأعداد ذات 4 أرقام وأركبها
primaire,3P,3ème année primaire,السنة الثالثة ابتدائي,TC,Tronc commun,جذع مشترك,3eme-primaire,MATH,Mathématiques,الرياضيات,ar,False,,12,أقارن الأعداد ذات 4 أرقام وأرتبها
primaire,3P,3ème année primaire,السنة الثالثة ابتدائي,TC,Tronc commun,جذع مشترك,3eme-primaire,MATH,Mathématiques,الرياضيات,ar,False,,13,أتصرف في القطع النقدية والورقة المالية من فئة 5 د (1)
primaire,3P,3ème année primaire,السنة الثالثة ابتدائي,TC,Tronc commun,جذع مشترك,3eme-primaire,MATH,Mathématiques,الرياضيات,ar,False,,14,خاصيات الضرب في حساب جداء عددين
primaire,3P,3ème année primaire,السنة الثالثة ابتدائي,TC,Tronc commun,جذع مشترك,3eme-primaire,MATH,Mathématiques,الرياضيات,ar,False,,15,أتصرف في الأعداد ذات 4 أرقام
primaire,3P,3ème année primaire,السنة الثالثة ابتدائي,TC,Tronc commun,جذع مشترك,3eme-primaire,MATH,Mathématiques,الرياضيات,ar,False,,16,أتصرف في القطع النقدية والورقة المالية (2)
primaire,3P,3ème année primaire,السنة الثالثة ابتدائي,TC,Tronc commun,جذع مشترك,3eme-primaire,MATH,Mathématiques,الرياضيات,ar,False,,17,خاصيات الضرب في حساب جداء عددين (3)
primaire,3P,3ème année primaire,السنة الثالثة ابتدائي,TC,Tronc commun,جذع مشترك,3eme-primaire,MATH,Mathématiques,الرياضيات,ar,False,,18,أتصرف في العلاقة العشرية بين وحدات القيس (الأطوال، السعات)
primaire,3P,3ème année primaire,السنة الثالثة ابتدائي,TC,Tronc commun,جذع مشترك,3eme-primaire,MATH,Mathématiques,الرياضيات,ar,False,,19,خاصيات كل من المستطيل والمربع
primaire,3P,3ème année primaire,السنة الثالثة ابتدائي,TC,Tronc commun,جذع مشترك,3eme-primaire,MATH,Mathématiques,الرياضيات,ar,False,,20,اليوم والشهر والسنة
primaire,3P,3ème année primaire,السنة الثالثة ابتدائي,TC,Tronc commun,جذع مشترك,3eme-primaire,MATH,Mathématiques,الرياضيات,ar,False,,21,قيس محيط مضلع
primaire,3P,3ème année primaire,السنة الثالثة ابتدائي,TC,Tronc commun,جذع مشترك,3eme-primaire,EVEIL,Éveil scientifique,الإيقاظ العلمي,ar,False,,1,التنقل
primaire,3P,3ème année primaire,السنة الثالثة ابتدائي,TC,Tronc commun,جذع مشترك,3eme-primaire,EVEIL,Éveil scientifique,الإيقاظ العلمي,ar,False,,2,التغذية
primaire,3P,3ème année primaire,السنة الثالثة ابتدائي,TC,Tronc commun,جذع مشترك,3eme-primaire,EVEIL,Éveil scientifique,الإيقاظ العلمي,ar,False,,3,التكاثر والنمو
primaire,3P,3ème année primaire,السنة الثالثة ابتدائي,TC,Tronc commun,جذع مشترك,3eme-primaire,EVEIL,Éveil scientifique,الإيقاظ العلمي,ar,False,,4,التنفس
primaire,3P,3ème année primaire,السنة الثالثة ابتدائي,TC,Tronc commun,جذع مشترك,3eme-primaire,EVEIL,Éveil scientifique,الإيقاظ العلمي,ar,False,,5,الوقاية من الأمراض
primaire,3P,3ème année primaire,السنة الثالثة ابتدائي,TC,Tronc commun,جذع مشترك,3eme-primaire,EVEIL,Éveil scientifique,الإيقاظ العلمي,ar,False,,6,حماية المحيط
primaire,3P,3ème année primaire,السنة الثالثة ابتدائي,TC,Tronc commun,جذع مشترك,3eme-primaire,EVEIL,Éveil scientifique,الإيقاظ العلمي,ar,False,,7,الزمن
primaire,3P,3ème année primaire,السنة الثالثة ابتدائي,TC,Tronc commun,جذع مشترك,3eme-primaire,EVEIL,Éveil scientifique,الإيقاظ العلمي,ar,False,,8,المادة
primaire,4P,4ème année primaire,السنة الرابعة ابتدائي,TC,Tronc commun,جذع مشترك,4eme-primaire,ARAB,Arabe,العربية,ar,False,,1,نشأة صداقة
primaire,4P,4ème année primaire,السنة الرابعة ابتدائي,TC,Tronc commun,جذع مشترك,4eme-primaire,ARAB,Arabe,العربية,ar,False,,2,النحلة العاملة
primaire,4P,4ème année primaire,السنة الرابعة ابتدائي,TC,Tronc commun,جذع مشترك,4eme-primaire,ARAB,Arabe,العربية,ar,False,,3,مفاجأة الأب
primaire,4P,4ème année primaire,السنة الرابعة ابتدائي,TC,Tronc commun,جذع مشترك,4eme-primaire,ARAB,Arabe,العربية,ar,False,,4,وحانت الساعة
primaire,4P,4ème année primaire,السنة الرابعة ابتدائي,TC,Tronc commun,جذع مشترك,4eme-primaire,ARAB,Arabe,العربية,ar,False,,5,في الاتحاد قوة
primaire,4P,4ème année primaire,السنة الرابعة ابتدائي,TC,Tronc commun,جذع مشترك,4eme-primaire,ARAB,Arabe,العربية,ar,False,,6,وحلّت ساعة الخلاص
primaire,4P,4ème année primaire,السنة الرابعة ابتدائي,TC,Tronc commun,جذع مشترك,4eme-primaire,ARAB,Arabe,العربية,ar,False,,7,عبث الطفولة
primaire,4P,4ème année primaire,السنة الرابعة ابتدائي,TC,Tronc commun,جذع مشترك,4eme-primaire,ARAB,Arabe,العربية,ar,False,,8,على الشاطئ
primaire,4P,4ème année primaire,السنة الرابعة ابتدائي,TC,Tronc commun,جذع مشترك,4eme-primaire,ARAB,Arabe,العربية,ar,False,,9,يوم انتهى قبل أوانه
primaire,4P,4ème année primaire,السنة الرابعة ابتدائي,TC,Tronc commun,جذع مشترك,4eme-primaire,ARAB,Arabe,العربية,ar,False,,10,مهارة العنكبوت (1)
primaire,4P,4ème année primaire,السنة الرابعة ابتدائي,TC,Tronc commun,جذع مشترك,4eme-primaire,ARAB,Arabe,العربية,ar,False,,11,مهارة العنكبوت (2)
primaire,4P,4ème année primaire,السنة الرابعة ابتدائي,TC,Tronc commun,جذع مشترك,4eme-primaire,ARAB,Arabe,العربية,ar,False,,12,مهارة العنكبوت (3)
primaire,4P,4ème année primaire,السنة الرابعة ابتدائي,TC,Tronc commun,جذع مشترك,4eme-primaire,ARAB,Arabe,العربية,ar,False,,13,المزمار السحري (1)
primaire,4P,4ème année primaire,السنة الرابعة ابتدائي,TC,Tronc commun,جذع مشترك,4eme-primaire,ARAB,Arabe,العربية,ar,False,,14,المزمار السحري (2)
primaire,4P,4ème année primaire,السنة الرابعة ابتدائي,TC,Tronc commun,جذع مشترك,4eme-primaire,ARAB,Arabe,العربية,ar,False,,15,المارد وسكان القرية (1)
primaire,4P,4ème année primaire,السنة الرابعة ابتدائي,TC,Tronc commun,جذع مشترك,4eme-primaire,ARAB,Arabe,العربية,ar,False,,16,المارد وسكان القرية (2)
primaire,4P,4ème année primaire,السنة الرابعة ابتدائي,TC,Tronc commun,جذع مشترك,4eme-primaire,ARAB,Arabe,العربية,ar,False,,17,حيرة أم
primaire,4P,4ème année primaire,السنة الرابعة ابتدائي,TC,Tronc commun,جذع مشترك,4eme-primaire,ARAB,Arabe,العربية,ar,False,,18,أنشودة الميلاد
primaire,4P,4ème année primaire,السنة الرابعة ابتدائي,TC,Tronc commun,جذع مشترك,4eme-primaire,ARAB,Arabe,العربية,ar,False,,19,في أعماق البحر (1)
primaire,4P,4ème année primaire,السنة الرابعة ابتدائي,TC,Tronc commun,جذع مشترك,4eme-primaire,ARAB,Arabe,العربية,ar,False,,20,في أعماق البحر (2)
primaire,4P,4ème année primaire,السنة الرابعة ابتدائي,TC,Tronc commun,جذع مشترك,4eme-primaire,ARAB,Arabe,العربية,ar,False,,21,ونجحت التجربة
primaire,4P,4ème année primaire,السنة الرابعة ابتدائي,TC,Tronc commun,جذع مشترك,4eme-primaire,ARAB,Arabe,العربية,ar,False,,22,الأسد والثيران
primaire,4P,4ème année primaire,السنة الرابعة ابتدائي,TC,Tronc commun,جذع مشترك,4eme-primaire,ARAB,Arabe,العربية,ar,False,,23,النسر والعصافير
primaire,4P,4ème année primaire,السنة الرابعة ابتدائي,TC,Tronc commun,جذع مشترك,4eme-primaire,ARAB,Arabe,العربية,ar,False,,24,ليلى والذئب (1)
primaire,4P,4ème année primaire,السنة الرابعة ابتدائي,TC,Tronc commun,جذع مشترك,4eme-primaire,ARAB,Arabe,العربية,ar,False,,25,ليلى والذئب (2)
primaire,4P,4ème année primaire,السنة الرابعة ابتدائي,TC,Tronc commun,جذع مشترك,4eme-primaire,ARAB,Arabe,العربية,ar,False,,26,أمي
primaire,4P,4ème année primaire,السنة الرابعة ابتدائي,TC,Tronc commun,جذع مشترك,4eme-primaire,ARAB,Arabe,العربية,ar,False,,27,الزيارة المفاجئة (1)
primaire,4P,4ème année primaire,السنة الرابعة ابتدائي,TC,Tronc commun,جذع مشترك,4eme-primaire,ARAB,Arabe,العربية,ar,False,,28,الزيارة المفاجئة (2)
primaire,4P,4ème année primaire,السنة الرابعة ابتدائي,TC,Tronc commun,جذع مشترك,4eme-primaire,ARAB,Arabe,العربية,ar,False,,29,الزيارة المفاجئة (3)
primaire,4P,4ème année primaire,السنة الرابعة ابتدائي,TC,Tronc commun,جذع مشترك,4eme-primaire,ARAB,Arabe,العربية,ar,False,,30,رحلة بحرية (1)
primaire,4P,4ème année primaire,السنة الرابعة ابتدائي,TC,Tronc commun,جذع مشترك,4eme-primaire,ARAB,Arabe,العربية,ar,False,,31,رحلة بحرية (2)
primaire,4P,4ème année primaire,السنة الرابعة ابتدائي,TC,Tronc commun,جذع مشترك,4eme-primaire,ARAB,Arabe,العربية,ar,False,,32,الكلب والحمامة
primaire,4P,4ème année primaire,السنة الرابعة ابتدائي,TC,Tronc commun,جذع مشترك,4eme-primaire,ARAB,Arabe,العربية,ar,False,,33,خدمة سريعة
primaire,4P,4ème année primaire,السنة الرابعة ابتدائي,TC,Tronc commun,جذع مشترك,4eme-primaire,ARAB,Arabe,العربية,ar,False,,34,وهكذا تم إنقاذي
primaire,4P,4ème année primaire,السنة الرابعة ابتدائي,TC,Tronc commun,جذع مشترك,4eme-primaire,ARAB,Arabe,العربية,ar,False,,35,سميحة ومديحة والسحاب (1)
primaire,4P,4ème année primaire,السنة الرابعة ابتدائي,TC,Tronc commun,جذع مشترك,4eme-primaire,ARAB,Arabe,العربية,ar,False,,36,سميحة ومديحة والسحاب (2)
primaire,4P,4ème année primaire,السنة الرابعة ابتدائي,TC,Tronc commun,جذع مشترك,4eme-primaire,ARAB,Arabe,العربية,ar,False,,37,الأرض الجميلة (1)
primaire,4P,4ème année primaire,السنة الرابعة ابتدائي,TC,Tronc commun,جذع مشترك,4eme-primaire,ARAB,Arabe,العربية,ar,False,,38,الأرض الجميلة (2)
primaire,4P,4ème année primaire,السنة الرابعة ابتدائي,TC,Tronc commun,جذع مشترك,4eme-primaire,ARAB,Arabe,العربية,ar,False,,39,فرحة اللقاء
primaire,4P,4ème année primaire,السنة الرابعة ابتدائي,TC,Tronc commun,جذع مشترك,4eme-primaire,ARAB,Arabe,العربية,ar,False,,40,الجملة الفعلية
primaire,4P,4ème année primaire,السنة الرابعة ابتدائي,TC,Tronc commun,جذع مشترك,4eme-primaire,ARAB,Arabe,العربية,ar,False,,41,الجملة الاسمية
primaire,4P,4ème année primaire,السنة الرابعة ابتدائي,TC,Tronc commun,جذع مشترك,4eme-primaire,ARAB,Arabe,العربية,ar,False,,42,النواسخ
primaire,4P,4ème année primaire,السنة الرابعة ابتدائي,TC,Tronc commun,جذع مشترك,4eme-primaire,ARAB,Arabe,العربية,ar,False,,43,الفعل
primaire,4P,4ème année primaire,السنة الرابعة ابتدائي,TC,Tronc commun,جذع مشترك,4eme-primaire,ARAB,Arabe,العربية,ar,False,,44,المتممات
primaire,4P,4ème année primaire,السنة الرابعة ابتدائي,TC,Tronc commun,جذع مشترك,4eme-primaire,ARAB,Arabe,العربية,ar,False,,45,الإنتاج الكتابي (الدروس 1-24، ص 95-142)
primaire,4P,4ème année primaire,السنة الرابعة ابتدائي,TC,Tronc commun,جذع مشترك,4eme-primaire,FRAN,Français,الفرنسية,fr,False,,1,Vive l'école !
primaire,4P,4ème année primaire,السنة الرابعة ابتدائي,TC,Tronc commun,جذع مشترك,4eme-primaire,FRAN,Français,الفرنسية,fr,False,,2,Bienvenue chez les Duval
primaire,4P,4ème année primaire,السنة الرابعة ابتدائي,TC,Tronc commun,جذع مشترك,4eme-primaire,FRAN,Français,الفرنسية,fr,False,,3,Sois mon ami !
primaire,4P,4ème année primaire,السنة الرابعة ابتدائي,TC,Tronc commun,جذع مشترك,4eme-primaire,FRAN,Français,الفرنسية,fr,False,,4,Tends-moi la main !
primaire,4P,4ème année primaire,السنة الرابعة ابتدائي,TC,Tronc commun,جذع مشترك,4eme-primaire,FRAN,Français,الفرنسية,fr,False,,5,Un cœur qui bat
primaire,4P,4ème année primaire,السنة الرابعة ابتدائي,TC,Tronc commun,جذع مشترك,4eme-primaire,FRAN,Français,الفرنسية,fr,False,,6,Bon appétit !
primaire,4P,4ème année primaire,السنة الرابعة ابتدائي,TC,Tronc commun,جذع مشترك,4eme-primaire,FRAN,Français,الفرنسية,fr,False,,7,Amusons-nous
primaire,4P,4ème année primaire,السنة الرابعة ابتدائي,TC,Tronc commun,جذع مشترك,4eme-primaire,FRAN,Français,الفرنسية,fr,False,,8,Quoi de neuf à la télé
primaire,4P,4ème année primaire,السنة الرابعة ابتدائي,TC,Tronc commun,جذع مشترك,4eme-primaire,FRAN,Français,الفرنسية,fr,False,,9,"« Conte-nous une histoire, dis ! »"
primaire,4P,4ème année primaire,السنة الرابعة ابتدائي,TC,Tronc commun,جذع مشترك,4eme-primaire,FRAN,Français,الفرنسية,fr,False,,10,"« Conte-nous une histoire, dis ! »"
primaire,4P,4ème année primaire,السنة الرابعة ابتدائي,TC,Tronc commun,جذع مشترك,4eme-primaire,MATH,Mathématiques,الرياضيات,ar,False,,1,أكون الأعداد ذات 5 أرقام وأفككها وأركبها
primaire,4P,4ème année primaire,السنة الرابعة ابتدائي,TC,Tronc commun,جذع مشترك,4eme-primaire,MATH,Mathématiques,الرياضيات,ar,False,,2,أتعرف المسالك المختصرة وموقع عقدة على الشبكة
primaire,4P,4ème année primaire,السنة الرابعة ابتدائي,TC,Tronc commun,جذع مشترك,4eme-primaire,MATH,Mathématiques,الرياضيات,ar,False,,3,أتصرف في القطع النقدية والأوراق المالية (5 د و10 د)
primaire,4P,4ème année primaire,السنة الرابعة ابتدائي,TC,Tronc commun,جذع مشترك,4eme-primaire,MATH,Mathématiques,الرياضيات,ar,False,,4,أقارن الأعداد ذات 5 أرقام وأرتبها
primaire,4P,4ème année primaire,السنة الرابعة ابتدائي,TC,Tronc commun,جذع مشترك,4eme-primaire,MATH,Mathématiques,الرياضيات,ar,False,,5,أتصرف في الأعداد ذات 5 أرقام (بعض أرقامها صفر)
primaire,4P,4ème année primaire,السنة الرابعة ابتدائي,TC,Tronc commun,جذع مشترك,4eme-primaire,MATH,Mathématiques,الرياضيات,ar,False,,6,أتصرف في القطع النقدية والأوراق المالية
primaire,4P,4ème année primaire,السنة الرابعة ابتدائي,TC,Tronc commun,جذع مشترك,4eme-primaire,MATH,Mathématiques,الرياضيات,ar,False,,7,أتعرف المستقيم ونصف المستقيم وقطعة المستقيم
primaire,4P,4ème année primaire,السنة الرابعة ابتدائي,TC,Tronc commun,جذع مشترك,4eme-primaire,MATH,Mathématiques,الرياضيات,ar,False,,8,أوظف الجمع والضرب والطرح على الأعداد ذات 5 أرقام
primaire,4P,4ème année primaire,السنة الرابعة ابتدائي,TC,Tronc commun,جذع مشترك,4eme-primaire,MATH,Mathématiques,الرياضيات,ar,False,,9,أتصرف في وحدات قيس الأطوال (المتر وأجزاؤه)
primaire,4P,4ème année primaire,السنة الرابعة ابتدائي,TC,Tronc commun,جذع مشترك,4eme-primaire,MATH,Mathématiques,الرياضيات,ar,False,,10,أرسم المستقيمات المتعامدة والمستقيمات المتوازية
primaire,4P,4ème année primaire,السنة الرابعة ابتدائي,TC,Tronc commun,جذع مشترك,4eme-primaire,MATH,Mathématiques,الرياضيات,ar,False,,11,أنجز عملية الضرب في عقد أو مائة كاملة
primaire,4P,4ème année primaire,السنة الرابعة ابتدائي,TC,Tronc commun,جذع مشترك,4eme-primaire,MATH,Mathématiques,الرياضيات,ar,False,,12,أوظف التعامد والتوازي في تصنيف المضلعات ورسمها
primaire,4P,4ème année primaire,السنة الرابعة ابتدائي,TC,Tronc commun,جذع مشترك,4eme-primaire,MATH,Mathématiques,الرياضيات,ar,False,,13,أتصرف في وحدات قيس الأطوال (المتر ومضاعفاته)
primaire,4P,4ème année primaire,السنة الرابعة ابتدائي,TC,Tronc commun,جذع مشترك,4eme-primaire,MATH,Mathématiques,الرياضيات,ar,False,,14,أنجز عملية الضرب في عدد ذي رقمين
primaire,4P,4ème année primaire,السنة الرابعة ابتدائي,TC,Tronc commun,جذع مشترك,4eme-primaire,MATH,Mathématiques,الرياضيات,ar,False,,15,أرسم المستطيل والمربع باعتماد خاصيات الأضلاع والزوايا
primaire,4P,4ème année primaire,السنة الرابعة ابتدائي,TC,Tronc commun,جذع مشترك,4eme-primaire,MATH,Mathématiques,الرياضيات,ar,False,,16,أكون الأعداد ذات 6 أرقام وأفككها وأركبها
primaire,4P,4ème année primaire,السنة الرابعة ابتدائي,TC,Tronc commun,جذع مشترك,4eme-primaire,MATH,Mathématiques,الرياضيات,ar,False,,17,أتصرف في وحدات قيس الكتل (الكيلوغرام والغرام)
primaire,4P,4ème année primaire,السنة الرابعة ابتدائي,TC,Tronc commun,جذع مشترك,4eme-primaire,MATH,Mathématiques,الرياضيات,ar,False,,18,أقارن الأعداد ذات 6 أرقام وأرتبها
primaire,4P,4ème année primaire,السنة الرابعة ابتدائي,TC,Tronc commun,جذع مشترك,4eme-primaire,MATH,Mathématiques,الرياضيات,ar,False,,19,أحسب قيس محيط شكل مكون من مستطيلات ومربعات
primaire,4P,4ème année primaire,السنة الرابعة ابتدائي,TC,Tronc commun,جذع مشترك,4eme-primaire,MATH,Mathématiques,الرياضيات,ar,False,,20,أوظف الجمع والطرح والضرب على الأعداد ذات 6 أرقام
primaire,4P,4ème année primaire,السنة الرابعة ابتدائي,TC,Tronc commun,جذع مشترك,4eme-primaire,MATH,Mathématiques,الرياضيات,ar,False,,21,أتصرف في الأعداد ذات 6 أرقام (بعض أرقامها صفر)
primaire,4P,4ème année primaire,السنة الرابعة ابتدائي,TC,Tronc commun,جذع مشترك,4eme-primaire,MATH,Mathématiques,الرياضيات,ar,False,,22,أتعرف القسمة الإقليدية
primaire,4P,4ème année primaire,السنة الرابعة ابتدائي,TC,Tronc commun,جذع مشترك,4eme-primaire,MATH,Mathématiques,الرياضيات,ar,False,,23,أنجز عملية قسمة قاسمها عدد ذو رقم واحد
primaire,4P,4ème année primaire,السنة الرابعة ابتدائي,TC,Tronc commun,جذع مشترك,4eme-primaire,MATH,Mathématiques,الرياضيات,ar,False,,24,أحدد الزمن بالساعة والدقيقة
primaire,4P,4ème année primaire,السنة الرابعة ابتدائي,TC,Tronc commun,جذع مشترك,4eme-primaire,EVEIL,Éveil scientifique,الإيقاظ العلمي,ar,False,علم الأحياء,1,الحواس والوقاية من الأمراض
primaire,4P,4ème année primaire,السنة الرابعة ابتدائي,TC,Tronc commun,جذع مشترك,4eme-primaire,EVEIL,Éveil scientifique,الإيقاظ العلمي,ar,False,علم الأحياء,2,التنقل
primaire,4P,4ème année primaire,السنة الرابعة ابتدائي,TC,Tronc commun,جذع مشترك,4eme-primaire,EVEIL,Éveil scientifique,الإيقاظ العلمي,ar,False,علم الأحياء,3,التغذية
primaire,4P,4ème année primaire,السنة الرابعة ابتدائي,TC,Tronc commun,جذع مشترك,4eme-primaire,EVEIL,Éveil scientifique,الإيقاظ العلمي,ar,False,علم الأحياء,4,التكاثر والنمو
primaire,4P,4ème année primaire,السنة الرابعة ابتدائي,TC,Tronc commun,جذع مشترك,4eme-primaire,EVEIL,Éveil scientifique,الإيقاظ العلمي,ar,False,علم الأحياء,5,التنفس
primaire,4P,4ème année primaire,السنة الرابعة ابتدائي,TC,Tronc commun,جذع مشترك,4eme-primaire,EVEIL,Éveil scientifique,الإيقاظ العلمي,ar,False,فيزياء,6,الزمن
primaire,4P,4ème année primaire,السنة الرابعة ابتدائي,TC,Tronc commun,جذع مشترك,4eme-primaire,EVEIL,Éveil scientifique,الإيقاظ العلمي,ar,False,فيزياء,7,المادة
primaire,4P,4ème année primaire,السنة الرابعة ابتدائي,TC,Tronc commun,جذع مشترك,4eme-primaire,EVEIL,Éveil scientifique,الإيقاظ العلمي,ar,False,فيزياء,8,الطاقة
primaire,5P,5ème année primaire,السنة الخامسة ابتدائي,TC,Tronc commun,جذع مشترك,5eme-primaire,ARAB,Arabe,العربية,ar,False,,1,الوحدة 1 (النصوص 1-8)
primaire,5P,5ème année primaire,السنة الخامسة ابتدائي,TC,Tronc commun,جذع مشترك,5eme-primaire,ARAB,Arabe,العربية,ar,False,,2,أعيّن تعاقب الأحداث في النص السردي
primaire,5P,5ème année primaire,السنة الخامسة ابتدائي,TC,Tronc commun,جذع مشترك,5eme-primaire,ARAB,Arabe,العربية,ar,False,,3,أحدّد أركان النص السردي
primaire,5P,5ème année primaire,السنة الخامسة ابتدائي,TC,Tronc commun,جذع مشترك,5eme-primaire,ARAB,Arabe,العربية,ar,False,,4,الوحدة 4 (النصوص 25-32)
primaire,5P,5ème année primaire,السنة الخامسة ابتدائي,TC,Tronc commun,جذع مشترك,5eme-primaire,ARAB,Arabe,العربية,ar,False,,5,أحدّد خصائص النص الوصفي
primaire,5P,5ème année primaire,السنة الخامسة ابتدائي,TC,Tronc commun,جذع مشترك,5eme-primaire,ARAB,Arabe,العربية,ar,False,,6,أتبيّن العلاقة بين الوصف والسرد
primaire,5P,5ème année primaire,السنة الخامسة ابتدائي,TC,Tronc commun,جذع مشترك,5eme-primaire,ARAB,Arabe,العربية,ar,False,,7,أتبيّن خصائص النص التفسيري
primaire,5P,5ème année primaire,السنة الخامسة ابتدائي,TC,Tronc commun,جذع مشترك,5eme-primaire,ARAB,Arabe,العربية,ar,False,,8,أتبيّن خصائص النص التوجيهي
primaire,5P,5ème année primaire,السنة الخامسة ابتدائي,TC,Tronc commun,جذع مشترك,5eme-primaire,ARAB,Arabe,العربية,ar,False,قواعد اللغة,9,الاسم النكرة والاسم المعرّف بـ«ال» والاسم العلم
primaire,5P,5ème année primaire,السنة الخامسة ابتدائي,TC,Tronc commun,جذع مشترك,5eme-primaire,ARAB,Arabe,العربية,ar,False,قواعد اللغة,10,الاسم المعرفة: أسماء الإشارة
primaire,5P,5ème année primaire,السنة الخامسة ابتدائي,TC,Tronc commun,جذع مشترك,5eme-primaire,ARAB,Arabe,العربية,ar,False,قواعد اللغة,11,المركب العطفي
primaire,5P,5ème année primaire,السنة الخامسة ابتدائي,TC,Tronc commun,جذع مشترك,5eme-primaire,ARAB,Arabe,العربية,ar,False,قواعد اللغة,12,الفعل المهموز في الماضي والمضارع المرفوع
primaire,5P,5ème année primaire,السنة الخامسة ابتدائي,TC,Tronc commun,جذع مشترك,5eme-primaire,ARAB,Arabe,العربية,ar,False,قواعد اللغة,13,المتممات: المفعول فيه للزمان
primaire,5P,5ème année primaire,السنة الخامسة ابتدائي,TC,Tronc commun,جذع مشترك,5eme-primaire,ARAB,Arabe,العربية,ar,False,قواعد اللغة,14,المفعول فيه للمكان
primaire,5P,5ème année primaire,السنة الخامسة ابتدائي,TC,Tronc commun,جذع مشترك,5eme-primaire,ARAB,Arabe,العربية,ar,False,قواعد اللغة,15,الفعل المثال في الماضي والمضارع
primaire,5P,5ème année primaire,السنة الخامسة ابتدائي,TC,Tronc commun,جذع مشترك,5eme-primaire,ARAB,Arabe,العربية,ar,False,قواعد اللغة,16,المتممات: الحال
primaire,5P,5ème année primaire,السنة الخامسة ابتدائي,TC,Tronc commun,جذع مشترك,5eme-primaire,ARAB,Arabe,العربية,ar,False,قواعد اللغة,17,اسم المفعول
primaire,5P,5ème année primaire,السنة الخامسة ابتدائي,TC,Tronc commun,جذع مشترك,5eme-primaire,ARAB,Arabe,العربية,ar,False,قواعد اللغة,18,المبتدأ: مفردة - مركبا
primaire,5P,5ème année primaire,السنة الخامسة ابتدائي,TC,Tronc commun,جذع مشترك,5eme-primaire,ARAB,Arabe,العربية,ar,False,قواعد اللغة,19,الخبر: مفردة - مركبا نعتيا - مركبا إضافيا - مركبا بالجر
primaire,5P,5ème année primaire,السنة الخامسة ابتدائي,TC,Tronc commun,جذع مشترك,5eme-primaire,ARAB,Arabe,العربية,ar,False,قواعد اللغة,20,الأجوف في الماضي
primaire,5P,5ème année primaire,السنة الخامسة ابتدائي,TC,Tronc commun,جذع مشترك,5eme-primaire,ARAB,Arabe,العربية,ar,False,قواعد اللغة,21,الأجوف في المضارع المرفوع والمضارع المنصوب
primaire,5P,5ème année primaire,السنة الخامسة ابتدائي,TC,Tronc commun,جذع مشترك,5eme-primaire,ARAB,Arabe,العربية,ar,False,قواعد اللغة,22,النواسخ الفعلية (كان - أصبح - مازال - صار - ليس)
primaire,5P,5ème année primaire,السنة الخامسة ابتدائي,TC,Tronc commun,جذع مشترك,5eme-primaire,ARAB,Arabe,العربية,ar,False,قواعد اللغة,23,النواسخ الفعلية والحرفية
primaire,5P,5ème année primaire,السنة الخامسة ابتدائي,TC,Tronc commun,جذع مشترك,5eme-primaire,ARAB,Arabe,العربية,ar,False,قواعد اللغة,24,اسم الناسخ
primaire,5P,5ème année primaire,السنة الخامسة ابتدائي,TC,Tronc commun,جذع مشترك,5eme-primaire,ARAB,Arabe,العربية,ar,False,قواعد اللغة,25,خبر الناسخ
primaire,5P,5ème année primaire,السنة الخامسة ابتدائي,TC,Tronc commun,جذع مشترك,5eme-primaire,ARAB,Arabe,العربية,ar,False,قواعد اللغة,26,القرائن الدالة على الفاعل
primaire,5P,5ème année primaire,السنة الخامسة ابتدائي,TC,Tronc commun,جذع مشترك,5eme-primaire,ARAB,Arabe,العربية,ar,False,قواعد اللغة,27,القرائن الدالة على المفعول به
primaire,5P,5ème année primaire,السنة الخامسة ابتدائي,TC,Tronc commun,جذع مشترك,5eme-primaire,ARAB,Arabe,العربية,ar,False,قواعد اللغة,28,القرائن الدالة على الحال
primaire,5P,5ème année primaire,السنة الخامسة ابتدائي,TC,Tronc commun,جذع مشترك,5eme-primaire,ARAB,Arabe,العربية,ar,False,قواعد اللغة,29,القرائن الدالة على المبتدأ والخبر
primaire,5P,5ème année primaire,السنة الخامسة ابتدائي,TC,Tronc commun,جذع مشترك,5eme-primaire,ARAB,Arabe,العربية,ar,False,الإنتاج الكتابي,30,الشخصيات والأحداث
primaire,5P,5ème année primaire,السنة الخامسة ابتدائي,TC,Tronc commun,جذع مشترك,5eme-primaire,ARAB,Arabe,العربية,ar,False,الإنتاج الكتابي,31,وضع الختام
primaire,5P,5ème année primaire,السنة الخامسة ابتدائي,TC,Tronc commun,جذع مشترك,5eme-primaire,ARAB,Arabe,العربية,ar,False,الإنتاج الكتابي,32,سياق التحول
primaire,5P,5ème année primaire,السنة الخامسة ابتدائي,TC,Tronc commun,جذع مشترك,5eme-primaire,ARAB,Arabe,العربية,ar,False,الإنتاج الكتابي,33,النص السردي المكتمل
primaire,5P,5ème année primaire,السنة الخامسة ابتدائي,TC,Tronc commun,جذع مشترك,5eme-primaire,ARAB,Arabe,العربية,ar,False,الإنتاج الكتابي,34,المكان المفتوح
primaire,5P,5ème année primaire,السنة الخامسة ابتدائي,TC,Tronc commun,جذع مشترك,5eme-primaire,ARAB,Arabe,العربية,ar,False,الإنتاج الكتابي,35,المكان المغلق
primaire,5P,5ème année primaire,السنة الخامسة ابتدائي,TC,Tronc commun,جذع مشترك,5eme-primaire,ARAB,Arabe,العربية,ar,False,الإنتاج الكتابي,36,الرسالة
primaire,5P,5ème année primaire,السنة الخامسة ابتدائي,TC,Tronc commun,جذع مشترك,5eme-primaire,ARAB,Arabe,العربية,ar,False,الإنتاج الكتابي,37,الإرشاد والتوجيه (1)
primaire,5P,5ème année primaire,السنة الخامسة ابتدائي,TC,Tronc commun,جذع مشترك,5eme-primaire,ARAB,Arabe,العربية,ar,False,الإنتاج الكتابي,38,الإرشاد والتوجيه (2)
primaire,5P,5ème année primaire,السنة الخامسة ابتدائي,TC,Tronc commun,جذع مشترك,5eme-primaire,FRAN,Français,الفرنسية,fr,False,,1,Rendons notre environnement plus agréable
primaire,5P,5ème année primaire,السنة الخامسة ابتدائي,TC,Tronc commun,جذع مشترك,5eme-primaire,FRAN,Français,الفرنسية,fr,False,,2,Apprenons à vivre ensemble
primaire,5P,5ème année primaire,السنة الخامسة ابتدائي,TC,Tronc commun,جذع مشترك,5eme-primaire,FRAN,Français,الفرنسية,fr,False,,3,Aidons et respectons les autres
primaire,5P,5ème année primaire,السنة الخامسة ابتدائي,TC,Tronc commun,جذع مشترك,5eme-primaire,FRAN,Français,الفرنسية,fr,False,,4,Découvrons les secrets d'une bonne santé
primaire,5P,5ème année primaire,السنة الخامسة ابتدائي,TC,Tronc commun,جذع مشترك,5eme-primaire,FRAN,Français,الفرنسية,fr,False,,5,Organisons notre vie entre le travail et les loisirs
primaire,5P,5ème année primaire,السنة الخامسة ابتدائي,TC,Tronc commun,جذع مشترك,5eme-primaire,FRAN,Français,الفرنسية,fr,False,,6,Découvrons d'autres pays
primaire,5P,5ème année primaire,السنة الخامسة ابتدائي,TC,Tronc commun,جذع مشترك,5eme-primaire,FRAN,Français,الفرنسية,fr,False,,7,Réalisons des projets
primaire,5P,5ème année primaire,السنة الخامسة ابتدائي,TC,Tronc commun,جذع مشترك,5eme-primaire,FRAN,Français,الفرنسية,fr,False,,8,Utilisons l'ordinateur
primaire,5P,5ème année primaire,السنة الخامسة ابتدائي,TC,Tronc commun,جذع مشترك,5eme-primaire,MATH,Mathématiques,الرياضيات,ar,False,الفترة 1,1,أكوّن الأعداد ذات 7 أرقام فأكثر وأكتبها وأقرؤها
primaire,5P,5ème année primaire,السنة الخامسة ابتدائي,TC,Tronc commun,جذع مشترك,5eme-primaire,MATH,Mathématiques,الرياضيات,ar,False,الفترة 1,2,أحدّد إحداثيات عقدة على الشبكة
primaire,5P,5ème année primaire,السنة الخامسة ابتدائي,TC,Tronc commun,جذع مشترك,5eme-primaire,MATH,Mathématiques,الرياضيات,ar,False,الفترة 1,3,أفكّك الأعداد ذات 7 أرقام فأكثر وأركّبها
primaire,5P,5ème année primaire,السنة الخامسة ابتدائي,TC,Tronc commun,جذع مشترك,5eme-primaire,MATH,Mathématiques,الرياضيات,ar,False,الفترة 1,4,أقارن الأعداد ذات 7 أرقام فأكثر وأرتّبها
primaire,5P,5ème année primaire,السنة الخامسة ابتدائي,TC,Tronc commun,جذع مشترك,5eme-primaire,MATH,Mathématiques,الرياضيات,ar,False,الفترة 1,5,أرسم صورة شكل على الشبكة باستعمال التناظر المحوري
primaire,5P,5ème année primaire,السنة الخامسة ابتدائي,TC,Tronc commun,جذع مشترك,5eme-primaire,MATH,Mathématiques,الرياضيات,ar,False,الفترة 1,6,أوظّف الجمع والطرح والضرب على الأعداد الصحيحة الطبيعية
primaire,5P,5ème année primaire,السنة الخامسة ابتدائي,TC,Tronc commun,جذع مشترك,5eme-primaire,MATH,Mathématiques,الرياضيات,ar,False,الفترة 1,7,أوظّف القسمة على الأعداد الصحيحة الطبيعية
primaire,5P,5ème année primaire,السنة الخامسة ابتدائي,TC,Tronc commun,جذع مشترك,5eme-primaire,MATH,Mathématiques,الرياضيات,ar,False,الفترة 2,8,أنجز عملية القسمة على عدد ذي رقمين
primaire,5P,5ème année primaire,السنة الخامسة ابتدائي,TC,Tronc commun,جذع مشترك,5eme-primaire,MATH,Mathématiques,الرياضيات,ar,False,الفترة 2,9,أتصرّف في وحدات قيس الكتل: القنطار والطن
primaire,5P,5ème année primaire,السنة الخامسة ابتدائي,TC,Tronc commun,جذع مشترك,5eme-primaire,MATH,Mathématiques,الرياضيات,ar,False,الفترة 2,10,أتعرّف الدائرة والقرص الدائري
primaire,5P,5ème année primaire,السنة الخامسة ابتدائي,TC,Tronc commun,جذع مشترك,5eme-primaire,MATH,Mathématiques,الرياضيات,ar,False,الفترة 2,11,أرسم الموسّط العمودي لقطعة مستقيم
primaire,5P,5ème année primaire,السنة الخامسة ابتدائي,TC,Tronc commun,جذع مشترك,5eme-primaire,MATH,Mathématiques,الرياضيات,ar,False,الفترة 2,12,أنجز عملية قسمة على عدد ذي 3 أرقام فأكثر
primaire,5P,5ème année primaire,السنة الخامسة ابتدائي,TC,Tronc commun,جذع مشترك,5eme-primaire,MATH,Mathématiques,الرياضيات,ar,False,الفترة 2,13,أوظّف الدائرة في البناءات الهندسية
primaire,5P,5ème année primaire,السنة الخامسة ابتدائي,TC,Tronc commun,جذع مشترك,5eme-primaire,MATH,Mathématiques,الرياضيات,ar,False,الفترة 2,14,أرسم المستقيمات المتعامدة والمستقيمات المتوازية
primaire,5P,5ème année primaire,السنة الخامسة ابتدائي,TC,Tronc commun,جذع مشترك,5eme-primaire,MATH,Mathématiques,الرياضيات,ar,False,الفترة 3,15,أتعرّف سلسلتين من الأعداد الصحيحة الطبيعية المتناسبة طردا
primaire,5P,5ème année primaire,السنة الخامسة ابتدائي,TC,Tronc commun,جذع مشترك,5eme-primaire,MATH,Mathématiques,الرياضيات,ar,False,الفترة 3,16,أكوّن الأعداد الكسرية وأكتبها وأقرؤها
primaire,5P,5ème année primaire,السنة الخامسة ابتدائي,TC,Tronc commun,جذع مشترك,5eme-primaire,MATH,Mathématiques,الرياضيات,ar,False,الفترة 3,17,أتصرّف في وحدات قيس المساحة: المتر المربّع وأجزاؤه
primaire,5P,5ème année primaire,السنة الخامسة ابتدائي,TC,Tronc commun,جذع مشترك,5eme-primaire,MATH,Mathématiques,الرياضيات,ar,False,الفترة 3,18,أتصرّف في وحدات قيس المساحة: المتر المربّع ومضاعفاته
primaire,5P,5ème année primaire,السنة الخامسة ابتدائي,TC,Tronc commun,جذع مشترك,5eme-primaire,MATH,Mathématiques,الرياضيات,ar,False,الفترة 3,19,أرسم الزوايا وأقيسها
primaire,5P,5ème année primaire,السنة الخامسة ابتدائي,TC,Tronc commun,جذع مشترك,5eme-primaire,MATH,Mathématiques,الرياضيات,ar,False,الفترة 3,20,أتصرّف في وحدات القيس الفلاحية
primaire,5P,5ème année primaire,السنة الخامسة ابتدائي,TC,Tronc commun,جذع مشترك,5eme-primaire,MATH,Mathématiques,الرياضيات,ar,False,الفترة 4,21,أكوّن الأعداد العشرية وأكتبها وأقرؤها
primaire,5P,5ème année primaire,السنة الخامسة ابتدائي,TC,Tronc commun,جذع مشترك,5eme-primaire,MATH,Mathématiques,الرياضيات,ar,False,الفترة 4,22,أفكّك الأعداد العشرية وأركّبها
primaire,5P,5ème année primaire,السنة الخامسة ابتدائي,TC,Tronc commun,جذع مشترك,5eme-primaire,MATH,Mathématiques,الرياضيات,ar,False,الفترة 4,23,أقارن الأعداد العشرية وأرتّبها
primaire,5P,5ème année primaire,السنة الخامسة ابتدائي,TC,Tronc commun,جذع مشترك,5eme-primaire,MATH,Mathématiques,الرياضيات,ar,False,الفترة 4,24,أتصرّف في الأعداد العشرية
primaire,5P,5ème année primaire,السنة الخامسة ابتدائي,TC,Tronc commun,جذع مشترك,5eme-primaire,MATH,Mathématiques,الرياضيات,ar,False,الفترة 4,25,أجمع الأعداد العشرية وأطرحها
primaire,5P,5ème année primaire,السنة الخامسة ابتدائي,TC,Tronc commun,جذع مشترك,5eme-primaire,MATH,Mathématiques,الرياضيات,ar,False,الفترة 4,26,أتصرّف في وحدات قيس الزمن: الساعة - الدقيقة - الثانية
primaire,5P,5ème année primaire,السنة الخامسة ابتدائي,TC,Tronc commun,جذع مشترك,5eme-primaire,MATH,Mathématiques,الرياضيات,ar,False,الفترة 4,27,أجمع وأطرح الأعداد التي تقيس الزمن
primaire,5P,5ème année primaire,السنة الخامسة ابتدائي,TC,Tronc commun,جذع مشترك,5eme-primaire,MATH,Mathématiques,الرياضيات,ar,False,الفترة 5,28,أنجز عملية ضرب عدد عشري في آخر صحيح
primaire,5P,5ème année primaire,السنة الخامسة ابتدائي,TC,Tronc commun,جذع مشترك,5eme-primaire,MATH,Mathématiques,الرياضيات,ar,False,الفترة 5,29,أنجز عملية ضرب عدد عشري في آخر عشري
primaire,5P,5ème année primaire,السنة الخامسة ابتدائي,TC,Tronc commun,جذع مشترك,5eme-primaire,MATH,Mathématiques,الرياضيات,ar,False,الفترة 5,30,أنجز عمليات الجمع والطرح والضرب في مجموعة الأعداد العشرية
primaire,5P,5ème année primaire,السنة الخامسة ابتدائي,TC,Tronc commun,جذع مشترك,5eme-primaire,MATH,Mathématiques,الرياضيات,ar,False,الفترة 5,31,أقسم عددا عشريا على عدد صحيح طبيعي
primaire,5P,5ème année primaire,السنة الخامسة ابتدائي,TC,Tronc commun,جذع مشترك,5eme-primaire,MATH,Mathématiques,الرياضيات,ar,False,الفترة 5,32,أرسم كلا من المستطيل والمربع استنادا إلى القطرين ومحاور التناظر
primaire,5P,5ème année primaire,السنة الخامسة ابتدائي,TC,Tronc commun,جذع مشترك,5eme-primaire,MATH,Mathématiques,الرياضيات,ar,False,الفترة 5,33,أقسم عددا صحيحا طبيعيا على عدد آخر صحيح طبيعي يكون الخارج عددا عشريا
primaire,5P,5ème année primaire,السنة الخامسة ابتدائي,TC,Tronc commun,جذع مشترك,5eme-primaire,MATH,Mathématiques,الرياضيات,ar,False,الفترة 5,34,أنجز عملية قسمة قاسمها عدد عشري
primaire,5P,5ème année primaire,السنة الخامسة ابتدائي,TC,Tronc commun,جذع مشترك,5eme-primaire,MATH,Mathématiques,الرياضيات,ar,False,الفترة 5,35,أتعرّف المثلثات وأرسمها
primaire,5P,5ème année primaire,السنة الخامسة ابتدائي,TC,Tronc commun,جذع مشترك,5eme-primaire,MATH,Mathématiques,الرياضيات,ar,False,الفترة 5,36,أتعرّف ارتفاعات المثلث وأرسمها
primaire,5P,5ème année primaire,السنة الخامسة ابتدائي,TC,Tronc commun,جذع مشترك,5eme-primaire,MATH,Mathématiques,الرياضيات,ar,False,الفترة 5,37,أنجز عملية الضرب على الأعداد التي تقيس الزمن
primaire,5P,5ème année primaire,السنة الخامسة ابتدائي,TC,Tronc commun,جذع مشترك,5eme-primaire,EVEIL,Éveil scientifique,الإيقاظ العلمي,ar,False,,1,الضوء
primaire,5P,5ème année primaire,السنة الخامسة ابتدائي,TC,Tronc commun,جذع مشترك,5eme-primaire,EVEIL,Éveil scientifique,الإيقاظ العلمي,ar,False,,2,جسم الإنسان
primaire,5P,5ème année primaire,السنة الخامسة ابتدائي,TC,Tronc commun,جذع مشترك,5eme-primaire,EVEIL,Éveil scientifique,الإيقاظ العلمي,ar,False,,3,الكهرباء
primaire,5P,5ème année primaire,السنة الخامسة ابتدائي,TC,Tronc commun,جذع مشترك,5eme-primaire,EVEIL,Éveil scientifique,الإيقاظ العلمي,ar,False,,4,الوسط البيئي
primaire,5P,5ème année primaire,السنة الخامسة ابتدائي,TC,Tronc commun,جذع مشترك,5eme-primaire,HIST,Histoire,التاريخ,ar,False,,1,التمهيد لدراسة التاريخ
primaire,5P,5ème année primaire,السنة الخامسة ابتدائي,TC,Tronc commun,جذع مشترك,5eme-primaire,HIST,Histoire,التاريخ,ar,False,,2,البلاد التونسية من عصور ما قبل التاريخ إلى العهد الروماني
primaire,5P,5ème année primaire,السنة الخامسة ابتدائي,TC,Tronc commun,جذع مشترك,5eme-primaire,HIST,Histoire,التاريخ,ar,False,,3,القيروان مركز إشعاع للحضارة العربية الإسلامية
primaire,5P,5ème année primaire,السنة الخامسة ابتدائي,TC,Tronc commun,جذع مشترك,5eme-primaire,HIST,Histoire,التاريخ,ar,False,,4,المهدية وتونس مركزا إشعاع للحضارة العربية الإسلامية
primaire,5P,5ème année primaire,السنة الخامسة ابتدائي,TC,Tronc commun,جذع مشترك,5eme-primaire,GEO,Géographie,الجغرافيا,ar,False,,1,المواقع والاتجاهات الجغرافية
primaire,5P,5ème année primaire,السنة الخامسة ابتدائي,TC,Tronc commun,جذع مشترك,5eme-primaire,GEO,Géographie,الجغرافيا,ar,False,,2,المشاهد الريفية
primaire,5P,5ème année primaire,السنة الخامسة ابتدائي,TC,Tronc commun,جذع مشترك,5eme-primaire,GEO,Géographie,الجغرافيا,ar,False,,3,المشاهد الحضرية
primaire,5P,5ème année primaire,السنة الخامسة ابتدائي,TC,Tronc commun,جذع مشترك,5eme-primaire,GEO,Géographie,الجغرافيا,ar,False,,4,علاقة المجال الريفي بالمجال الحضري
primaire,5P,5ème année primaire,السنة الخامسة ابتدائي,TC,Tronc commun,جذع مشترك,5eme-primaire,CIVIQ,Éducation civique,التربية المدنية,ar,False,,1,توزيع الأدوار وتبادلها داخل العائلة
primaire,5P,5ème année primaire,السنة الخامسة ابتدائي,TC,Tronc commun,جذع مشترك,5eme-primaire,CIVIQ,Éducation civique,التربية المدنية,ar,False,,2,دور الطفل في العائلة
primaire,5P,5ème année primaire,السنة الخامسة ابتدائي,TC,Tronc commun,جذع مشترك,5eme-primaire,CIVIQ,Éducation civique,التربية المدنية,ar,False,,3,المدرسة فضاء للحياة المدرسية
primaire,5P,5ème année primaire,السنة الخامسة ابتدائي,TC,Tronc commun,جذع مشترك,5eme-primaire,CIVIQ,Éducation civique,التربية المدنية,ar,False,,4,علاقة المدرسة بالعائلة
primaire,5P,5ème année primaire,السنة الخامسة ابتدائي,TC,Tronc commun,جذع مشترك,5eme-primaire,CIVIQ,Éducation civique,التربية المدنية,ar,False,,5,الطفل في محيطه الاجتماعي والثقافي
primaire,5P,5ème année primaire,السنة الخامسة ابتدائي,TC,Tronc commun,جذع مشترك,5eme-primaire,CIVIQ,Éducation civique,التربية المدنية,ar,False,,6,حقوق المتساكنين وواجباتهم
primaire,5P,5ème année primaire,السنة الخامسة ابتدائي,TC,Tronc commun,جذع مشترك,5eme-primaire,CIVIQ,Éducation civique,التربية المدنية,ar,False,,7,حقوق الطفل في العائلة
primaire,5P,5ème année primaire,السنة الخامسة ابتدائي,TC,Tronc commun,جذع مشترك,5eme-primaire,CIVIQ,Éducation civique,التربية المدنية,ar,False,,8,حقوق الطفل وواجباته في المدرسة
primaire,5P,5ème année primaire,السنة الخامسة ابتدائي,TC,Tronc commun,جذع مشترك,5eme-primaire,CIVIQ,Éducation civique,التربية المدنية,ar,False,,9,الوقاية من حوادث الطرقات
primaire,5P,5ème année primaire,السنة الخامسة ابتدائي,TC,Tronc commun,جذع مشترك,5eme-primaire,CIVIQ,Éducation civique,التربية المدنية,ar,False,,10,في احترام الملك الخاص والملك العمومي
primaire,5P,5ème année primaire,السنة الخامسة ابتدائي,TC,Tronc commun,جذع مشترك,5eme-primaire,CIVIQ,Éducation civique,التربية المدنية,ar,False,,11,دفع الضرائب والأداءات
primaire,5P,5ème année primaire,السنة الخامسة ابتدائي,TC,Tronc commun,جذع مشترك,5eme-primaire,CIVIQ,Éducation civique,التربية المدنية,ar,False,,12,التقسيم الإداري والترابي للبلاد التونسية
primaire,5P,5ème année primaire,السنة الخامسة ابتدائي,TC,Tronc commun,جذع مشترك,5eme-primaire,CIVIQ,Éducation civique,التربية المدنية,ar,False,,13,المجال الجغرافي للوطن
primaire,5P,5ème année primaire,السنة الخامسة ابتدائي,TC,Tronc commun,جذع مشترك,5eme-primaire,CIVIQ,Éducation civique,التربية المدنية,ar,False,,14,الدفاع عن الوطن
primaire,5P,5ème année primaire,السنة الخامسة ابتدائي,TC,Tronc commun,جذع مشترك,5eme-primaire,CIVIQ,Éducation civique,التربية المدنية,ar,False,,15,رموز الوطن
primaire,6P,6ème année primaire,السنة السادسة ابتدائي,TC,Tronc commun,جذع مشترك,6eme-primaire,ARAB,Arabe,العربية,ar,False,استعمال قواعد اللغة,1,الاسم المعرّف بالإضافة
primaire,6P,6ème année primaire,السنة السادسة ابتدائي,TC,Tronc commun,جذع مشترك,6eme-primaire,ARAB,Arabe,العربية,ar,False,استعمال قواعد اللغة,2,ضمائر الجر
primaire,6P,6ème année primaire,السنة السادسة ابتدائي,TC,Tronc commun,جذع مشترك,6eme-primaire,ARAB,Arabe,العربية,ar,False,استعمال قواعد اللغة,3,صيغة المضارع المنصوب من المضاعف مجرّدا ومزيدا
primaire,6P,6ème année primaire,السنة السادسة ابتدائي,TC,Tronc commun,جذع مشترك,6eme-primaire,ARAB,Arabe,العربية,ar,False,استعمال قواعد اللغة,4,صيغة المضارع المجزوم وصيغة الأمر من المضاعف مجرّدا ومزيدا
primaire,6P,6ème année primaire,السنة السادسة ابتدائي,TC,Tronc commun,جذع مشترك,6eme-primaire,ARAB,Arabe,العربية,ar,False,استعمال قواعد اللغة,5,صيغة الماضي من الفعل الناقص مجرّدا ومزيدا
primaire,6P,6ème année primaire,السنة السادسة ابتدائي,TC,Tronc commun,جذع مشترك,6eme-primaire,ARAB,Arabe,العربية,ar,False,استعمال قواعد اللغة,6,صيغة المضارع المرفوع من الفعل الناقص مجرّدا ومزيدا
primaire,6P,6ème année primaire,السنة السادسة ابتدائي,TC,Tronc commun,جذع مشترك,6eme-primaire,ARAB,Arabe,العربية,ar,False,استعمال قواعد اللغة,7,صيغة المضارع المنصوب من الفعل الناقص مجرّدا ومزيدا
primaire,6P,6ème année primaire,السنة السادسة ابتدائي,TC,Tronc commun,جذع مشترك,6eme-primaire,ARAB,Arabe,العربية,ar,False,استعمال قواعد اللغة,8,صيغة المضارع المجزوم من الفعل الناقص مجرّدا ومزيدا
primaire,6P,6ème année primaire,السنة السادسة ابتدائي,TC,Tronc commun,جذع مشترك,6eme-primaire,ARAB,Arabe,العربية,ar,False,استعمال قواعد اللغة,9,صيغة الأمر من الفعل الناقص مجرّدا ومزيدا
primaire,6P,6ème année primaire,السنة السادسة ابتدائي,TC,Tronc commun,جذع مشترك,6eme-primaire,ARAB,Arabe,العربية,ar,False,استعمال قواعد اللغة,10,الأسماء المقصورة النكرة
primaire,6P,6ème année primaire,السنة السادسة ابتدائي,TC,Tronc commun,جذع مشترك,6eme-primaire,ARAB,Arabe,العربية,ar,False,استعمال قواعد اللغة,11,تقديم الخبر على المبتدأ
primaire,6P,6ème année primaire,السنة السادسة ابتدائي,TC,Tronc commun,جذع مشترك,6eme-primaire,ARAB,Arabe,العربية,ar,False,استعمال قواعد اللغة,12,المصدر من الفعل الثلاثي المزيد
primaire,6P,6ème année primaire,السنة السادسة ابتدائي,TC,Tronc commun,جذع مشترك,6eme-primaire,ARAB,Arabe,العربية,ar,False,استعمال قواعد اللغة,13,المفعول المطلق
primaire,6P,6ème année primaire,السنة السادسة ابتدائي,TC,Tronc commun,جذع مشترك,6eme-primaire,ARAB,Arabe,العربية,ar,False,استعمال قواعد اللغة,14,الهمزة المتطرّفة
primaire,6P,6ème année primaire,السنة السادسة ابتدائي,TC,Tronc commun,جذع مشترك,6eme-primaire,ARAB,Arabe,العربية,ar,False,استعمال قواعد اللغة,15,اسم الفاعل من المضاعف المجرّد
primaire,6P,6ème année primaire,السنة السادسة ابتدائي,TC,Tronc commun,جذع مشترك,6eme-primaire,ARAB,Arabe,العربية,ar,False,استعمال قواعد اللغة,16,اسم المفعول من المضاعف المجرّد
primaire,6P,6ème année primaire,السنة السادسة ابتدائي,TC,Tronc commun,جذع مشترك,6eme-primaire,ARAB,Arabe,العربية,ar,False,استعمال قواعد اللغة,17,اسم الفاعل من الناقص
primaire,6P,6ème année primaire,السنة السادسة ابتدائي,TC,Tronc commun,جذع مشترك,6eme-primaire,ARAB,Arabe,العربية,ar,False,استعمال قواعد اللغة,18,اسم المفعول من الناقص
primaire,6P,6ème année primaire,السنة السادسة ابتدائي,TC,Tronc commun,جذع مشترك,6eme-primaire,ARAB,Arabe,العربية,ar,False,استعمال قواعد اللغة,19,الهمزة المتوسّطة على الألف / الواو / الياء / السّطر
primaire,6P,6ème année primaire,السنة السادسة ابتدائي,TC,Tronc commun,جذع مشترك,6eme-primaire,ARAB,Arabe,العربية,ar,False,استعمال قواعد اللغة,20,إعراب الاسم المثنّى
primaire,6P,6ème année primaire,السنة السادسة ابتدائي,TC,Tronc commun,جذع مشترك,6eme-primaire,ARAB,Arabe,العربية,ar,False,استعمال قواعد اللغة,21,إعراب جمع المذكر السالم
primaire,6P,6ème année primaire,السنة السادسة ابتدائي,TC,Tronc commun,جذع مشترك,6eme-primaire,ARAB,Arabe,العربية,ar,False,استعمال قواعد اللغة,22,إعراب الجمع المؤنث السالم
primaire,6P,6ème année primaire,السنة السادسة ابتدائي,TC,Tronc commun,جذع مشترك,6eme-primaire,ARAB,Arabe,العربية,ar,False,استعمال قواعد اللغة,23,إعراب الأسماء الخمسة
primaire,6P,6ème année primaire,السنة السادسة ابتدائي,TC,Tronc commun,جذع مشترك,6eme-primaire,ARAB,Arabe,العربية,ar,False,استعمال قواعد اللغة,24,الواو والياء في الجمع المذكر السالم المضاف
primaire,6P,6ème année primaire,السنة السادسة ابتدائي,TC,Tronc commun,جذع مشترك,6eme-primaire,ARAB,Arabe,العربية,ar,False,استعمال قواعد اللغة,25,التاء المفتوحة في الجمع المؤنث السالم
primaire,6P,6ème année primaire,السنة السادسة ابتدائي,TC,Tronc commun,جذع مشترك,6eme-primaire,ARAB,Arabe,العربية,ar,False,استعمال قواعد اللغة,26,المركب التمييزي
primaire,6P,6ème année primaire,السنة السادسة ابتدائي,TC,Tronc commun,جذع مشترك,6eme-primaire,ARAB,Arabe,العربية,ar,False,استعمال قواعد اللغة,27,اسم الفاعل من الفعل المزيد
primaire,6P,6ème année primaire,السنة السادسة ابتدائي,TC,Tronc commun,جذع مشترك,6eme-primaire,ARAB,Arabe,العربية,ar,False,استعمال قواعد اللغة,28,اسم المفعول من الفعل المزيد
primaire,6P,6ème année primaire,السنة السادسة ابتدائي,TC,Tronc commun,جذع مشترك,6eme-primaire,ARAB,Arabe,العربية,ar,False,القسم الثاني (عنوان غير مقروء),29,بنية النص السردي
primaire,6P,6ème année primaire,السنة السادسة ابتدائي,TC,Tronc commun,جذع مشترك,6eme-primaire,ARAB,Arabe,العربية,ar,False,القسم الثاني (عنوان غير مقروء),30,وضع البداية
primaire,6P,6ème année primaire,السنة السادسة ابتدائي,TC,Tronc commun,جذع مشترك,6eme-primaire,ARAB,Arabe,العربية,ar,False,القسم الثاني (عنوان غير مقروء),31,سياق التحوّل
primaire,6P,6ème année primaire,السنة السادسة ابتدائي,TC,Tronc commun,جذع مشترك,6eme-primaire,ARAB,Arabe,العربية,ar,False,القسم الثاني (عنوان غير مقروء),32,وضع النهاية
primaire,6P,6ème année primaire,السنة السادسة ابتدائي,TC,Tronc commun,جذع مشترك,6eme-primaire,ARAB,Arabe,العربية,ar,False,القسم الثاني (عنوان غير مقروء),33,السرد الخطي
primaire,6P,6ème année primaire,السنة السادسة ابتدائي,TC,Tronc commun,جذع مشترك,6eme-primaire,ARAB,Arabe,العربية,ar,False,القسم الثاني (عنوان غير مقروء),34,السرد غير الخطي
primaire,6P,6ème année primaire,السنة السادسة ابتدائي,TC,Tronc commun,جذع مشترك,6eme-primaire,ARAB,Arabe,العربية,ar,False,القسم الثاني (عنوان غير مقروء),35,الشخصيات في السرد
primaire,6P,6ème année primaire,السنة السادسة ابتدائي,TC,Tronc commun,جذع مشترك,6eme-primaire,ARAB,Arabe,العربية,ar,False,القسم الثاني (عنوان غير مقروء),36,الزمان والمكان في السرد
primaire,6P,6ème année primaire,السنة السادسة ابتدائي,TC,Tronc commun,جذع مشترك,6eme-primaire,ARAB,Arabe,العربية,ar,False,القسم الثاني (عنوان غير مقروء),37,وصف الشخص
primaire,6P,6ème année primaire,السنة السادسة ابتدائي,TC,Tronc commun,جذع مشترك,6eme-primaire,ARAB,Arabe,العربية,ar,False,القسم الثاني (عنوان غير مقروء),38,وصف أشياء وحيوانات
primaire,6P,6ème année primaire,السنة السادسة ابتدائي,TC,Tronc commun,جذع مشترك,6eme-primaire,ARAB,Arabe,العربية,ar,False,القسم الثاني (عنوان غير مقروء),39,وصف مشهد يغلب عليه السكون
primaire,6P,6ème année primaire,السنة السادسة ابتدائي,TC,Tronc commun,جذع مشترك,6eme-primaire,ARAB,Arabe,العربية,ar,False,القسم الثاني (عنوان غير مقروء),40,وصف مشهد تغلب عليه الحركة
primaire,6P,6ème année primaire,السنة السادسة ابتدائي,TC,Tronc commun,جذع مشترك,6eme-primaire,ARAB,Arabe,العربية,ar,False,القسم الثاني (عنوان غير مقروء),41,من الخطاب المنقول إلى الخطاب المباشر
primaire,6P,6ème année primaire,السنة السادسة ابتدائي,TC,Tronc commun,جذع مشترك,6eme-primaire,ARAB,Arabe,العربية,ar,False,القسم الثاني (عنوان غير مقروء),42,أفعال القول
primaire,6P,6ème année primaire,السنة السادسة ابتدائي,TC,Tronc commun,جذع مشترك,6eme-primaire,ARAB,Arabe,العربية,ar,False,القسم الثاني (عنوان غير مقروء),43,من الخطاب المباشر إلى الخطاب المنقول
primaire,6P,6ème année primaire,السنة السادسة ابتدائي,TC,Tronc commun,جذع مشترك,6eme-primaire,ARAB,Arabe,العربية,ar,False,القسم الثاني (عنوان غير مقروء),44,المقطع الحواري المتعدد الأطراف
primaire,6P,6ème année primaire,السنة السادسة ابتدائي,TC,Tronc commun,جذع مشترك,6eme-primaire,ARAB,Arabe,العربية,ar,False,القسم الثاني (عنوان غير مقروء),45,المقطع التفسيري: كيف ...؟
primaire,6P,6ème année primaire,السنة السادسة ابتدائي,TC,Tronc commun,جذع مشترك,6eme-primaire,ARAB,Arabe,العربية,ar,False,القسم الثاني (عنوان غير مقروء),46,المقطع التفسيري: ماذا أعرف عن ...؟
primaire,6P,6ème année primaire,السنة السادسة ابتدائي,TC,Tronc commun,جذع مشترك,6eme-primaire,ARAB,Arabe,العربية,ar,False,القسم الثاني (عنوان غير مقروء),47,المقطع التفسيري: لماذا ...؟
primaire,6P,6ème année primaire,السنة السادسة ابتدائي,TC,Tronc commun,جذع مشترك,6eme-primaire,ARAB,Arabe,العربية,ar,False,القسم الثاني (عنوان غير مقروء),48,المقطع التفسيري: الأسباب والنتائج
primaire,6P,6ème année primaire,السنة السادسة ابتدائي,TC,Tronc commun,جذع مشترك,6eme-primaire,ARAB,Arabe,العربية,ar,False,القسم الثاني (عنوان غير مقروء),49,المقطع التوجيهي (1): الأمر والنهي
primaire,6P,6ème année primaire,السنة السادسة ابتدائي,TC,Tronc commun,جذع مشترك,6eme-primaire,ARAB,Arabe,العربية,ar,False,القسم الثاني (عنوان غير مقروء),50,المقطع التوجيهي (2): استعمال المصادر
primaire,6P,6ème année primaire,السنة السادسة ابتدائي,TC,Tronc commun,جذع مشترك,6eme-primaire,ARAB,Arabe,العربية,ar,False,القسم الثاني (عنوان غير مقروء),51,النص السردي مغنى بالوصف والحوار
primaire,6P,6ème année primaire,السنة السادسة ابتدائي,TC,Tronc commun,جذع مشترك,6eme-primaire,ARAB,Arabe,العربية,ar,False,القسم الثاني (عنوان غير مقروء),52,النص السردي مغنى بالحوار والتفسير
primaire,6P,6ème année primaire,السنة السادسة ابتدائي,TC,Tronc commun,جذع مشترك,6eme-primaire,FRAN,Français,الفرنسية,fr,False,,1,Travailler pour s’épanouir
primaire,6P,6ème année primaire,السنة السادسة ابتدائي,TC,Tronc commun,جذع مشترك,6eme-primaire,FRAN,Français,الفرنسية,fr,False,,2,Communiquer avec les autres
primaire,6P,6ème année primaire,السنة السادسة ابتدائي,TC,Tronc commun,جذع مشترك,6eme-primaire,FRAN,Français,الفرنسية,fr,False,,3,Accepter les autres
primaire,6P,6ème année primaire,السنة السادسة ابتدائي,TC,Tronc commun,جذع مشترك,6eme-primaire,FRAN,Français,الفرنسية,fr,False,,4,S’entraider pour mieux réussir
primaire,6P,6ème année primaire,السنة السادسة ابتدائي,TC,Tronc commun,جذع مشترك,6eme-primaire,FRAN,Français,الفرنسية,fr,False,,5,Sauver la nature
primaire,6P,6ème année primaire,السنة السادسة ابتدائي,TC,Tronc commun,جذع مشترك,6eme-primaire,FRAN,Français,الفرنسية,fr,False,,6,Être en forme et mieux se porter
primaire,6P,6ème année primaire,السنة السادسة ابتدائي,TC,Tronc commun,جذع مشترك,6eme-primaire,FRAN,Français,الفرنسية,fr,False,,7,Profiter de son temps libre
primaire,6P,6ème année primaire,السنة السادسة ابتدائي,TC,Tronc commun,جذع مشترك,6eme-primaire,FRAN,Français,الفرنسية,fr,False,,8,Découvrir d’autres modes de vie
primaire,6P,6ème année primaire,السنة السادسة ابتدائي,TC,Tronc commun,جذع مشترك,6eme-primaire,MATH,Mathématiques,الرياضيات,ar,False,,1,أبني زوايا أقيستها بالدّرجة 15 - 30 - 60 - 90 - 120
primaire,6P,6ème année primaire,السنة السادسة ابتدائي,TC,Tronc commun,جذع مشترك,6eme-primaire,MATH,Mathématiques,الرياضيات,ar,False,,2,أتعرّف شبه المنحرف وأرسمه
primaire,6P,6ème année primaire,السنة السادسة ابتدائي,TC,Tronc commun,جذع مشترك,6eme-primaire,MATH,Mathématiques,الرياضيات,ar,False,,3,أتعرّف مضاعفات مشتركة لعددين صحيحين طبيعيين فأكثر
primaire,6P,6ème année primaire,السنة السادسة ابتدائي,TC,Tronc commun,جذع مشترك,6eme-primaire,MATH,Mathématiques,الرياضيات,ar,False,,4,أوظّف التناسب في السّلّم
primaire,6P,6ème année primaire,السنة السادسة ابتدائي,TC,Tronc commun,جذع مشترك,6eme-primaire,MATH,Mathématiques,الرياضيات,ar,False,,5,أتعرّف متوازيات الأضلاع وخاصّياتها
primaire,6P,6ème année primaire,السنة السادسة ابتدائي,TC,Tronc commun,جذع مشترك,6eme-primaire,MATH,Mathématiques,الرياضيات,ar,False,,6,أرسم متوازيات الأضلاع وأبنيها
primaire,6P,6ème année primaire,السنة السادسة ابتدائي,TC,Tronc commun,جذع مشترك,6eme-primaire,MATH,Mathématiques,الرياضيات,ar,False,,7,أفكّك الأعداد الكسريّة وأركّبها
primaire,6P,6ème année primaire,السنة السادسة ابتدائي,TC,Tronc commun,جذع مشترك,6eme-primaire,MATH,Mathématiques,الرياضيات,ar,False,,8,أحسب قيس محيط دائرة
primaire,6P,6ème année primaire,السنة السادسة ابتدائي,TC,Tronc commun,جذع مشترك,6eme-primaire,MATH,Mathématiques,الرياضيات,ar,False,,9,أكتب عددا كسريّا بطرق مختلفة
primaire,6P,6ème année primaire,السنة السادسة ابتدائي,TC,Tronc commun,جذع مشترك,6eme-primaire,MATH,Mathématiques,الرياضيات,ar,False,,10,أقارن الأعداد الكسريّة وأرتّبها
primaire,6P,6ème année primaire,السنة السادسة ابتدائي,TC,Tronc commun,جذع مشترك,6eme-primaire,MATH,Mathématiques,الرياضيات,ar,False,,11,أتعرّف الأعداد الكسريّة العشريّة وأكتبها بطرق مختلفة
primaire,6P,6ème année primaire,السنة السادسة ابتدائي,TC,Tronc commun,جذع مشترك,6eme-primaire,MATH,Mathématiques,الرياضيات,ar,False,,12,أحسب مساحة متوازي أضلاع (متوازي الأضلاع، المستطيل، المعيّن، المربّع)
primaire,6P,6ème année primaire,السنة السادسة ابتدائي,TC,Tronc commun,جذع مشترك,6eme-primaire,MATH,Mathématiques,الرياضيات,ar,False,,13,أتصرّف في الأعداد الكسريّة
primaire,6P,6ème année primaire,السنة السادسة ابتدائي,TC,Tronc commun,جذع مشترك,6eme-primaire,MATH,Mathématiques,الرياضيات,ar,False,,14,أجمع الأعداد الكسريّة وأطرحها
primaire,6P,6ème année primaire,السنة السادسة ابتدائي,TC,Tronc commun,جذع مشترك,6eme-primaire,MATH,Mathématiques,الرياضيات,ar,False,,15,أحسب قيس مساحة القرص الدّائري
primaire,6P,6ème année primaire,السنة السادسة ابتدائي,TC,Tronc commun,جذع مشترك,6eme-primaire,MATH,Mathématiques,الرياضيات,ar,False,,16,أوظّف التناسب في حساب معدّل السّرعة
primaire,6P,6ème année primaire,السنة السادسة ابتدائي,TC,Tronc commun,جذع مشترك,6eme-primaire,EVEIL,Éveil scientifique,الإيقاظ العلمي,ar,False,,1,العين والضوء
primaire,6P,6ème année primaire,السنة السادسة ابتدائي,TC,Tronc commun,جذع مشترك,6eme-primaire,EVEIL,Éveil scientifique,الإيقاظ العلمي,ar,False,,2,الهواء والتنفس
primaire,6P,6ème année primaire,السنة السادسة ابتدائي,TC,Tronc commun,جذع مشترك,6eme-primaire,EVEIL,Éveil scientifique,الإيقاظ العلمي,ar,False,,3,الطاقة
primaire,6P,6ème année primaire,السنة السادسة ابتدائي,TC,Tronc commun,جذع مشترك,6eme-primaire,HIST,Histoire,التاريخ,ar,False,,1,الصراع العثماني الإسباني على البلاد التونسية وانتصاب الأتراك بتونس
primaire,6P,6ème année primaire,السنة السادسة ابتدائي,TC,Tronc commun,جذع مشترك,6eme-primaire,HIST,Histoire,التاريخ,ar,False,,2,الدولة المرادية وإنجازاتها
primaire,6P,6ème année primaire,السنة السادسة ابتدائي,TC,Tronc commun,جذع مشترك,6eme-primaire,HIST,Histoire,التاريخ,ar,False,,3,الهجرة الأندلسية ونتائجها
primaire,6P,6ème année primaire,السنة السادسة ابتدائي,TC,Tronc commun,جذع مشترك,6eme-primaire,HIST,Histoire,التاريخ,ar,False,,4,قيام الدولة الحسينية وأهمّ إنجازاتها
primaire,6P,6ème année primaire,السنة السادسة ابتدائي,TC,Tronc commun,جذع مشترك,6eme-primaire,HIST,Histoire,التاريخ,ar,False,,5,مظاهر الأزمة في البلاد التونسية في القرن التاسع عشر
primaire,6P,6ème année primaire,السنة السادسة ابتدائي,TC,Tronc commun,جذع مشترك,6eme-primaire,HIST,Histoire,التاريخ,ar,False,,6,إصلاحات أحمد باي العسكرية والاجتماعية
primaire,6P,6ème année primaire,السنة السادسة ابتدائي,TC,Tronc commun,جذع مشترك,6eme-primaire,HIST,Histoire,التاريخ,ar,False,,7,الإصلاحات السياسية: عهد الأمان ودستور 1861
primaire,6P,6ème année primaire,السنة السادسة ابتدائي,TC,Tronc commun,جذع مشترك,6eme-primaire,HIST,Histoire,التاريخ,ar,False,,8,خير الدين باشا وأفكاره الإصلاحية
primaire,6P,6ème année primaire,السنة السادسة ابتدائي,TC,Tronc commun,جذع مشترك,6eme-primaire,HIST,Histoire,التاريخ,ar,False,,9,احتلال تونس وانتصاب الحماية الفرنسية
primaire,6P,6ème année primaire,السنة السادسة ابتدائي,TC,Tronc commun,جذع مشترك,6eme-primaire,HIST,Histoire,التاريخ,ar,False,,10,الهيمنة الاستعمارية الفرنسية على البلاد التونسية
primaire,6P,6ème année primaire,السنة السادسة ابتدائي,TC,Tronc commun,جذع مشترك,6eme-primaire,HIST,Histoire,التاريخ,ar,False,,11,حركة الشباب التونسي
primaire,6P,6ème année primaire,السنة السادسة ابتدائي,TC,Tronc commun,جذع مشترك,6eme-primaire,HIST,Histoire,التاريخ,ar,False,,12,الحزب الحر الدستوري التونسي: البرنامج والنشاط
primaire,6P,6ème année primaire,السنة السادسة ابتدائي,TC,Tronc commun,جذع مشترك,6eme-primaire,HIST,Histoire,التاريخ,ar,False,,13,الحزب الحر الدستوري الجديد وتجذّر النضال الوطني
primaire,6P,6ème année primaire,السنة السادسة ابتدائي,TC,Tronc commun,جذع مشترك,6eme-primaire,HIST,Histoire,التاريخ,ar,False,,14,تكتّل القوى الوطنية ضد الاستعمار الفرنسي والحصول على الاستقلال
primaire,6P,6ème année primaire,السنة السادسة ابتدائي,TC,Tronc commun,جذع مشترك,6eme-primaire,HIST,Histoire,التاريخ,ar,False,,15,تونس من 1956 إلى 1987
primaire,6P,6ème année primaire,السنة السادسة ابتدائي,TC,Tronc commun,جذع مشترك,6eme-primaire,GEO,Géographie,الجغرافيا,ar,False,,1,مجال المغرب العربي
primaire,6P,6ème année primaire,السنة السادسة ابتدائي,TC,Tronc commun,جذع مشترك,6eme-primaire,GEO,Géographie,الجغرافيا,ar,False,,2,خريطة توزع السكان بالمغرب العربي
primaire,6P,6ème année primaire,السنة السادسة ابتدائي,TC,Tronc commun,جذع مشترك,6eme-primaire,GEO,Géographie,الجغرافيا,ar,False,,3,المجال الفلاحي بالمغرب العربي
primaire,6P,6ème année primaire,السنة السادسة ابتدائي,TC,Tronc commun,جذع مشترك,6eme-primaire,GEO,Géographie,الجغرافيا,ar,False,,4,المجال الصناعي بالمغرب العربي
primaire,6P,6ème année primaire,السنة السادسة ابتدائي,TC,Tronc commun,جذع مشترك,6eme-primaire,GEO,Géographie,الجغرافيا,ar,False,,5,شبكات النقل والمواصلات والمبادلات التجارية بالمغرب العربي
primaire,6P,6ème année primaire,السنة السادسة ابتدائي,TC,Tronc commun,جذع مشترك,6eme-primaire,GEO,Géographie,الجغرافيا,ar,False,,6,البلاد التونسية: السكان
primaire,6P,6ème année primaire,السنة السادسة ابتدائي,TC,Tronc commun,جذع مشترك,6eme-primaire,GEO,Géographie,الجغرافيا,ar,False,,7,الفلاحة والصيد البحري في البلاد التونسية
primaire,6P,6ème année primaire,السنة السادسة ابتدائي,TC,Tronc commun,جذع مشترك,6eme-primaire,GEO,Géographie,الجغرافيا,ar,False,,8,الصناعة بالبلاد التونسية
primaire,6P,6ème année primaire,السنة السادسة ابتدائي,TC,Tronc commun,جذع مشترك,6eme-primaire,GEO,Géographie,الجغرافيا,ar,False,,9,السياحة بالبلاد التونسية
primaire,6P,6ème année primaire,السنة السادسة ابتدائي,TC,Tronc commun,جذع مشترك,6eme-primaire,GEO,Géographie,الجغرافيا,ar,False,,10,التجارة الخارجية التونسية
preparatoire,7B,7ème année de base,السنة السابعة أساسي,TC,Tronc commun,جذع مشترك,7eme-base,ARAB,Arabe,العربية,ar,False,,1,الأسرة
preparatoire,7B,7ème année de base,السنة السابعة أساسي,TC,Tronc commun,جذع مشترك,7eme-base,ARAB,Arabe,العربية,ar,False,,2,المدرسة
preparatoire,7B,7ème année de base,السنة السابعة أساسي,TC,Tronc commun,جذع مشترك,7eme-base,ARAB,Arabe,العربية,ar,False,,3,الحي
preparatoire,7B,7ème année de base,السنة السابعة أساسي,TC,Tronc commun,جذع مشترك,7eme-base,ARAB,Arabe,العربية,ar,False,,4,تونس الجميلة
preparatoire,7B,7ème année de base,السنة السابعة أساسي,TC,Tronc commun,جذع مشترك,7eme-base,ARAB,Arabe,العربية,ar,False,,5,الأطفال في العالم
preparatoire,7B,7ème année de base,السنة السابعة أساسي,TC,Tronc commun,جذع مشترك,7eme-base,ARAB,Arabe,العربية,ar,False,,6,حكايات وأساطير
preparatoire,7B,7ème année de base,السنة السابعة أساسي,TC,Tronc commun,جذع مشترك,7eme-base,ARAB,Arabe,العربية,ar,False,علم الإعراب,7,الجملة البسيطة وخصائصها التركيبية
preparatoire,7B,7ème année de base,السنة السابعة أساسي,TC,Tronc commun,جذع مشترك,7eme-base,ARAB,Arabe,العربية,ar,False,علم الإعراب,8,الأشكال الأساسية للجملة الفعلية
preparatoire,7B,7ème année de base,السنة السابعة أساسي,TC,Tronc commun,جذع مشترك,7eme-base,ARAB,Arabe,العربية,ar,False,علم الإعراب,9,الأشكال الأساسية للجملة الاسمية
preparatoire,7B,7ème année de base,السنة السابعة أساسي,TC,Tronc commun,جذع مشترك,7eme-base,ARAB,Arabe,العربية,ar,False,علم الإعراب,10,إغناء الجملة البسيطة بالمتممات
preparatoire,7B,7ème année de base,السنة السابعة أساسي,TC,Tronc commun,جذع مشترك,7eme-base,ARAB,Arabe,العربية,ar,False,علم الصرف,11,الجذر
preparatoire,7B,7ème année de base,السنة السابعة أساسي,TC,Tronc commun,جذع مشترك,7eme-base,ARAB,Arabe,العربية,ar,False,علم الصرف,12,اشتقاق الأسماء من الجذر
preparatoire,7B,7ème année de base,السنة السابعة أساسي,TC,Tronc commun,جذع مشترك,7eme-base,FRAN,Français,الفرنسية,fr,False,,1,Module de contrôle et de consolidation des pré requis
preparatoire,7B,7ème année de base,السنة السابعة أساسي,TC,Tronc commun,جذع مشترك,7eme-base,FRAN,Français,الفرنسية,fr,False,,2,En famille
preparatoire,7B,7ème année de base,السنة السابعة أساسي,TC,Tronc commun,جذع مشترك,7eme-base,FRAN,Français,الفرنسية,fr,False,,3,"Vivre en ville, vivre à la campagne"
preparatoire,7B,7ème année de base,السنة السابعة أساسي,TC,Tronc commun,جذع مشترك,7eme-base,FRAN,Français,الفرنسية,fr,False,,4,"Mascotte, le Saint-Bernard des mers"
preparatoire,7B,7ème année de base,السنة السابعة أساسي,TC,Tronc commun,جذع مشترك,7eme-base,FRAN,Français,الفرنسية,fr,False,,5,La canne de grand-père
preparatoire,7B,7ème année de base,السنة السابعة أساسي,TC,Tronc commun,جذع مشترك,7eme-base,FRAN,Français,الفرنسية,fr,False,,6,Nos amis les animaux
preparatoire,7B,7ème année de base,السنة السابعة أساسي,TC,Tronc commun,جذع مشترك,7eme-base,FRAN,Français,الفرنسية,fr,False,,7,Les secrets de la nature
preparatoire,7B,7ème année de base,السنة السابعة أساسي,TC,Tronc commun,جذع مشترك,7eme-base,FRAN,Français,الفرنسية,fr,False,,8,"Histoires réelles, histoires imaginaires"
preparatoire,7B,7ème année de base,السنة السابعة أساسي,TC,Tronc commun,جذع مشترك,7eme-base,ANGL,Anglais,الإنجليزية,en,False,Module 1,1,Tell me about your family
preparatoire,7B,7ème année de base,السنة السابعة أساسي,TC,Tronc commun,جذع مشترك,7eme-base,ANGL,Anglais,الإنجليزية,en,False,Module 1,2,Tell me more about your family
preparatoire,7B,7ème année de base,السنة السابعة أساسي,TC,Tronc commun,جذع مشترك,7eme-base,ANGL,Anglais,الإنجليزية,en,False,Module 1,3,What are your hobbies ?
preparatoire,7B,7ème année de base,السنة السابعة أساسي,TC,Tronc commun,جذع مشترك,7eme-base,ANGL,Anglais,الإنجليزية,en,False,Module 1,4,How do you spend your day ?
preparatoire,7B,7ème année de base,السنة السابعة أساسي,TC,Tronc commun,جذع مشترك,7eme-base,ANGL,Anglais,الإنجليزية,en,False,Module 2,5,Aly's friend
preparatoire,7B,7ème année de base,السنة السابعة أساسي,TC,Tronc commun,جذع مشترك,7eme-base,ANGL,Anglais,الإنجليزية,en,False,Module 2,6,What's happening ?
preparatoire,7B,7ème année de base,السنة السابعة أساسي,TC,Tronc commun,جذع مشترك,7eme-base,ANGL,Anglais,الإنجليزية,en,False,Module 2,7,Welcome to Tunisia
preparatoire,7B,7ème année de base,السنة السابعة أساسي,TC,Tronc commun,جذع مشترك,7eme-base,ANGL,Anglais,الإنجليزية,en,False,Module 2,8,Time for lunch
preparatoire,7B,7ème année de base,السنة السابعة أساسي,TC,Tronc commun,جذع مشترك,7eme-base,ANGL,Anglais,الإنجليزية,en,False,Module 3,9,Aly's house
preparatoire,7B,7ème année de base,السنة السابعة أساسي,TC,Tronc commun,جذع مشترك,7eme-base,ANGL,Anglais,الإنجليزية,en,False,Module 3,10,Uncle Hedy's farm
preparatoire,7B,7ème année de base,السنة السابعة أساسي,TC,Tronc commun,جذع مشترك,7eme-base,ANGL,Anglais,الإنجليزية,en,False,Module 3,11,Market day
preparatoire,7B,7ème année de base,السنة السابعة أساسي,TC,Tronc commun,جذع مشترك,7eme-base,ANGL,Anglais,الإنجليزية,en,False,Module 3,12,Happy birthday
preparatoire,7B,7ème année de base,السنة السابعة أساسي,TC,Tronc commun,جذع مشترك,7eme-base,ANGL,Anglais,الإنجليزية,en,False,Module 4,13,You must be careful
preparatoire,7B,7ème année de base,السنة السابعة أساسي,TC,Tronc commun,جذع مشترك,7eme-base,ANGL,Anglais,الإنجليزية,en,False,Module 4,14,What's the matter ?
preparatoire,7B,7ème année de base,السنة السابعة أساسي,TC,Tronc commun,جذع مشترك,7eme-base,ANGL,Anglais,الإنجليزية,en,False,Module 4,15,Let's keep fit
preparatoire,7B,7ème année de base,السنة السابعة أساسي,TC,Tronc commun,جذع مشترك,7eme-base,ANGL,Anglais,الإنجليزية,en,False,Module 4,16,What's the weather like ?
preparatoire,7B,7ème année de base,السنة السابعة أساسي,TC,Tronc commun,جذع مشترك,7eme-base,ANGL,Anglais,الإنجليزية,en,False,Module 5,17,Let's visit Aly's school
preparatoire,7B,7ème année de base,السنة السابعة أساسي,TC,Tronc commun,جذع مشترك,7eme-base,ANGL,Anglais,الإنجليزية,en,False,Module 5,18,Who is your favourite teacher ?
preparatoire,7B,7ème année de base,السنة السابعة أساسي,TC,Tronc commun,جذع مشترك,7eme-base,ANGL,Anglais,الإنجليزية,en,False,Module 5,19,Let's help others
preparatoire,7B,7ème année de base,السنة السابعة أساسي,TC,Tronc commun,جذع مشترك,7eme-base,ANGL,Anglais,الإنجليزية,en,False,Module 5,20,Goodbye Peter
preparatoire,7B,7ème année de base,السنة السابعة أساسي,TC,Tronc commun,جذع مشترك,7eme-base,MATH,Mathématiques,الرياضيات,ar,False,,1,الأعداد الصحيحة الطبيعية
preparatoire,7B,7ème année de base,السنة السابعة أساسي,TC,Tronc commun,جذع مشترك,7eme-base,MATH,Mathématiques,الرياضيات,ar,False,,2,الأعداد العشرية - الأعداد الكسرية
preparatoire,7B,7ème année de base,السنة السابعة أساسي,TC,Tronc commun,جذع مشترك,7eme-base,MATH,Mathématiques,الرياضيات,ar,False,,3,أنشطة في الجبر
preparatoire,7B,7ème année de base,السنة السابعة أساسي,TC,Tronc commun,جذع مشترك,7eme-base,MATH,Mathématiques,الرياضيات,ar,False,,4,الإحصاء والاحتمالات
preparatoire,7B,7ème année de base,السنة السابعة أساسي,TC,Tronc commun,جذع مشترك,7eme-base,MATH,Mathématiques,الرياضيات,ar,False,,5,التعامد والتوازي
preparatoire,7B,7ème année de base,السنة السابعة أساسي,TC,Tronc commun,جذع مشترك,7eme-base,MATH,Mathématiques,الرياضيات,ar,False,,6,الزوايا
preparatoire,7B,7ème année de base,السنة السابعة أساسي,TC,Tronc commun,جذع مشترك,7eme-base,MATH,Mathématiques,الرياضيات,ar,False,,7,التناظر المحوري
preparatoire,7B,7ème année de base,السنة السابعة أساسي,TC,Tronc commun,جذع مشترك,7eme-base,MATH,Mathématiques,الرياضيات,ar,False,,8,المثلثات
preparatoire,7B,7ème année de base,السنة السابعة أساسي,TC,Tronc commun,جذع مشترك,7eme-base,MATH,Mathématiques,الرياضيات,ar,False,,9,رباعيات الأضلاع
preparatoire,7B,7ème année de base,السنة السابعة أساسي,TC,Tronc commun,جذع مشترك,7eme-base,MATH,Mathématiques,الرياضيات,ar,False,,10,الموشور القائم - الأسطوانة الدائرية القائمة
preparatoire,7B,7ème année de base,السنة السابعة أساسي,TC,Tronc commun,جذع مشترك,7eme-base,PHYS,Sciences physiques,العلوم الفيزيائية,ar,False,المادة في الطبيعة,1,المادة في المحيط
preparatoire,7B,7ème année de base,السنة السابعة أساسي,TC,Tronc commun,جذع مشترك,7eme-base,PHYS,Sciences physiques,العلوم الفيزيائية,ar,False,المادة في الطبيعة,2,الماء في الطبيعة
preparatoire,7B,7ème année de base,السنة السابعة أساسي,TC,Tronc commun,جذع مشترك,7eme-base,PHYS,Sciences physiques,العلوم الفيزيائية,ar,False,المادة في الطبيعة,3,الغلاف الجوي
preparatoire,7B,7ème année de base,السنة السابعة أساسي,TC,Tronc commun,جذع مشترك,7eme-base,PHYS,Sciences physiques,العلوم الفيزيائية,ar,False,المادة في الطبيعة,4,الحالات الفيزيائية للمادة: خاصياتها وتحولاتها
preparatoire,7B,7ème année de base,السنة السابعة أساسي,TC,Tronc commun,جذع مشترك,7eme-base,PHYS,Sciences physiques,العلوم الفيزيائية,ar,False,الكهرمغناطيس,5,المغانط
preparatoire,7B,7ème année de base,السنة السابعة أساسي,TC,Tronc commun,جذع مشترك,7eme-base,PHYS,Sciences physiques,العلوم الفيزيائية,ar,False,الكهرمغناطيس,6,الكهرباء
preparatoire,7B,7ème année de base,السنة السابعة أساسي,TC,Tronc commun,جذع مشترك,7eme-base,SVT,Sciences de la vie et de la terre,علوم الحياة والأرض,ar,False,مفهوم الوسط,1,مكونات الوسط
preparatoire,7B,7ème année de base,السنة السابعة أساسي,TC,Tronc commun,جذع مشترك,7eme-base,SVT,Sciences de la vie et de la terre,علوم الحياة والأرض,ar,False,مفهوم الوسط,2,العلاقات بين مكونات الوسط
preparatoire,7B,7ème année de base,السنة السابعة أساسي,TC,Tronc commun,جذع مشترك,7eme-base,SVT,Sciences de la vie et de la terre,علوم الحياة والأرض,ar,False,مفهوم الوسط,3,تنوع الأوساط البيئية
preparatoire,7B,7ème année de base,السنة السابعة أساسي,TC,Tronc commun,جذع مشترك,7eme-base,SVT,Sciences de la vie et de la terre,علوم الحياة والأرض,ar,False,دراسة بعض مكونات الوسط,4,خصائص الصخور الرسوبية
preparatoire,7B,7ème année de base,السنة السابعة أساسي,TC,Tronc commun,جذع مشترك,7eme-base,SVT,Sciences de la vie et de la terre,علوم الحياة والأرض,ar,False,دراسة بعض مكونات الوسط,5,فوائد واستعمالات الصخور الرسوبية
preparatoire,7B,7ème année de base,السنة السابعة أساسي,TC,Tronc commun,جذع مشترك,7eme-base,SVT,Sciences de la vie et de la terre,علوم الحياة والأرض,ar,False,دراسة بعض مكونات الوسط,6,مكونات التربة وخصائصها وأنواعها
preparatoire,7B,7ème année de base,السنة السابعة أساسي,TC,Tronc commun,جذع مشترك,7eme-base,SVT,Sciences de la vie et de la terre,علوم الحياة والأرض,ar,False,دراسة بعض مكونات الوسط,7,التربة وعلاقتها بالكائنات الحية
preparatoire,7B,7ème année de base,السنة السابعة أساسي,TC,Tronc commun,جذع مشترك,7eme-base,SVT,Sciences de la vie et de la terre,علوم الحياة والأرض,ar,False,دراسة بعض مكونات الوسط,8,المحافظة على التربة
preparatoire,7B,7ème année de base,السنة السابعة أساسي,TC,Tronc commun,جذع مشترك,7eme-base,SVT,Sciences de la vie et de la terre,علوم الحياة والأرض,ar,False,الجزء الثالث,9,تنوع الفقريات وتصنيفها
preparatoire,7B,7ème année de base,السنة السابعة أساسي,TC,Tronc commun,جذع مشترك,7eme-base,SVT,Sciences de la vie et de la terre,علوم الحياة والأرض,ar,False,الجزء الثالث,10,تنوع الحيوانات اللافقرية وتصنيفها
preparatoire,7B,7ème année de base,السنة السابعة أساسي,TC,Tronc commun,جذع مشترك,7eme-base,SVT,Sciences de la vie et de la terre,علوم الحياة والأرض,ar,False,الجزء الثالث,11,تنوع النباتات الزهرية وتصنيفها
preparatoire,7B,7ème année de base,السنة السابعة أساسي,TC,Tronc commun,جذع مشترك,7eme-base,SVT,Sciences de la vie et de la terre,علوم الحياة والأرض,ar,False,الجزء الثالث,12,تنوع الكائنات الدقيقة
preparatoire,7B,7ème année de base,السنة السابعة أساسي,TC,Tronc commun,جذع مشترك,7eme-base,SVT,Sciences de la vie et de la terre,علوم الحياة والأرض,ar,False,الجزء الثالث,13,الوحدة التركيبية للكائنات الحية: الخلية
preparatoire,7B,7ème année de base,السنة السابعة أساسي,TC,Tronc commun,جذع مشترك,7eme-base,SVT,Sciences de la vie et de la terre,علوم الحياة والأرض,ar,False,الجزء الثالث,14,دور الإنسان في المحافظة على التنوع البيولوجي
preparatoire,7B,7ème année de base,السنة السابعة أساسي,TC,Tronc commun,جذع مشترك,7eme-base,TECHNO,Technologie,التكنولوجيا,ar,False,المنتج التقني وتطوره عبر الزمن,1,المنتج التقني وتطوره عبر الزمن
preparatoire,7B,7ème année de base,السنة السابعة أساسي,TC,Tronc commun,جذع مشترك,7eme-base,TECHNO,Technologie,التكنولوجيا,ar,False,التحليل البنيوي للمنتج التقني,2,المواد المستعملة
preparatoire,7B,7ème année de base,السنة السابعة أساسي,TC,Tronc commun,جذع مشترك,7eme-base,TECHNO,Technologie,التكنولوجيا,ar,False,التحليل البنيوي للمنتج التقني,3,الدارة الكهربائية والالكترونية
preparatoire,7B,7ème année de base,السنة السابعة أساسي,TC,Tronc commun,جذع مشترك,7eme-base,TECHNO,Technologie,التكنولوجيا,ar,False,التحليل البنيوي للمنتج التقني,4,التعبير البياني
preparatoire,7B,7ème année de base,السنة السابعة أساسي,TC,Tronc commun,جذع مشترك,7eme-base,TECHNO,Technologie,التكنولوجيا,ar,False,الطاقة المستعملة,5,الطاقة المستعملة
preparatoire,7B,7ème année de base,السنة السابعة أساسي,TC,Tronc commun,جذع مشترك,7eme-base,TECHNO,Technologie,التكنولوجيا,ar,False,تصنيع المنتج التقني,6,برمجة لوحات التحكم
preparatoire,7B,7ème année de base,السنة السابعة أساسي,TC,Tronc commun,جذع مشترك,7eme-base,TECHNO,Technologie,التكنولوجيا,ar,False,تصنيع المنتج التقني,7,تصنيع المنتج التقني
preparatoire,7B,7ème année de base,السنة السابعة أساسي,TC,Tronc commun,جذع مشترك,7eme-base,INFO,Informatique,الإعلامية,ar,False,Ordinateur et système d’exploitation,1,Ordinateur et système d’exploitation
preparatoire,7B,7ème année de base,السنة السابعة أساسي,TC,Tronc commun,جذع مشترك,7eme-base,INFO,Informatique,الإعلامية,ar,False,Exploitation de logiciels,2,Traitement de textes
preparatoire,7B,7ème année de base,السنة السابعة أساسي,TC,Tronc commun,جذع مشترك,7eme-base,INFO,Informatique,الإعلامية,ar,False,Exploitation de logiciels,3,Traitement d’images
preparatoire,7B,7ème année de base,السنة السابعة أساسي,TC,Tronc commun,جذع مشترك,7eme-base,INFO,Informatique,الإعلامية,ar,False,Internet,4,Web
preparatoire,7B,7ème année de base,السنة السابعة أساسي,TC,Tronc commun,جذع مشترك,7eme-base,INFO,Informatique,الإعلامية,ar,False,Projet,5,Autour du texte et de l’image
preparatoire,7B,7ème année de base,السنة السابعة أساسي,TC,Tronc commun,جذع مشترك,7eme-base,ISLAM,Éducation islamique,التربية الإسلامية,ar,False,,1,«بل الله فاعبد وكن من الشاكرين»
preparatoire,7B,7ème année de base,السنة السابعة أساسي,TC,Tronc commun,جذع مشترك,7eme-base,ISLAM,Éducation islamique,التربية الإسلامية,ar,False,,2,«وأحسن كما أحسن الله إليك»
preparatoire,7B,7ème année de base,السنة السابعة أساسي,TC,Tronc commun,جذع مشترك,7eme-base,ISLAM,Éducation islamique,التربية الإسلامية,ar,False,,3,«ولا تبغ الفساد في الأرض»
preparatoire,7B,7ème année de base,السنة السابعة أساسي,TC,Tronc commun,جذع مشترك,7eme-base,CIVIQ,Éducation civique,التربية المدنية,ar,False,,1,العيش في العائلة
preparatoire,7B,7ème année de base,السنة السابعة أساسي,TC,Tronc commun,جذع مشترك,7eme-base,CIVIQ,Éducation civique,التربية المدنية,ar,False,,2,العيش في المجتمع
preparatoire,7B,7ème année de base,السنة السابعة أساسي,TC,Tronc commun,جذع مشترك,7eme-base,HIST,Histoire,التاريخ,ar,False,,1,الحضارات القديمة في الشرق وفي بلاد الإغريق
preparatoire,7B,7ème année de base,السنة السابعة أساسي,TC,Tronc commun,جذع مشترك,7eme-base,HIST,Histoire,التاريخ,ar,False,,2,البلاد التونسية في العهدين البوني والروماني
preparatoire,7B,7ème année de base,السنة السابعة أساسي,TC,Tronc commun,جذع مشترك,7eme-base,HIST,Histoire,التاريخ,ar,False,,3,نشأة الحضارة العربية الاسلامية وتطورها إلى القرن الخامس ه (11 م)
preparatoire,7B,7ème année de base,السنة السابعة أساسي,TC,Tronc commun,جذع مشترك,7eme-base,GEO,Géographie,الجغرافيا,ar,False,,1,خرائط من العالم
preparatoire,7B,7ème année de base,السنة السابعة أساسي,TC,Tronc commun,جذع مشترك,7eme-base,GEO,Géographie,الجغرافيا,ar,False,,2,مشاهد حضرية ومشاهد ريفية
preparatoire,8B,8ème année de base,السنة الثامنة أساسي,TC,Tronc commun,جذع مشترك,8eme-base,ARAB,Arabe,العربية,ar,False,,1,المدينة والريف
preparatoire,8B,8ème année de base,السنة الثامنة أساسي,TC,Tronc commun,جذع مشترك,8eme-base,ARAB,Arabe,العربية,ar,False,علم الإعراب,2,الجملة المركبة وخصائصها التركيبية (1): حدود الجملة المركبة: الإسناد والاستقلال
preparatoire,8B,8ème année de base,السنة الثامنة أساسي,TC,Tronc commun,جذع مشترك,8eme-base,ARAB,Arabe,العربية,ar,False,علم الإعراب,3,الجملة المركبة وخصائصها التركيبية (2): النواة الإسنادية الأساسية والنواة الإسنادية الفرعية
preparatoire,8B,8ème année de base,السنة الثامنة أساسي,TC,Tronc commun,جذع مشترك,8eme-base,ARAB,Arabe,العربية,ar,False,علم الإعراب,4,الوظائف الأساسية في الجملة الفعلية المركبة (1): الفاعل مركبا موصوليا
preparatoire,8B,8ème année de base,السنة الثامنة أساسي,TC,Tronc commun,جذع مشترك,8eme-base,ARAB,Arabe,العربية,ar,False,علم الإعراب,5,الوظائف الأساسية في الجملة الفعلية المركبة (2): المفعول به مركبا موصوليا
preparatoire,8B,8ème année de base,السنة الثامنة أساسي,TC,Tronc commun,جذع مشترك,8eme-base,ARAB,Arabe,العربية,ar,False,علم الإعراب,6,الوظائف الأساسية في الجملة الفعلية المركبة (3)
preparatoire,8B,8ème année de base,السنة الثامنة أساسي,TC,Tronc commun,جذع مشترك,8eme-base,ARAB,Arabe,العربية,ar,False,علم الإعراب,7,الوظائف الأساسية في الجملة الفعلية المركبة (4): أفعال القلوب والتحويل: أثرها في الجملة معنويا وتركيبيا
preparatoire,8B,8ème année de base,السنة الثامنة أساسي,TC,Tronc commun,جذع مشترك,8eme-base,ARAB,Arabe,العربية,ar,False,علم الإعراب,8,الوظائف الأساسية في الجملة الاسمية المركبة (1): المبتدأ أو اسم الناسخ مركبا موصوليا
preparatoire,8B,8ème année de base,السنة الثامنة أساسي,TC,Tronc commun,جذع مشترك,8eme-base,ARAB,Arabe,العربية,ar,False,علم الإعراب,9,الوظائف الأساسية في الجملة الاسمية المركبة (2): الخبر أو خبر الناسخ مركبا إسناديا
preparatoire,8B,8ème année de base,السنة الثامنة أساسي,TC,Tronc commun,جذع مشترك,8eme-base,ARAB,Arabe,العربية,ar,False,علم الإعراب,10,الوظائف الأساسية في الجملة الاسمية المركبة (3): أفعال المقاربة وأفعال الشروع: أثرها في الجملة معنويا وتركيبيا
preparatoire,8B,8ème année de base,السنة الثامنة أساسي,TC,Tronc commun,جذع مشترك,8eme-base,ARAB,Arabe,العربية,ar,False,علم الإعراب,11,المتممات المشتملة على مركبات إسنادية فرعية (1): المفعول فيه مشتملا على مركب إسنادي فرعي
preparatoire,8B,8ème année de base,السنة الثامنة أساسي,TC,Tronc commun,جذع مشترك,8eme-base,ARAB,Arabe,العربية,ar,False,علم الإعراب,12,المتممات المشتملة على مركبات إسنادية فرعية (2): المفعول المطلق مشتملا على مركب إسنادي فرعي
preparatoire,8B,8ème année de base,السنة الثامنة أساسي,TC,Tronc commun,جذع مشترك,8eme-base,ARAB,Arabe,العربية,ar,False,علم الإعراب,13,المتممات المشتملة على مركبات إسنادية فرعية (3): المفعول لأجله مشتملا على مركب إسنادي فرعي
preparatoire,8B,8ème année de base,السنة الثامنة أساسي,TC,Tronc commun,جذع مشترك,8eme-base,ARAB,Arabe,العربية,ar,False,علم الإعراب,14,المتممات المشتملة على مركبات إسنادية فرعية (4): الحال مشتملة على مركب إسنادي فرعي
preparatoire,8B,8ème année de base,السنة الثامنة أساسي,TC,Tronc commun,جذع مشترك,8eme-base,ARAB,Arabe,العربية,ar,False,علم الصرف,15,تصريف الفعل المزيد (1): عناصر الزيادة
preparatoire,8B,8ème année de base,السنة الثامنة أساسي,TC,Tronc commun,جذع مشترك,8eme-base,ARAB,Arabe,العربية,ar,False,علم الصرف,16,تصريف الفعل المزيد (2): مسندا إلى المعلوم والمجهول
preparatoire,8B,8ème année de base,السنة الثامنة أساسي,TC,Tronc commun,جذع مشترك,8eme-base,ARAB,Arabe,العربية,ar,False,علم الصرف,17,اشتقاق الأسماء من المزيد (1): اسم الفاعل واسم المفعول من المزيد
preparatoire,8B,8ème année de base,السنة الثامنة أساسي,TC,Tronc commun,جذع مشترك,8eme-base,ARAB,Arabe,العربية,ar,False,علم الصرف,18,اشتقاق الأسماء من المزيد (2): المصدر وأوزانه
preparatoire,8B,8ème année de base,السنة الثامنة أساسي,TC,Tronc commun,جذع مشترك,8eme-base,ARAB,Arabe,العربية,ar,False,علم الصرف,19,اشتقاق الأسماء الدالة على الحدث أو على أحد متعلقاته (1): المصدر الميمي واسم الزمان واسم المكان
preparatoire,8B,8ème année de base,السنة الثامنة أساسي,TC,Tronc commun,جذع مشترك,8eme-base,ARAB,Arabe,العربية,ar,False,علم الصرف,20,اشتقاق الأسماء الدالة على الحدث أو على أحد متعلقاته (2)
preparatoire,8B,8ème année de base,السنة الثامنة أساسي,TC,Tronc commun,جذع مشترك,8eme-base,ARAB,Arabe,العربية,ar,False,علم الصرف,21,اشتقاق الأسماء الدالة على الحدث أو على أحد متعلقاته (3)
preparatoire,8B,8ème année de base,السنة الثامنة أساسي,TC,Tronc commun,جذع مشترك,8eme-base,ARAB,Arabe,العربية,ar,False,علم الصرف,22,اشتقاق الأسماء الدالة على الحدث أو على أحد متعلقاته (4)
preparatoire,8B,8ème année de base,السنة الثامنة أساسي,TC,Tronc commun,جذع مشترك,8eme-base,ARAB,Arabe,العربية,ar,False,علم الصرف,23,اشتقاق الأسماء الدالة على الحدث أو على أحد متعلقاته (5)
preparatoire,8B,8ème année de base,السنة الثامنة أساسي,TC,Tronc commun,جذع مشترك,8eme-base,ARAB,Arabe,العربية,ar,False,علم الصرف,24,الاسم من حيث الجنس والعدد (1)
preparatoire,8B,8ème année de base,السنة الثامنة أساسي,TC,Tronc commun,جذع مشترك,8eme-base,ARAB,Arabe,العربية,ar,False,علم الصرف,25,الاسم من حيث الجنس والعدد (2): جمع التكسير
preparatoire,8B,8ème année de base,السنة الثامنة أساسي,TC,Tronc commun,جذع مشترك,8eme-base,FRAN,Français,الفرنسية,fr,False,,1,Les années collège
preparatoire,8B,8ème année de base,السنة الثامنة أساسي,TC,Tronc commun,جذع مشترك,8eme-base,ANGL,Anglais,الإنجليزية,en,False,Module 1,1,Meet the Browns
preparatoire,8B,8ème année de base,السنة الثامنة أساسي,TC,Tronc commun,جذع مشترك,8eme-base,ANGL,Anglais,الإنجليزية,en,False,Module 1,2,A letter from an English friend
preparatoire,8B,8ème année de base,السنة الثامنة أساسي,TC,Tronc commun,جذع مشترك,8eme-base,ANGL,Anglais,الإنجليزية,en,False,Module 1,3,Can she go to London ?
preparatoire,8B,8ème année de base,السنة الثامنة أساسي,TC,Tronc commun,جذع مشترك,8eme-base,ANGL,Anglais,الإنجليزية,en,False,Module 1,4,Preparing for the trip
preparatoire,8B,8ème année de base,السنة الثامنة أساسي,TC,Tronc commun,جذع مشترك,8eme-base,ANGL,Anglais,الإنجليزية,en,False,Module 1,5,London wonders
preparatoire,8B,8ème année de base,السنة الثامنة أساسي,TC,Tronc commun,جذع مشترك,8eme-base,ANGL,Anglais,الإنجليزية,en,False,Module 2,6,English secondary schools (1)
preparatoire,8B,8ème année de base,السنة الثامنة أساسي,TC,Tronc commun,جذع مشترك,8eme-base,ANGL,Anglais,الإنجليزية,en,False,Module 2,7,English secondary schools (2)
preparatoire,8B,8ème année de base,السنة الثامنة أساسي,TC,Tronc commun,جذع مشترك,8eme-base,ANGL,Anglais,الإنجليزية,en,False,Module 2,8,English secondary schools (3)
preparatoire,8B,8ème année de base,السنة الثامنة أساسي,TC,Tronc commun,جذع مشترك,8eme-base,ANGL,Anglais,الإنجليزية,en,False,Module 2,9,Do you like school ?
preparatoire,8B,8ème année de base,السنة الثامنة أساسي,TC,Tronc commun,جذع مشترك,8eme-base,ANGL,Anglais,الإنجليزية,en,False,Module 2,10,Parents and education
preparatoire,8B,8ème année de base,السنة الثامنة أساسي,TC,Tronc commun,جذع مشترك,8eme-base,ANGL,Anglais,الإنجليزية,en,False,Module 3,11,Entertainment
preparatoire,8B,8ème année de base,السنة الثامنة أساسي,TC,Tronc commun,جذع مشترك,8eme-base,ANGL,Anglais,الإنجليزية,en,False,Module 3,12,The party is on
preparatoire,8B,8ème année de base,السنة الثامنة أساسي,TC,Tronc commun,جذع مشترك,8eme-base,ANGL,Anglais,الإنجليزية,en,False,Module 3,13,Having dinner with the Smiths
preparatoire,8B,8ème année de base,السنة الثامنة أساسي,TC,Tronc commun,جذع مشترك,8eme-base,ANGL,Anglais,الإنجليزية,en,False,Module 3,14,Sporting activities
preparatoire,8B,8ème année de base,السنة الثامنة أساسي,TC,Tronc commun,جذع مشترك,8eme-base,ANGL,Anglais,الإنجليزية,en,False,Module 3,15,What do you do in your spare time ?
preparatoire,8B,8ème année de base,السنة الثامنة أساسي,TC,Tronc commun,جذع مشترك,8eme-base,ANGL,Anglais,الإنجليزية,en,False,Module 4,16,Planning Easter holidays
preparatoire,8B,8ème année de base,السنة الثامنة أساسي,TC,Tronc commun,جذع مشترك,8eme-base,ANGL,Anglais,الإنجليزية,en,False,Module 4,17,Transport
preparatoire,8B,8ème année de base,السنة الثامنة أساسي,TC,Tronc commun,جذع مشترك,8eme-base,ANGL,Anglais,الإنجليزية,en,False,Module 4,18,Accommodation
preparatoire,8B,8ème année de base,السنة الثامنة أساسي,TC,Tronc commun,جذع مشترك,8eme-base,ANGL,Anglais,الإنجليزية,en,False,Module 4,19,Getting ready for the trip
preparatoire,8B,8ème année de base,السنة الثامنة أساسي,TC,Tronc commun,جذع مشترك,8eme-base,ANGL,Anglais,الإنجليزية,en,False,Module 4,20,Shopping in Edinburgh
preparatoire,8B,8ème année de base,السنة الثامنة أساسي,TC,Tronc commun,جذع مشترك,8eme-base,ANGL,Anglais,الإنجليزية,en,False,Module 5,21,Relationships
preparatoire,8B,8ème année de base,السنة الثامنة أساسي,TC,Tronc commun,جذع مشترك,8eme-base,ANGL,Anglais,الإنجليزية,en,False,Module 5,22,Friends
preparatoire,8B,8ème année de base,السنة الثامنة أساسي,TC,Tronc commun,جذع مشترك,8eme-base,ANGL,Anglais,الإنجليزية,en,False,Module 5,23,Family relationships
preparatoire,8B,8ème année de base,السنة الثامنة أساسي,TC,Tronc commun,جذع مشترك,8eme-base,ANGL,Anglais,الإنجليزية,en,False,Module 5,24,Save our planet
preparatoire,8B,8ème année de base,السنة الثامنة أساسي,TC,Tronc commun,جذع مشترك,8eme-base,ANGL,Anglais,الإنجليزية,en,False,Module 5,25,Pets
preparatoire,8B,8ème année de base,السنة الثامنة أساسي,TC,Tronc commun,جذع مشترك,8eme-base,MATH,Mathématiques,الرياضيات,ar,False,,1,أنشطة في الحساب - قابلية القسمة على 8
preparatoire,8B,8ème année de base,السنة الثامنة أساسي,TC,Tronc commun,جذع مشترك,8eme-base,MATH,Mathématiques,الرياضيات,ar,False,,2,مجموعة الأعداد الصحيحة النسبية
preparatoire,8B,8ème année de base,السنة الثامنة أساسي,TC,Tronc commun,جذع مشترك,8eme-base,MATH,Mathématiques,الرياضيات,ar,False,,3,الجمع والطرح والضرب في مجموعة الأعداد الصحيحة النسبية
preparatoire,8B,8ème année de base,السنة الثامنة أساسي,TC,Tronc commun,جذع مشترك,8eme-base,MATH,Mathématiques,الرياضيات,ar,False,,4,الأعداد الكسرية
preparatoire,8B,8ème année de base,السنة الثامنة أساسي,TC,Tronc commun,جذع مشترك,8eme-base,MATH,Mathématiques,الرياضيات,ar,False,,5,الجمع والطرح في مجموعة الأعداد الكسرية
preparatoire,8B,8ème année de base,السنة الثامنة أساسي,TC,Tronc commun,جذع مشترك,8eme-base,MATH,Mathématiques,الرياضيات,ar,False,,6,الضرب والقسمة في مجموعة الأعداد الكسرية
preparatoire,8B,8ème année de base,السنة الثامنة أساسي,TC,Tronc commun,جذع مشترك,8eme-base,MATH,Mathématiques,الرياضيات,ar,False,,7,القوى في مجموعة الأعداد الكسرية
preparatoire,8B,8ème année de base,السنة الثامنة أساسي,TC,Tronc commun,جذع مشترك,8eme-base,MATH,Mathématiques,الرياضيات,ar,False,,8,معادلات من الدرجة الأولى ذات مجهول واحد
preparatoire,8B,8ème année de base,السنة الثامنة أساسي,TC,Tronc commun,جذع مشترك,8eme-base,MATH,Mathématiques,الرياضيات,ar,False,,9,التناسب
preparatoire,8B,8ème année de base,السنة الثامنة أساسي,TC,Tronc commun,جذع مشترك,8eme-base,MATH,Mathématiques,الرياضيات,ar,False,,10,أنشطة حول الإحصاء والاحتمالات
preparatoire,8B,8ème année de base,السنة الثامنة أساسي,TC,Tronc commun,جذع مشترك,8eme-base,MATH,Mathématiques,الرياضيات,ar,False,,11,التناظر المركزي
preparatoire,8B,8ème année de base,السنة الثامنة أساسي,TC,Tronc commun,جذع مشترك,8eme-base,MATH,Mathématiques,الرياضيات,ar,False,,12,الزوايا الحاصلة عن تقاطع مستقيم مع مستقيمين متوازيين
preparatoire,8B,8ème année de base,السنة الثامنة أساسي,TC,Tronc commun,جذع مشترك,8eme-base,MATH,Mathématiques,الرياضيات,ar,False,,13,المثلثات المتقايسة
preparatoire,8B,8ème année de base,السنة الثامنة أساسي,TC,Tronc commun,جذع مشترك,8eme-base,MATH,Mathématiques,الرياضيات,ar,False,,14,رباعيات الأضلاع
preparatoire,8B,8ème année de base,السنة الثامنة أساسي,TC,Tronc commun,جذع مشترك,8eme-base,MATH,Mathématiques,الرياضيات,ar,False,,15,الهرم والمخروط والكرة
preparatoire,8B,8ème année de base,السنة الثامنة أساسي,TC,Tronc commun,جذع مشترك,8eme-base,MATH,Mathématiques,الرياضيات,ar,False,,16,التوازي في الفضاء
preparatoire,8B,8ème année de base,السنة الثامنة أساسي,TC,Tronc commun,جذع مشترك,8eme-base,PHYS,Sciences physiques,العلوم الفيزيائية,ar,False,المادة في الطبيعة,1,تراص المادة
preparatoire,8B,8ème année de base,السنة الثامنة أساسي,TC,Tronc commun,جذع مشترك,8eme-base,PHYS,Sciences physiques,العلوم الفيزيائية,ar,False,المادة في الطبيعة,2,المحاليل المائية
preparatoire,8B,8ème année de base,السنة الثامنة أساسي,TC,Tronc commun,جذع مشترك,8eme-base,PHYS,Sciences physiques,العلوم الفيزيائية,ar,False,المادة في الطبيعة,3,بنية المادة
preparatoire,8B,8ème année de base,السنة الثامنة أساسي,TC,Tronc commun,جذع مشترك,8eme-base,PHYS,Sciences physiques,العلوم الفيزيائية,ar,False,المادة في الطبيعة,4,الضغط الهوائي
preparatoire,8B,8ème année de base,السنة الثامنة أساسي,TC,Tronc commun,جذع مشترك,8eme-base,PHYS,Sciences physiques,العلوم الفيزيائية,ar,False,المادة في الطبيعة,5,دور الهواء في الاحتراق
preparatoire,8B,8ème année de base,السنة الثامنة أساسي,TC,Tronc commun,جذع مشترك,8eme-base,PHYS,Sciences physiques,العلوم الفيزيائية,ar,False,الكهرمغناطيس,6,التوتر الكهربائي
preparatoire,8B,8ème année de base,السنة الثامنة أساسي,TC,Tronc commun,جذع مشترك,8eme-base,PHYS,Sciences physiques,العلوم الفيزيائية,ar,False,الكهرمغناطيس,7,توزيع التوتر الكهربائي
preparatoire,8B,8ème année de base,السنة الثامنة أساسي,TC,Tronc commun,جذع مشترك,8eme-base,PHYS,Sciences physiques,العلوم الفيزيائية,ar,False,الضوء,8,مفهوم الرؤية
preparatoire,8B,8ème année de base,السنة الثامنة أساسي,TC,Tronc commun,جذع مشترك,8eme-base,PHYS,Sciences physiques,العلوم الفيزيائية,ar,False,الضوء,9,الانتشار المستقيمي للضوء
preparatoire,8B,8ème année de base,السنة الثامنة أساسي,TC,Tronc commun,جذع مشترك,8eme-base,SVT,Sciences de la vie et de la terre,علوم الحياة والأرض,ar,False,تحسين الإنتاج النباتي,1,التغذية المعدنية عند النبات الأخضر
preparatoire,8B,8ème année de base,السنة الثامنة أساسي,TC,Tronc commun,جذع مشترك,8eme-base,SVT,Sciences de la vie et de la terre,علوم الحياة والأرض,ar,False,تحسين الإنتاج النباتي,2,التغذية الكربونية عند النبات الأخضر
preparatoire,8B,8ème année de base,السنة الثامنة أساسي,TC,Tronc commun,جذع مشترك,8eme-base,SVT,Sciences de la vie et de la terre,علوم الحياة والأرض,ar,False,تحسين الإنتاج النباتي,3,التكاثر والنمو عند النبات الأخضر
preparatoire,8B,8ème année de base,السنة الثامنة أساسي,TC,Tronc commun,جذع مشترك,8eme-base,SVT,Sciences de la vie et de la terre,علوم الحياة والأرض,ar,False,تحسين الإنتاج النباتي,4,الفلاحة البيولوجية
preparatoire,8B,8ème année de base,السنة الثامنة أساسي,TC,Tronc commun,جذع مشترك,8eme-base,SVT,Sciences de la vie et de la terre,علوم الحياة والأرض,ar,False,تحسين الإنتاج الحيواني,5,التغذية عند الحيوان
preparatoire,8B,8ème année de base,السنة الثامنة أساسي,TC,Tronc commun,جذع مشترك,8eme-base,SVT,Sciences de la vie et de la terre,علوم الحياة والأرض,ar,False,تحسين الإنتاج الحيواني,6,التكاثر عند الحيوان
preparatoire,8B,8ème année de base,السنة الثامنة أساسي,TC,Tronc commun,جذع مشترك,8eme-base,SVT,Sciences de la vie et de la terre,علوم الحياة والأرض,ar,False,تحسين الإنتاج الحيواني,7,النمو عند الحيوان
preparatoire,8B,8ème année de base,السنة الثامنة أساسي,TC,Tronc commun,جذع مشترك,8eme-base,SVT,Sciences de la vie et de la terre,علوم الحياة والأرض,ar,False,العلاقات الغذائية والتوازن البيئي,8,العلاقات الغذائية بين الكائنات الحية
preparatoire,8B,8ème année de base,السنة الثامنة أساسي,TC,Tronc commun,جذع مشترك,8eme-base,SVT,Sciences de la vie et de la terre,علوم الحياة والأرض,ar,False,العلاقات الغذائية والتوازن البيئي,9,التوازن البيئي
preparatoire,8B,8ème année de base,السنة الثامنة أساسي,TC,Tronc commun,جذع مشترك,8eme-base,TECHNO,Technologie,التكنولوجيا,ar,False,المحور 1,1,التعبير الوظيفي
preparatoire,8B,8ème année de base,السنة الثامنة أساسي,TC,Tronc commun,جذع مشترك,8eme-base,TECHNO,Technologie,التكنولوجيا,ar,False,المحور 1,2,كراس الشروط الوظيفي
preparatoire,8B,8ème année de base,السنة الثامنة أساسي,TC,Tronc commun,جذع مشترك,8eme-base,TECHNO,Technologie,التكنولوجيا,ar,False,المحور 2,3,التعبير البياني
preparatoire,8B,8ème année de base,السنة الثامنة أساسي,TC,Tronc commun,جذع مشترك,8eme-base,TECHNO,Technologie,التكنولوجيا,ar,False,المحور 2,4,الدارات الإلكترونية والكهربائية
preparatoire,8B,8ème année de base,السنة الثامنة أساسي,TC,Tronc commun,جذع مشترك,8eme-base,TECHNO,Technologie,التكنولوجيا,ar,False,المحور 2,5,المواد المستعملة
preparatoire,8B,8ème année de base,السنة الثامنة أساسي,TC,Tronc commun,جذع مشترك,8eme-base,TECHNO,Technologie,التكنولوجيا,ar,False,الطاقة المستعملة,6,الطاقات المتجددة
preparatoire,8B,8ème année de base,السنة الثامنة أساسي,TC,Tronc commun,جذع مشترك,8eme-base,TECHNO,Technologie,التكنولوجيا,ar,False,المحور 4,7,برمجة لوحة تحكم
preparatoire,8B,8ème année de base,السنة الثامنة أساسي,TC,Tronc commun,جذع مشترك,8eme-base,TECHNO,Technologie,التكنولوجيا,ar,False,المحور 4,8,إنجاز عمليات تقنية
preparatoire,8B,8ème année de base,السنة الثامنة أساسي,TC,Tronc commun,جذع مشترك,8eme-base,INFO,Informatique,الإعلامية,ar,False,Ordinateur et système d’exploitation,1,Rappels et présentation des supports de stockage
preparatoire,8B,8ème année de base,السنة الثامنة أساسي,TC,Tronc commun,جذع مشترك,8eme-base,INFO,Informatique,الإعلامية,ar,False,Exploitation de logiciels,2,Traitement du son
preparatoire,8B,8ème année de base,السنة الثامنة أساسي,TC,Tronc commun,جذع مشترك,8eme-base,INFO,Informatique,الإعلامية,ar,False,Exploitation de logiciels,3,Eléments de présentation
preparatoire,8B,8ème année de base,السنة الثامنة أساسي,TC,Tronc commun,جذع مشترك,8eme-base,INFO,Informatique,الإعلامية,ar,False,Internet,4,Messagerie électronique
preparatoire,8B,8ème année de base,السنة الثامنة أساسي,TC,Tronc commun,جذع مشترك,8eme-base,INFO,Informatique,الإعلامية,ar,False,Projet,5,"Autour du texte, de l’image et du son"
preparatoire,8B,8ème année de base,السنة الثامنة أساسي,TC,Tronc commun,جذع مشترك,8eme-base,ISLAM,Éducation islamique,التربية الإسلامية,ar,False,,1,«قل آمنت بالله ثم استقم»
preparatoire,8B,8ème année de base,السنة الثامنة أساسي,TC,Tronc commun,جذع مشترك,8eme-base,ISLAM,Éducation islamique,التربية الإسلامية,ar,False,,2,«وأحسن كما أحسن الله إليك»
preparatoire,8B,8ème année de base,السنة الثامنة أساسي,TC,Tronc commun,جذع مشترك,8eme-base,ISLAM,Éducation islamique,التربية الإسلامية,ar,False,,3,«ولا تبغ الفساد في الأرض»
preparatoire,8B,8ème année de base,السنة الثامنة أساسي,TC,Tronc commun,جذع مشترك,8eme-base,CIVIQ,Éducation civique,التربية المدنية,ar,False,,1,الطفل مشاركا في الحياة العامة
preparatoire,8B,8ème année de base,السنة الثامنة أساسي,TC,Tronc commun,جذع مشترك,8eme-base,CIVIQ,Éducation civique,التربية المدنية,ar,False,,2,المشاركة بالانخراط في التنظيمات
preparatoire,8B,8ème année de base,السنة الثامنة أساسي,TC,Tronc commun,جذع مشترك,8eme-base,CIVIQ,Éducation civique,التربية المدنية,ar,False,,3,المشاركة من خلال الانتخابات
preparatoire,8B,8ème année de base,السنة الثامنة أساسي,TC,Tronc commun,جذع مشترك,8eme-base,HIST,Histoire,التاريخ,ar,False,,1,العالم الإسلامي من القرن 6 ه (12 م) إلى القرن 10 ه (16 م)
preparatoire,8B,8ème année de base,السنة الثامنة أساسي,TC,Tronc commun,جذع مشترك,8eme-base,HIST,Histoire,التاريخ,ar,False,,2,أوروبا الغربية من عصر النهضة إلى الثورة الصناعية
preparatoire,8B,8ème année de base,السنة الثامنة أساسي,TC,Tronc commun,جذع مشترك,8eme-base,HIST,Histoire,التاريخ,ar,False,,3,البلاد التونسية من الحكم العثماني إلى انتصاب الحماية الفرنسية
preparatoire,8B,8ème année de base,السنة الثامنة أساسي,TC,Tronc commun,جذع مشترك,8eme-base,GEO,Géographie,الجغرافيا,ar,False,,1,خريطة التفاوت في التقدم في العالم
preparatoire,8B,8ème année de base,السنة الثامنة أساسي,TC,Tronc commun,جذع مشترك,8eme-base,GEO,Géographie,الجغرافيا,ar,False,نماذج من العالم المتقدم,2,الولايات المتحدة الأمريكية قوة عظمى
preparatoire,8B,8ème année de base,السنة الثامنة أساسي,TC,Tronc commun,جذع مشترك,8eme-base,GEO,Géographie,الجغرافيا,ar,False,نماذج من العالم المتقدم,3,الاتحاد الأوروبي: تكتل اقتصادي قوي
preparatoire,8B,8ème année de base,السنة الثامنة أساسي,TC,Tronc commun,جذع مشترك,8eme-base,GEO,Géographie,الجغرافيا,ar,False,نماذج من العالم النامي,4,الصين قوة صاعدة
preparatoire,8B,8ème année de base,السنة الثامنة أساسي,TC,Tronc commun,جذع مشترك,8eme-base,GEO,Géographie,الجغرافيا,ar,False,نماذج من العالم النامي,5,السنغال: صعوبات التنمية وحصيلتها
preparatoire,9B,9ème année de base,السنة التاسعة أساسي,TC,Tronc commun,جذع مشترك,9eme-base,ARAB,Arabe,العربية,ar,False,علم النحو,1,العلاقات بين الجمل في النص (1): الجملة الابتدائية - الجملة الاستئنافية - الجملة الاعتراضية
preparatoire,9B,9ème année de base,السنة التاسعة أساسي,TC,Tronc commun,جذع مشترك,9eme-base,ARAB,Arabe,العربية,ar,False,علم النحو,2,العلاقات بين الجمل في النص (2): أدوات الربط ومعانيها (1)
preparatoire,9B,9ème année de base,السنة التاسعة أساسي,TC,Tronc commun,جذع مشترك,9eme-base,ARAB,Arabe,العربية,ar,False,علم النحو,3,العلاقات بين الجمل في النص (3): أدوات الربط ومعانيها (2)
preparatoire,9B,9ème année de base,السنة التاسعة أساسي,TC,Tronc commun,جذع مشترك,9eme-base,ARAB,Arabe,العربية,ar,False,علم النحو,4,الحذف ومواطنه
preparatoire,9B,9ème année de base,السنة التاسعة أساسي,TC,Tronc commun,جذع مشترك,9eme-base,ARAB,Arabe,العربية,ar,False,علم النحو,5,النداء: أدواته وأبنيته ومعانيها
preparatoire,9B,9ème année de base,السنة التاسعة أساسي,TC,Tronc commun,جذع مشترك,9eme-base,ARAB,Arabe,العربية,ar,False,علم النحو,6,الأمر والنهي
preparatoire,9B,9ème année de base,السنة التاسعة أساسي,TC,Tronc commun,جذع مشترك,9eme-base,ARAB,Arabe,العربية,ar,False,علم النحو,7,الاستفهام عن مضمون الجملة
preparatoire,9B,9ème année de base,السنة التاسعة أساسي,TC,Tronc commun,جذع مشترك,9eme-base,ARAB,Arabe,العربية,ar,False,علم النحو,8,الاستفهام عن عنصر من العناصر المكونة للجملة
preparatoire,9B,9ème année de base,السنة التاسعة أساسي,TC,Tronc commun,جذع مشترك,9eme-base,ARAB,Arabe,العربية,ar,False,علم النحو,9,دلالة الشرط على الإمكان (1)
preparatoire,9B,9ème année de base,السنة التاسعة أساسي,TC,Tronc commun,جذع مشترك,9eme-base,ARAB,Arabe,العربية,ar,False,علم النحو,10,دلالة الشرط على الإمكان (2)
preparatoire,9B,9ème année de base,السنة التاسعة أساسي,TC,Tronc commun,جذع مشترك,9eme-base,ARAB,Arabe,العربية,ar,False,علم النحو,11,دلالة الشرط على الافتراض والاستنتاج
preparatoire,9B,9ème année de base,السنة التاسعة أساسي,TC,Tronc commun,جذع مشترك,9eme-base,ARAB,Arabe,العربية,ar,False,علم النحو,12,دلالة صيغ الفعل على الزمان
preparatoire,9B,9ème année de base,السنة التاسعة أساسي,TC,Tronc commun,جذع مشترك,9eme-base,ARAB,Arabe,العربية,ar,False,علم النحو,13,دلالة الحروف المقترنة بالفعل على الزمان
preparatoire,9B,9ème année de base,السنة التاسعة أساسي,TC,Tronc commun,جذع مشترك,9eme-base,ARAB,Arabe,العربية,ar,False,علم النحو,14,دلالة النواسخ الفعلية على الزمان
preparatoire,9B,9ème année de base,السنة التاسعة أساسي,TC,Tronc commun,جذع مشترك,9eme-base,ARAB,Arabe,العربية,ar,False,علم النحو,15,دلالة بعض الوظائف على الزمان: المفعول فيه - الحال
preparatoire,9B,9ème année de base,السنة التاسعة أساسي,TC,Tronc commun,جذع مشترك,9eme-base,ARAB,Arabe,العربية,ar,False,علم النحو,16,العدد والمعدود (1)
preparatoire,9B,9ème année de base,السنة التاسعة أساسي,TC,Tronc commun,جذع مشترك,9eme-base,ARAB,Arabe,العربية,ar,False,علم النحو,17,العدد والمعدود (2)
preparatoire,9B,9ème année de base,السنة التاسعة أساسي,TC,Tronc commun,جذع مشترك,9eme-base,ARAB,Arabe,العربية,ar,False,علم الصرف,18,الاسم المقصور
preparatoire,9B,9ème année de base,السنة التاسعة أساسي,TC,Tronc commun,جذع مشترك,9eme-base,ARAB,Arabe,العربية,ar,False,علم الصرف,19,الاسم المنقوص
preparatoire,9B,9ème année de base,السنة التاسعة أساسي,TC,Tronc commun,جذع مشترك,9eme-base,ARAB,Arabe,العربية,ar,False,علم الصرف,20,الاسم الممدود
preparatoire,9B,9ème année de base,السنة التاسعة أساسي,TC,Tronc commun,جذع مشترك,9eme-base,ARAB,Arabe,العربية,ar,False,علم الصرف,21,معاني المزيد (1)
preparatoire,9B,9ème année de base,السنة التاسعة أساسي,TC,Tronc commun,جذع مشترك,9eme-base,ARAB,Arabe,العربية,ar,False,علم الصرف,22,معاني المزيد (2)
preparatoire,9B,9ème année de base,السنة التاسعة أساسي,TC,Tronc commun,جذع مشترك,9eme-base,ARAB,Arabe,العربية,ar,False,علم الصرف,23,التصغير ومعانيه
preparatoire,9B,9ème année de base,السنة التاسعة أساسي,TC,Tronc commun,جذع مشترك,9eme-base,ARAB,Arabe,العربية,ar,False,علم الصرف,24,النسبة والمصدر الصناعي
preparatoire,9B,9ème année de base,السنة التاسعة أساسي,TC,Tronc commun,جذع مشترك,9eme-base,ARAB,Arabe,العربية,ar,False,,25,العمل
preparatoire,9B,9ème année de base,السنة التاسعة أساسي,TC,Tronc commun,جذع مشترك,9eme-base,ARAB,Arabe,العربية,ar,False,,26,المرأة في المجتمعات المعاصرة
preparatoire,9B,9ème année de base,السنة التاسعة أساسي,TC,Tronc commun,جذع مشترك,9eme-base,ARAB,Arabe,العربية,ar,False,,27,من شواغل عالمنا المعاصر
preparatoire,9B,9ème année de base,السنة التاسعة أساسي,TC,Tronc commun,جذع مشترك,9eme-base,ARAB,Arabe,العربية,ar,False,,28,الفنون
preparatoire,9B,9ème année de base,السنة التاسعة أساسي,TC,Tronc commun,جذع مشترك,9eme-base,ARAB,Arabe,العربية,ar,False,,29,تفاعل الثقافات والحضارات
preparatoire,9B,9ème année de base,السنة التاسعة أساسي,TC,Tronc commun,جذع مشترك,9eme-base,FRAN,Français,الفرنسية,fr,False,,1,Enfants de tous les pays
preparatoire,9B,9ème année de base,السنة التاسعة أساسي,TC,Tronc commun,جذع مشترك,9eme-base,FRAN,Français,الفرنسية,fr,False,,2,Portraits et comportements
preparatoire,9B,9ème année de base,السنة التاسعة أساسي,TC,Tronc commun,جذع مشترك,9eme-base,FRAN,Français,الفرنسية,fr,False,,3,Nom de plume
preparatoire,9B,9ème année de base,السنة التاسعة أساسي,TC,Tronc commun,جذع مشترك,9eme-base,FRAN,Français,الفرنسية,fr,False,,4,Exploits et performances
preparatoire,9B,9ème année de base,السنة التاسعة أساسي,TC,Tronc commun,جذع مشترك,9eme-base,FRAN,Français,الفرنسية,fr,False,,5,"Métiers d'hier, métiers d'aujourd'hui"
preparatoire,9B,9ème année de base,السنة التاسعة أساسي,TC,Tronc commun,جذع مشترك,9eme-base,FRAN,Français,الفرنسية,fr,False,,6,Riquet à la houppe
preparatoire,9B,9ème année de base,السنة التاسعة أساسي,TC,Tronc commun,جذع مشترك,9eme-base,FRAN,Français,الفرنسية,fr,False,,7,Musiques pour tous les goûts
preparatoire,9B,9ème année de base,السنة التاسعة أساسي,TC,Tronc commun,جذع مشترك,9eme-base,ANGL,Anglais,الإنجليزية,en,False,,1,Family life
preparatoire,9B,9ème année de base,السنة التاسعة أساسي,TC,Tronc commun,جذع مشترك,9eme-base,ANGL,Anglais,الإنجليزية,en,False,,2,Education
preparatoire,9B,9ème année de base,السنة التاسعة أساسي,TC,Tronc commun,جذع مشترك,9eme-base,ANGL,Anglais,الإنجليزية,en,False,,3,Health and environment
preparatoire,9B,9ème année de base,السنة التاسعة أساسي,TC,Tronc commun,جذع مشترك,9eme-base,ANGL,Anglais,الإنجليزية,en,False,,4,Services
preparatoire,9B,9ème année de base,السنة التاسعة أساسي,TC,Tronc commun,جذع مشترك,9eme-base,ANGL,Anglais,الإنجليزية,en,False,,5,Entertainment
preparatoire,9B,9ème année de base,السنة التاسعة أساسي,TC,Tronc commun,جذع مشترك,9eme-base,ANGL,Anglais,الإنجليزية,en,False,,6,Civility
preparatoire,9B,9ème année de base,السنة التاسعة أساسي,TC,Tronc commun,جذع مشترك,9eme-base,MATH,Mathématiques,الرياضيات,ar,False,,1,التعداد والحساب
preparatoire,9B,9ème année de base,السنة التاسعة أساسي,TC,Tronc commun,جذع مشترك,9eme-base,MATH,Mathématiques,الرياضيات,ar,False,,2,مجموعة الأعداد الحقيقية ℝ
preparatoire,9B,9ème année de base,السنة التاسعة أساسي,TC,Tronc commun,جذع مشترك,9eme-base,MATH,Mathématiques,الرياضيات,ar,False,,3,العمليات في مجموعة الأعداد الحقيقية
preparatoire,9B,9ème année de base,السنة التاسعة أساسي,TC,Tronc commun,جذع مشترك,9eme-base,MATH,Mathématiques,الرياضيات,ar,False,,4,القوى في مجموعة الأعداد الحقيقية
preparatoire,9B,9ème année de base,السنة التاسعة أساسي,TC,Tronc commun,جذع مشترك,9eme-base,MATH,Mathématiques,الرياضيات,ar,False,,5,الترتيب والمقاربة
preparatoire,9B,9ème année de base,السنة التاسعة أساسي,TC,Tronc commun,جذع مشترك,9eme-base,MATH,Mathématiques,الرياضيات,ar,False,,6,الجذاءات المعتبرة والعبارات الجبرية
preparatoire,9B,9ème année de base,السنة التاسعة أساسي,TC,Tronc commun,جذع مشترك,9eme-base,MATH,Mathématiques,الرياضيات,ar,False,,7,المعادلات والمتراجحات من الدرجة الأولى
preparatoire,9B,9ème année de base,السنة التاسعة أساسي,TC,Tronc commun,جذع مشترك,9eme-base,MATH,Mathématiques,الرياضيات,ar,False,,8,الإحصاء والاحتمالات
preparatoire,9B,9ème année de base,السنة التاسعة أساسي,TC,Tronc commun,جذع مشترك,9eme-base,MATH,Mathématiques,الرياضيات,ar,False,,9,التعيين في المستوي
preparatoire,9B,9ème année de base,السنة التاسعة أساسي,TC,Tronc commun,جذع مشترك,9eme-base,MATH,Mathématiques,الرياضيات,ar,False,,10,مبرهنة طالس وتطبيقاتها
preparatoire,9B,9ème année de base,السنة التاسعة أساسي,TC,Tronc commun,جذع مشترك,9eme-base,MATH,Mathématiques,الرياضيات,ar,False,,11,العلاقات القياسية في المثلث القائم
preparatoire,9B,9ème année de base,السنة التاسعة أساسي,TC,Tronc commun,جذع مشترك,9eme-base,MATH,Mathématiques,الرياضيات,ar,False,,12,أنشطة حول الرباعيات
preparatoire,9B,9ème année de base,السنة التاسعة أساسي,TC,Tronc commun,جذع مشترك,9eme-base,MATH,Mathématiques,الرياضيات,ar,False,,13,التعامد في الفضاء
preparatoire,9B,9ème année de base,السنة التاسعة أساسي,TC,Tronc commun,جذع مشترك,9eme-base,PHYS,Sciences physiques,العلوم الفيزيائية,ar,False,الكهرمغناطيس,1,التيار الكهربائي المتغير
preparatoire,9B,9ème année de base,السنة التاسعة أساسي,TC,Tronc commun,جذع مشترك,9eme-base,PHYS,Sciences physiques,العلوم الفيزيائية,ar,False,الكهرمغناطيس,2,الكهرباء المنزلية
preparatoire,9B,9ème année de base,السنة التاسعة أساسي,TC,Tronc commun,جذع مشترك,9eme-base,PHYS,Sciences physiques,العلوم الفيزيائية,ar,False,الكهرمغناطيس,3,الكهرباء الساكنة
preparatoire,9B,9ème année de base,السنة التاسعة أساسي,TC,Tronc commun,جذع مشترك,9eme-base,PHYS,Sciences physiques,العلوم الفيزيائية,ar,False,المادة في الطبيعة,4,الذرة والاحتراق
preparatoire,9B,9ème année de base,السنة التاسعة أساسي,TC,Tronc commun,جذع مشترك,9eme-base,PHYS,Sciences physiques,العلوم الفيزيائية,ar,False,المادة في الطبيعة,5,تركيبة المحلول الشاردي
preparatoire,9B,9ème année de base,السنة التاسعة أساسي,TC,Tronc commun,جذع مشترك,9eme-base,PHYS,Sciences physiques,العلوم الفيزيائية,ar,False,المادة في الطبيعة,6,المحاليل الحامضية والمحاليل القلوية
preparatoire,9B,9ème année de base,السنة التاسعة أساسي,TC,Tronc commun,جذع مشترك,9eme-base,PHYS,Sciences physiques,العلوم الفيزيائية,ar,False,المادة في الطبيعة,7,المحاليل المتعادلة
preparatoire,9B,9ème année de base,السنة التاسعة أساسي,TC,Tronc commun,جذع مشترك,9eme-base,PHYS,Sciences physiques,العلوم الفيزيائية,ar,False,الضوء,8,تغير مسار الضوء
preparatoire,9B,9ème année de base,السنة التاسعة أساسي,TC,Tronc commun,جذع مشترك,9eme-base,SVT,Sciences de la vie et de la terre,علوم الحياة والأرض,ar,False,الاتصال بالوسط,1,وظيفة الاتصال
preparatoire,9B,9ème année de base,السنة التاسعة أساسي,TC,Tronc commun,جذع مشترك,9eme-base,SVT,Sciences de la vie et de la terre,علوم الحياة والأرض,ar,False,الاتصال بالوسط,2,الأفعال الانعكاسية
preparatoire,9B,9ème année de base,السنة التاسعة أساسي,TC,Tronc commun,جذع مشترك,9eme-base,SVT,Sciences de la vie et de la terre,علوم الحياة والأرض,ar,False,الاتصال بالوسط,3,دراسة إحساس شعوري: الإبصار
preparatoire,9B,9ème année de base,السنة التاسعة أساسي,TC,Tronc commun,جذع مشترك,9eme-base,SVT,Sciences de la vie et de la terre,علوم الحياة والأرض,ar,False,وظائف التغذية,4,الحاجيات الغذائية للإنسان
preparatoire,9B,9ème année de base,السنة التاسعة أساسي,TC,Tronc commun,جذع مشترك,9eme-base,SVT,Sciences de la vie et de la terre,علوم الحياة والأرض,ar,False,وظائف التغذية,5,الهضم
preparatoire,9B,9ème année de base,السنة التاسعة أساسي,TC,Tronc commun,جذع مشترك,9eme-base,SVT,Sciences de la vie et de la terre,علوم الحياة والأرض,ar,False,وظائف التغذية,6,دراسة الدم
preparatoire,9B,9ème année de base,السنة التاسعة أساسي,TC,Tronc commun,جذع مشترك,9eme-base,SVT,Sciences de la vie et de la terre,علوم الحياة والأرض,ar,False,وظائف التغذية,7,الدوران
preparatoire,9B,9ème année de base,السنة التاسعة أساسي,TC,Tronc commun,جذع مشترك,9eme-base,SVT,Sciences de la vie et de la terre,علوم الحياة والأرض,ar,False,وظائف التغذية,8,التنفس
preparatoire,9B,9ème année de base,السنة التاسعة أساسي,TC,Tronc commun,جذع مشترك,9eme-base,SVT,Sciences de la vie et de la terre,علوم الحياة والأرض,ar,False,وظائف التغذية,9,الإخراج
preparatoire,9B,9ème année de base,السنة التاسعة أساسي,TC,Tronc commun,جذع مشترك,9eme-base,SVT,Sciences de la vie et de la terre,علوم الحياة والأرض,ar,False,التكاثر والصحة الإنجابية,10,النضج الجنسي والجهاز التكاثري
preparatoire,9B,9ème année de base,السنة التاسعة أساسي,TC,Tronc commun,جذع مشترك,9eme-base,SVT,Sciences de la vie et de la terre,علوم الحياة والأرض,ar,False,التكاثر والصحة الإنجابية,11,الدورة الجنسية عند المرأة
preparatoire,9B,9ème année de base,السنة التاسعة أساسي,TC,Tronc commun,جذع مشترك,9eme-base,SVT,Sciences de la vie et de la terre,علوم الحياة والأرض,ar,False,التكاثر والصحة الإنجابية,12,تكون الجنين والمراقبة الصحية للحمل
preparatoire,9B,9ème année de base,السنة التاسعة أساسي,TC,Tronc commun,جذع مشترك,9eme-base,SVT,Sciences de la vie et de la terre,علوم الحياة والأرض,ar,False,التكاثر والصحة الإنجابية,13,تنظيم الولادات
preparatoire,9B,9ème année de base,السنة التاسعة أساسي,TC,Tronc commun,جذع مشترك,9eme-base,SVT,Sciences de la vie et de la terre,علوم الحياة والأرض,ar,False,التكاثر والصحة الإنجابية,14,الأمراض المنقولة جنسيا والوقاية منها
preparatoire,9B,9ème année de base,السنة التاسعة أساسي,TC,Tronc commun,جذع مشترك,9eme-base,TECHNO,Technologie,التكنولوجيا,ar,False,,1,التعبير البياني
preparatoire,9B,9ème année de base,السنة التاسعة أساسي,TC,Tronc commun,جذع مشترك,9eme-base,TECHNO,Technologie,التكنولوجيا,ar,False,,2,عناصر ربط المحاور
preparatoire,9B,9ème année de base,السنة التاسعة أساسي,TC,Tronc commun,جذع مشترك,9eme-base,TECHNO,Technologie,التكنولوجيا,ar,False,,3,الروابط الميكانيكية
preparatoire,9B,9ème année de base,السنة التاسعة أساسي,TC,Tronc commun,جذع مشترك,9eme-base,TECHNO,Technologie,التكنولوجيا,ar,False,,4,الدالات المنطقية الأساسية
preparatoire,9B,9ème année de base,السنة التاسعة أساسي,TC,Tronc commun,جذع مشترك,9eme-base,TECHNO,Technologie,التكنولوجيا,ar,False,,5,المواد المستعملة
preparatoire,9B,9ème année de base,السنة التاسعة أساسي,TC,Tronc commun,جذع مشترك,9eme-base,TECHNO,Technologie,التكنولوجيا,ar,False,,6,الطاقة المستعملة
preparatoire,9B,9ème année de base,السنة التاسعة أساسي,TC,Tronc commun,جذع مشترك,9eme-base,TECHNO,Technologie,التكنولوجيا,ar,False,,7,تصنيع المنتج التقني
preparatoire,9B,9ème année de base,السنة التاسعة أساسي,TC,Tronc commun,جذع مشترك,9eme-base,INFO,Informatique,الإعلامية,ar,False,Ordinateur et système d’exploitation,1,Rappels et présentation du réseau local
preparatoire,9B,9ème année de base,السنة التاسعة أساسي,TC,Tronc commun,جذع مشترك,9eme-base,INFO,Informatique,الإعلامية,ar,False,Exploitation de logiciels,2,Tableur
preparatoire,9B,9ème année de base,السنة التاسعة أساسي,TC,Tronc commun,جذع مشترك,9eme-base,INFO,Informatique,الإعلامية,ar,False,Internet,3,Téléchargement de fichiers
preparatoire,9B,9ème année de base,السنة التاسعة أساسي,TC,Tronc commun,جذع مشترك,9eme-base,INFO,Informatique,الإعلامية,ar,False,Projet,4,"Autour du texte, des calculs, de l’image et du son"
preparatoire,9B,9ème année de base,السنة التاسعة أساسي,TC,Tronc commun,جذع مشترك,9eme-base,ISLAM,Éducation islamique,التربية الإسلامية,ar,False,,1,«قل آمنت بالله ثم استقم»
preparatoire,9B,9ème année de base,السنة التاسعة أساسي,TC,Tronc commun,جذع مشترك,9eme-base,ISLAM,Éducation islamique,التربية الإسلامية,ar,False,,2,«وأحسن كما أحسن الله إليك»
preparatoire,9B,9ème année de base,السنة التاسعة أساسي,TC,Tronc commun,جذع مشترك,9eme-base,ISLAM,Éducation islamique,التربية الإسلامية,ar,False,,3,«ولا تبغ الفساد في الأرض»
preparatoire,9B,9ème année de base,السنة التاسعة أساسي,TC,Tronc commun,جذع مشترك,9eme-base,CIVIQ,Éducation civique,التربية المدنية,ar,False,,1,الإطار العام للمواطنة
preparatoire,9B,9ème année de base,السنة التاسعة أساسي,TC,Tronc commun,جذع مشترك,9eme-base,CIVIQ,Éducation civique,التربية المدنية,ar,False,,2,الحرية والمسؤولية
preparatoire,9B,9ème année de base,السنة التاسعة أساسي,TC,Tronc commun,جذع مشترك,9eme-base,CIVIQ,Éducation civique,التربية المدنية,ar,False,,3,الحق والواجب
preparatoire,9B,9ème année de base,السنة التاسعة أساسي,TC,Tronc commun,جذع مشترك,9eme-base,CIVIQ,Éducation civique,التربية المدنية,ar,False,,4,المساواة والتسامح
preparatoire,9B,9ème année de base,السنة التاسعة أساسي,TC,Tronc commun,جذع مشترك,9eme-base,HIST,Histoire,التاريخ,ar,False,,1,تونس والعالم من الحرب العالمية الأولى إلى الحرب العالمية الثانية
preparatoire,9B,9ème année de base,السنة التاسعة أساسي,TC,Tronc commun,جذع مشترك,9eme-base,HIST,Histoire,التاريخ,ar,False,,2,العالم بعد الحرب العالمية الثانية
preparatoire,9B,9ème année de base,السنة التاسعة أساسي,TC,Tronc commun,جذع مشترك,9eme-base,HIST,Histoire,التاريخ,ar,False,,3,استقلال بلدان المغرب العربي
preparatoire,9B,9ème année de base,السنة التاسعة أساسي,TC,Tronc commun,جذع مشترك,9eme-base,GEO,Géographie,الجغرافيا,ar,False,المغرب العربي,1,الوسط الطبيعي: المزايا والضغوطات
preparatoire,9B,9ème année de base,السنة التاسعة أساسي,TC,Tronc commun,جذع مشترك,9eme-base,GEO,Géographie,الجغرافيا,ar,False,المغرب العربي,2,الموارد الطبيعية
preparatoire,9B,9ème année de base,السنة التاسعة أساسي,TC,Tronc commun,جذع مشترك,9eme-base,GEO,Géographie,الجغرافيا,ar,False,المغرب العربي,3,السكان والتنمية البشرية
preparatoire,9B,9ème année de base,السنة التاسعة أساسي,TC,Tronc commun,جذع مشترك,9eme-base,GEO,Géographie,الجغرافيا,ar,False,المغرب العربي,4,التنمية الاقتصادية
preparatoire,9B,9ème année de base,السنة التاسعة أساسي,TC,Tronc commun,جذع مشترك,9eme-base,GEO,Géographie,الجغرافيا,ar,False,البلاد التونسية,5,السكان
preparatoire,9B,9ème année de base,السنة التاسعة أساسي,TC,Tronc commun,جذع مشترك,9eme-base,GEO,Géographie,الجغرافيا,ar,False,البلاد التونسية,6,التنمية الفلاحية
preparatoire,9B,9ème année de base,السنة التاسعة أساسي,TC,Tronc commun,جذع مشترك,9eme-base,GEO,Géographie,الجغرافيا,ar,False,البلاد التونسية,7,التنمية الصناعية
preparatoire,9B,9ème année de base,السنة التاسعة أساسي,TC,Tronc commun,جذع مشترك,9eme-base,GEO,Géographie,الجغرافيا,ar,False,البلاد التونسية,8,التنمية السياحية
preparatoire,9B,9ème année de base,السنة التاسعة أساسي,TC,Tronc commun,جذع مشترك,9eme-base,GEO,Géographie,الجغرافيا,ar,False,البلاد التونسية,9,تنمية التجارة الخارجية
preparatoire,9B,9ème année de base,السنة التاسعة أساسي,TC,Tronc commun,جذع مشترك,9eme-base,GEO,Géographie,الجغرافيا,ar,False,البلاد التونسية,10,حصيلة التنمية
secondaire,1S,1ère année secondaire,السنة الأولى ثانوي,SPORT,Sport,رياضة,1ere-sport,ARAB,Arabe,العربية,ar,False,,1,الشعر الوطني
secondaire,1S,1ère année secondaire,السنة الأولى ثانوي,SPORT,Sport,رياضة,1ere-sport,ARAB,Arabe,العربية,ar,False,,2,الأقصوصة
secondaire,1S,1ère année secondaire,السنة الأولى ثانوي,SPORT,Sport,رياضة,1ere-sport,ARAB,Arabe,العربية,ar,False,,3,المسائل الحضارية
secondaire,1S,1ère année secondaire,السنة الأولى ثانوي,SPORT,Sport,رياضة,1ere-sport,ARAB,Arabe,العربية,ar,False,,4,الوحدة الأولى
secondaire,1S,1ère année secondaire,السنة الأولى ثانوي,SPORT,Sport,رياضة,1ere-sport,ARAB,Arabe,العربية,ar,False,,5,بين الهزل والجد
secondaire,1S,1ère année secondaire,السنة الأولى ثانوي,SPORT,Sport,رياضة,1ere-sport,ARAB,Arabe,العربية,ar,False,,6,الأقصوصة
secondaire,1S,1ère année secondaire,السنة الأولى ثانوي,SPORT,Sport,رياضة,1ere-sport,FRAN,Français,الفرنسية,fr,False,,1,Rencontres
secondaire,1S,1ère année secondaire,السنة الأولى ثانوي,SPORT,Sport,رياضة,1ere-sport,FRAN,Français,الفرنسية,fr,False,,2,Scènes de la vie en France
secondaire,1S,1ère année secondaire,السنة الأولى ثانوي,SPORT,Sport,رياضة,1ere-sport,FRAN,Français,الفرنسية,fr,False,,3,Jeunesse sans frontières
secondaire,1S,1ère année secondaire,السنة الأولى ثانوي,SPORT,Sport,رياضة,1ere-sport,FRAN,Français,الفرنسية,fr,False,,4,La société de consommation
secondaire,1S,1ère année secondaire,السنة الأولى ثانوي,SPORT,Sport,رياضة,1ere-sport,FRAN,Français,الفرنسية,fr,False,,5,Sauvons la planète Terre
secondaire,1S,1ère année secondaire,السنة الأولى ثانوي,SPORT,Sport,رياضة,1ere-sport,FRAN,Français,الفرنسية,fr,False,,6,Passions
secondaire,1S,1ère année secondaire,السنة الأولى ثانوي,SPORT,Sport,رياضة,1ere-sport,FRAN,Français,الفرنسية,fr,False,,7,Progrès et bonheur
secondaire,1S,1ère année secondaire,السنة الأولى ثانوي,SPORT,Sport,رياضة,1ere-sport,ANGL,Anglais,الإنجليزية,en,False,,1,Getting to know each other
secondaire,1S,1ère année secondaire,السنة الأولى ثانوي,SPORT,Sport,رياضة,1ere-sport,ANGL,Anglais,الإنجليزية,en,False,,2,We’ve made it to the top
secondaire,1S,1ère année secondaire,السنة الأولى ثانوي,SPORT,Sport,رياضة,1ere-sport,ANGL,Anglais,الإنجليزية,en,False,,3,Queen of soul
secondaire,1S,1ère année secondaire,السنة الأولى ثانوي,SPORT,Sport,رياضة,1ere-sport,ANGL,Anglais,الإنجليزية,en,False,,4,Everything to pay for
secondaire,1S,1ère année secondaire,السنة الأولى ثانوي,SPORT,Sport,رياضة,1ere-sport,ANGL,Anglais,الإنجليزية,en,False,,5,It’s all in the preparation
secondaire,1S,1ère année secondaire,السنة الأولى ثانوي,SPORT,Sport,رياضة,1ere-sport,ANGL,Anglais,الإنجليزية,en,False,,6,I still get pocket money
secondaire,1S,1ère année secondaire,السنة الأولى ثانوي,SPORT,Sport,رياضة,1ere-sport,ANGL,Anglais,الإنجليزية,en,False,,7,Are we all intelligent?
secondaire,1S,1ère année secondaire,السنة الأولى ثانوي,SPORT,Sport,رياضة,1ere-sport,ANGL,Anglais,الإنجليزية,en,False,,8,Who was the man?
secondaire,1S,1ère année secondaire,السنة الأولى ثانوي,SPORT,Sport,رياضة,1ere-sport,ANGL,Anglais,الإنجليزية,en,False,,9,Education
secondaire,1S,1ère année secondaire,السنة الأولى ثانوي,SPORT,Sport,رياضة,1ere-sport,ANGL,Anglais,الإنجليزية,en,False,,10,What’s your friendship style?
secondaire,1S,1ère année secondaire,السنة الأولى ثانوي,SPORT,Sport,رياضة,1ere-sport,ANGL,Anglais,الإنجليزية,en,False,,11,Love boat
secondaire,1S,1ère année secondaire,السنة الأولى ثانوي,SPORT,Sport,رياضة,1ere-sport,ANGL,Anglais,الإنجليزية,en,False,,12,A diary
secondaire,1S,1ère année secondaire,السنة الأولى ثانوي,SPORT,Sport,رياضة,1ere-sport,ANGL,Anglais,الإنجليزية,en,False,,13,Are neighbours necessary?
secondaire,1S,1ère année secondaire,السنة الأولى ثانوي,SPORT,Sport,رياضة,1ere-sport,ANGL,Anglais,الإنجليزية,en,False,,14,John Grisham
secondaire,1S,1ère année secondaire,السنة الأولى ثانوي,SPORT,Sport,رياضة,1ere-sport,ANGL,Anglais,الإنجليزية,en,False,,15,How to review your lessons
secondaire,1S,1ère année secondaire,السنة الأولى ثانوي,SPORT,Sport,رياضة,1ere-sport,ANGL,Anglais,الإنجليزية,en,False,,16,Tips to keep your blood healthy
secondaire,1S,1ère année secondaire,السنة الأولى ثانوي,SPORT,Sport,رياضة,1ere-sport,ANGL,Anglais,الإنجليزية,en,False,,17,Will you surf on the Internet?
secondaire,1S,1ère année secondaire,السنة الأولى ثانوي,SPORT,Sport,رياضة,1ere-sport,ANGL,Anglais,الإنجليزية,en,False,,18,A friend I could never forget
secondaire,1S,1ère année secondaire,السنة الأولى ثانوي,SPORT,Sport,رياضة,1ere-sport,ANGL,Anglais,الإنجليزية,en,False,,19,House and home
secondaire,1S,1ère année secondaire,السنة الأولى ثانوي,SPORT,Sport,رياضة,1ere-sport,ANGL,Anglais,الإنجليزية,en,False,,20,Languages
secondaire,1S,1ère année secondaire,السنة الأولى ثانوي,SPORT,Sport,رياضة,1ere-sport,ANGL,Anglais,الإنجليزية,en,False,,21,Family matters
secondaire,1S,1ère année secondaire,السنة الأولى ثانوي,SPORT,Sport,رياضة,1ere-sport,ANGL,Anglais,الإنجليزية,en,False,,22,Health matters
secondaire,1S,1ère année secondaire,السنة الأولى ثانوي,SPORT,Sport,رياضة,1ere-sport,ANGL,Anglais,الإنجليزية,en,False,,23,Job hunting
secondaire,1S,1ère année secondaire,السنة الأولى ثانوي,SPORT,Sport,رياضة,1ere-sport,ANGL,Anglais,الإنجليزية,en,False,,24,Human rights
secondaire,1S,1ère année secondaire,السنة الأولى ثانوي,SPORT,Sport,رياضة,1ere-sport,ANGL,Anglais,الإنجليزية,en,False,,25,Me and R’Kid
secondaire,1S,1ère année secondaire,السنة الأولى ثانوي,SPORT,Sport,رياضة,1ere-sport,ANGL,Anglais,الإنجليزية,en,False,,26,Would you like to be an au pair?
secondaire,1S,1ère année secondaire,السنة الأولى ثانوي,SPORT,Sport,رياضة,1ere-sport,ANGL,Anglais,الإنجليزية,en,False,,27,About teachers
secondaire,1S,1ère année secondaire,السنة الأولى ثانوي,SPORT,Sport,رياضة,1ere-sport,ANGL,Anglais,الإنجليزية,en,False,,28,A narrow escape
secondaire,1S,1ère année secondaire,السنة الأولى ثانوي,SPORT,Sport,رياضة,1ere-sport,ANGL,Anglais,الإنجليزية,en,False,,29,Can an animal save someone’s life?
secondaire,1S,1ère année secondaire,السنة الأولى ثانوي,SPORT,Sport,رياضة,1ere-sport,ANGL,Anglais,الإنجليزية,en,False,,30,Holidays and tourism
secondaire,1S,1ère année secondaire,السنة الأولى ثانوي,SPORT,Sport,رياضة,1ere-sport,ANGL,Anglais,الإنجليزية,en,False,,31,Talking about music
secondaire,1S,1ère année secondaire,السنة الأولى ثانوي,SPORT,Sport,رياضة,1ere-sport,ANGL,Anglais,الإنجليزية,en,False,,32,The Environment does matter
secondaire,1S,1ère année secondaire,السنة الأولى ثانوي,SPORT,Sport,رياضة,1ere-sport,ANGL,Anglais,الإنجليزية,en,False,,33,Social problems
secondaire,1S,1ère année secondaire,السنة الأولى ثانوي,SPORT,Sport,رياضة,1ere-sport,ANGL,Anglais,الإنجليزية,en,False,,34,Education matters
secondaire,1S,1ère année secondaire,السنة الأولى ثانوي,SPORT,Sport,رياضة,1ere-sport,MATH,Mathématiques,الرياضيات,fr,False,,1,Calcul dans IR
secondaire,1S,1ère année secondaire,السنة الأولى ثانوي,SPORT,Sport,رياضة,1ere-sport,MATH,Mathématiques,الرياضيات,fr,False,,2,Proportionnalité - Pourcentages
secondaire,1S,1ère année secondaire,السنة الأولى ثانوي,SPORT,Sport,رياضة,1ere-sport,MATH,Mathématiques,الرياضيات,fr,False,,3,Problèmes du premier degré
secondaire,1S,1ère année secondaire,السنة الأولى ثانوي,SPORT,Sport,رياضة,1ere-sport,MATH,Mathématiques,الرياضيات,fr,False,,4,Théorème de Thalès et sa réciproque
secondaire,1S,1ère année secondaire,السنة الأولى ثانوي,SPORT,Sport,رياضة,1ere-sport,MATH,Mathématiques,الرياضيات,fr,False,,5,Rapports trigonométriques d'un angle aigu. Relations métriques dans un triangle rectangle
secondaire,1S,1ère année secondaire,السنة الأولى ثانوي,SPORT,Sport,رياضة,1ere-sport,MATH,Mathématiques,الرياضيات,fr,False,,6,Les vecteurs
secondaire,1S,1ère année secondaire,السنة الأولى ثانوي,SPORT,Sport,رياضة,1ere-sport,PHYS,Sciences physiques,العلوم الفيزيائية,fr,False,Physique > L’Electricité,1,Le phénomène d’électrisation
secondaire,1S,1ère année secondaire,السنة الأولى ثانوي,SPORT,Sport,رياضة,1ere-sport,PHYS,Sciences physiques,العلوم الفيزيائية,fr,False,Physique > L’Electricité,2,Le circuit électrique
secondaire,1S,1ère année secondaire,السنة الأولى ثانوي,SPORT,Sport,رياضة,1ere-sport,PHYS,Sciences physiques,العلوم الفيزيائية,fr,False,Physique > L’Electricité,3,L’intensité du courant électrique
secondaire,1S,1ère année secondaire,السنة الأولى ثانوي,SPORT,Sport,رياضة,1ere-sport,PHYS,Sciences physiques,العلوم الفيزيائية,fr,False,Physique > L’Electricité,4,La tension électrique
secondaire,1S,1ère année secondaire,السنة الأولى ثانوي,SPORT,Sport,رياضة,1ere-sport,PHYS,Sciences physiques,العلوم الفيزيائية,fr,False,Physique > L’Electricité,5,Le dipôle résistor
secondaire,1S,1ère année secondaire,السنة الأولى ثانوي,SPORT,Sport,رياضة,1ere-sport,PHYS,Sciences physiques,العلوم الفيزيائية,fr,False,Physique > La Matière,6,Les états physiques de la matière
secondaire,1S,1ère année secondaire,السنة الأولى ثانوي,SPORT,Sport,رياضة,1ere-sport,PHYS,Sciences physiques,العلوم الفيزيائية,fr,False,Physique > La Matière,7,Quelques propriétés de la matière
secondaire,1S,1ère année secondaire,السنة الأولى ثانوي,SPORT,Sport,رياضة,1ere-sport,PHYS,Sciences physiques,العلوم الفيزيائية,fr,False,Physique > La Matière,8,La masse
secondaire,1S,1ère année secondaire,السنة الأولى ثانوي,SPORT,Sport,رياضة,1ere-sport,PHYS,Sciences physiques,العلوم الفيزيائية,fr,False,Physique > La Matière,9,Les changements d’état physique d’un corps pur
secondaire,1S,1ère année secondaire,السنة الأولى ثانوي,SPORT,Sport,رياضة,1ere-sport,PHYS,Sciences physiques,العلوم الفيزيائية,fr,False,Physique > La Mécanique,10,Le mouvement
secondaire,1S,1ère année secondaire,السنة الأولى ثانوي,SPORT,Sport,رياضة,1ere-sport,PHYS,Sciences physiques,العلوم الفيزيائية,fr,False,Physique > La Mécanique,11,Les actions mécaniques
secondaire,1S,1ère année secondaire,السنة الأولى ثانوي,SPORT,Sport,رياضة,1ere-sport,PHYS,Sciences physiques,العلوم الفيزيائية,fr,False,Physique > La Mécanique,12,Forces et équilibre
secondaire,1S,1ère année secondaire,السنة الأولى ثانوي,SPORT,Sport,رياضة,1ere-sport,PHYS,Sciences physiques,العلوم الفيزيائية,fr,False,Physique > La Mécanique,13,Forces et pression
secondaire,1S,1ère année secondaire,السنة الأولى ثانوي,SPORT,Sport,رياضة,1ere-sport,PHYS,Sciences physiques,العلوم الفيزيائية,fr,False,Physique > L’Energie,14,Energie et contrôle
secondaire,1S,1ère année secondaire,السنة الأولى ثانوي,SPORT,Sport,رياضة,1ere-sport,PHYS,Sciences physiques,العلوم الفيزيائية,fr,False,Physique > L’Astronomie,15,La Terre et l’univers
secondaire,1S,1ère année secondaire,السنة الأولى ثانوي,SPORT,Sport,رياضة,1ere-sport,PHYS,Sciences physiques,العلوم الفيزيائية,fr,False,Physique > L’Optique,16,La lumière et sa propagation
secondaire,1S,1ère année secondaire,السنة الأولى ثانوي,SPORT,Sport,رياضة,1ere-sport,PHYS,Sciences physiques,العلوم الفيزيائية,fr,False,Physique > L’Optique,17,Spectre de lumière et vision
secondaire,1S,1ère année secondaire,السنة الأولى ثانوي,SPORT,Sport,رياضة,1ere-sport,PHYS,Sciences physiques,العلوم الفيزيائية,fr,False,Chimie > La Matière,18,Constitution de la matière
secondaire,1S,1ère année secondaire,السنة الأولى ثانوي,SPORT,Sport,رياضة,1ere-sport,PHYS,Sciences physiques,العلوم الفيزيائية,fr,False,Chimie > La Matière,19,Structure de la matière (à l’échelle microscopique)
secondaire,1S,1ère année secondaire,السنة الأولى ثانوي,SPORT,Sport,رياضة,1ere-sport,PHYS,Sciences physiques,العلوم الفيزيائية,fr,False,Chimie > La Matière,20,Structure de la matière (à l’échelle macroscopique)
secondaire,1S,1ère année secondaire,السنة الأولى ثانوي,SPORT,Sport,رياضة,1ere-sport,PHYS,Sciences physiques,العلوم الفيزيائية,fr,False,Chimie > Les Solutions,21,La dissolution
secondaire,1S,1ère année secondaire,السنة الأولى ثانوي,SPORT,Sport,رياضة,1ere-sport,PHYS,Sciences physiques,العلوم الفيزيائية,fr,False,Chimie > Les Solutions,22,Concentration d’une solution - Solubilité
secondaire,1S,1ère année secondaire,السنة الأولى ثانوي,SPORT,Sport,رياضة,1ere-sport,PHYS,Sciences physiques,العلوم الفيزيائية,fr,False,Chimie > Réaction chimique,23,Notion de réaction chimique
secondaire,1S,1ère année secondaire,السنة الأولى ثانوي,SPORT,Sport,رياضة,1ere-sport,PHYS,Sciences physiques,العلوم الفيزيائية,fr,False,Chimie > Réaction chimique,24,Etude qualitative d’une réaction chimique
secondaire,1S,1ère année secondaire,السنة الأولى ثانوي,SPORT,Sport,رياضة,1ere-sport,PHYS,Sciences physiques,العلوم الفيزيائية,fr,False,Chimie > Réaction chimique,25,Etude quantitative d’une réaction chimique
secondaire,1S,1ère année secondaire,السنة الأولى ثانوي,SPORT,Sport,رياضة,1ere-sport,PHYS,Sciences physiques,العلوم الفيزيائية,fr,False,Chimie > Chimie organique,26,Les hydrocarbures
secondaire,1S,1ère année secondaire,السنة الأولى ثانوي,SPORT,Sport,رياضة,1ere-sport,BIO,Sciences biologiques,علوم البيولوجيا,fr,False,Plan d’organisation du corps humain,1,Vue d’ensemble sur les appareils et leurs fonctions
secondaire,1S,1ère année secondaire,السنة الأولى ثانوي,SPORT,Sport,رياضة,1ere-sport,BIO,Sciences biologiques,علوم البيولوجيا,fr,False,Plan d’organisation du corps humain,2,La cellule : unité de structure des êtres vivants
secondaire,1S,1ère année secondaire,السنة الأولى ثانوي,SPORT,Sport,رياضة,1ere-sport,BIO,Sciences biologiques,علوم البيولوجيا,fr,False,La motricité,3,Les différents mouvements corporels
secondaire,1S,1ère année secondaire,السنة الأولى ثانوي,SPORT,Sport,رياضة,1ere-sport,BIO,Sciences biologiques,علوم البيولوجيا,fr,False,La motricité,4,L’appareil squelettique
secondaire,1S,1ère année secondaire,السنة الأولى ثانوي,SPORT,Sport,رياضة,1ere-sport,BIO,Sciences biologiques,علوم البيولوجيا,fr,False,La motricité,5,Hygiène de la posture et des mouvements
secondaire,1S,1ère année secondaire,السنة الأولى ثانوي,SPORT,Sport,رياضة,1ere-sport,BIO,Sciences biologiques,علوم البيولوجيا,fr,False,La motricité,6,Le muscle strié squelettique
secondaire,1S,1ère année secondaire,السنة الأولى ثانوي,SPORT,Sport,رياضة,1ere-sport,BIO,Sciences biologiques,علوم البيولوجيا,fr,False,Microbes et santé,7,La diversité du monde microbien
secondaire,1S,1ère année secondaire,السنة الأولى ثانوي,SPORT,Sport,رياضة,1ere-sport,BIO,Sciences biologiques,علوم البيولوجيا,fr,False,Microbes et santé,8,La contamination par les microbes
secondaire,1S,1ère année secondaire,السنة الأولى ثانوي,SPORT,Sport,رياضة,1ere-sport,BIO,Sciences biologiques,علوم البيولوجيا,fr,False,Microbes et santé,9,Les défenses de l’organisme
secondaire,1S,1ère année secondaire,السنة الأولى ثانوي,SPORT,Sport,رياضة,1ere-sport,BIO,Sciences biologiques,علوم البيولوجيا,fr,False,Microbes et santé,10,Les applications médicales pour aider l’organisme
secondaire,1S,1ère année secondaire,السنة الأولى ثانوي,SPORT,Sport,رياضة,1ere-sport,HIST,Histoire,التاريخ,ar,False,قرطاج قطب حضاري في المتوسط: من القرن الخامس ق.م. إلى القرن الخامس الميلادي,1,قرطاج البونية وإشعاعها في المتوسط
secondaire,1S,1ère année secondaire,السنة الأولى ثانوي,SPORT,Sport,رياضة,1ere-sport,HIST,Histoire,التاريخ,ar,False,قرطاج قطب حضاري في المتوسط: من القرن الخامس ق.م. إلى القرن الخامس الميلادي,2,قرطاج وإسهاماتها في الحضارة الرومانية
secondaire,1S,1ère année secondaire,السنة الأولى ثانوي,SPORT,Sport,رياضة,1ere-sport,HIST,Histoire,التاريخ,ar,False,القيروان وتونس مركزا إشعاع الحضارة العربية الإسلامية في الغرب الإسلامي من 670 م إلى نهاية القرن الرابع عشر ميلادي,3,القيروان ودورها في نشر الحضارة العربية الإسلامية
secondaire,1S,1ère année secondaire,السنة الأولى ثانوي,SPORT,Sport,رياضة,1ere-sport,HIST,Histoire,التاريخ,ar,False,القيروان وتونس مركزا إشعاع الحضارة العربية الإسلامية في الغرب الإسلامي من 670 م إلى نهاية القرن الرابع عشر ميلادي,4,تونس في العهد الحفصي مركز إشعاع ثقافي
secondaire,1S,1ère année secondaire,السنة الأولى ثانوي,SPORT,Sport,رياضة,1ere-sport,HIST,Histoire,التاريخ,ar,False,البلاد التونسية من الإصلاح إلى التحديث من القرن التاسع عشر إلى 1987,5,إضاءات حول تاريخ تونس في العصر الحديث
secondaire,1S,1ère année secondaire,السنة الأولى ثانوي,SPORT,Sport,رياضة,1ere-sport,HIST,Histoire,التاريخ,ar,False,البلاد التونسية من الإصلاح إلى التحديث من القرن التاسع عشر إلى 1987,6,الفكر الإصلاحي
secondaire,1S,1ère année secondaire,السنة الأولى ثانوي,SPORT,Sport,رياضة,1ere-sport,HIST,Histoire,التاريخ,ar,False,البلاد التونسية من الإصلاح إلى التحديث من القرن التاسع عشر إلى 1987,7,التجربة التونسية في مقاومة الاستعمار
secondaire,1S,1ère année secondaire,السنة الأولى ثانوي,SPORT,Sport,رياضة,1ere-sport,HIST,Histoire,التاريخ,ar,False,البلاد التونسية من الإصلاح إلى التحديث من القرن التاسع عشر إلى 1987,8,تعصير الدولة وتحديث المجتمع
secondaire,1S,1ère année secondaire,السنة الأولى ثانوي,SPORT,Sport,رياضة,1ere-sport,GEO,Géographie,الجغرافيا,ar,False,الإنسان يعمر الأرض,1,التوزع الجغرافي للسكان
secondaire,1S,1ère année secondaire,السنة الأولى ثانوي,SPORT,Sport,رياضة,1ere-sport,GEO,Géographie,الجغرافيا,ar,False,الإنسان يعمر الأرض,2,الحركة الديمغرافية للسكان
secondaire,1S,1ère année secondaire,السنة الأولى ثانوي,SPORT,Sport,رياضة,1ere-sport,GEO,Géographie,الجغرافيا,ar,False,الإنسان يعمر الأرض,3,الحركية المجالية للسكان
secondaire,1S,1ère année secondaire,السنة الأولى ثانوي,SPORT,Sport,رياضة,1ere-sport,GEO,Géographie,الجغرافيا,ar,False,الإنسان يعمر الأرض,4,الانفجار الحضري
secondaire,1S,1ère année secondaire,السنة الأولى ثانوي,SPORT,Sport,رياضة,1ere-sport,GEO,Géographie,الجغرافيا,ar,False,الإنسان يعمر الأرض,5,تركيبة المدينة : دراسة حالة : القاهرة
secondaire,1S,1ère année secondaire,السنة الأولى ثانوي,SPORT,Sport,رياضة,1ere-sport,GEO,Géographie,الجغرافيا,ar,False,الإنسان يستثمر الموارد الطبيعية,6,الموارد المائية
secondaire,1S,1ère année secondaire,السنة الأولى ثانوي,SPORT,Sport,رياضة,1ere-sport,GEO,Géographie,الجغرافيا,ar,False,الإنسان يستثمر الموارد الطبيعية,7,الموارد النفطية
secondaire,1S,1ère année secondaire,السنة الأولى ثانوي,SPORT,Sport,رياضة,1ere-sport,GEO,Géographie,الجغرافيا,ar,False,الإنسان والأوساط الطبيعية,8,الإنسان والوسط الطبيعي
secondaire,1S,1ère année secondaire,السنة الأولى ثانوي,SPORT,Sport,رياضة,1ere-sport,GEO,Géographie,الجغرافيا,ar,False,الإنسان والأوساط الطبيعية,9,من المخاطر إلى الكوارث : الزلازل والبراكين
secondaire,1S,1ère année secondaire,السنة الأولى ثانوي,SPORT,Sport,رياضة,1ere-sport,GEO,Géographie,الجغرافيا,ar,False,الإنسان والأوساط الطبيعية,10,من المخاطر إلى الكوارث : الفيضانات
secondaire,1S,1ère année secondaire,السنة الأولى ثانوي,SPORT,Sport,رياضة,1ere-sport,GEO,Géographie,الجغرافيا,ar,False,الإنسان والأوساط الطبيعية,11,تدهور الأوساط الطبيعية : مثال التصحر
secondaire,1S,1ère année secondaire,السنة الأولى ثانوي,SPORT,Sport,رياضة,1ere-sport,GEO,Géographie,الجغرافيا,ar,False,الإنسان والأوساط الطبيعية,12,تدهور الأوساط الطبيعية : مثال تدهور الغابة المتوسطية
secondaire,1S,1ère année secondaire,السنة الأولى ثانوي,SPORT,Sport,رياضة,1ere-sport,GEO,Géographie,الجغرافيا,ar,False,الإنسان والأوساط الطبيعية,13,تدهور الأوساط الطبيعية : تعرية السواحل
secondaire,1S,1ère année secondaire,السنة الأولى ثانوي,SPORT,Sport,رياضة,1ere-sport,ISLAM,Éducation islamique,التربية الإسلامية,ar,False,,1,الوحدة الأولى
secondaire,1S,1ère année secondaire,السنة الأولى ثانوي,SPORT,Sport,رياضة,1ere-sport,ISLAM,Éducation islamique,التربية الإسلامية,ar,False,,2,الوحدة الثانية
secondaire,1S,1ère année secondaire,السنة الأولى ثانوي,SPORT,Sport,رياضة,1ere-sport,ISLAM,Éducation islamique,التربية الإسلامية,ar,False,,3,أحاور الآخرين بالتي هي أحسن
secondaire,1S,1ère année secondaire,السنة الأولى ثانوي,SPORT,Sport,رياضة,1ere-sport,ISLAM,Éducation islamique,التربية الإسلامية,ar,False,,4,الوحدة الرابعة
secondaire,1S,1ère année secondaire,السنة الأولى ثانوي,SPORT,Sport,رياضة,1ere-sport,ISLAM,Éducation islamique,التربية الإسلامية,ar,False,,5,الوحدة الخامسة
secondaire,1S,1ère année secondaire,السنة الأولى ثانوي,SPORT,Sport,رياضة,1ere-sport,ISLAM,Éducation islamique,التربية الإسلامية,ar,False,,6,أتواصل مع الكون والطبيعة
secondaire,1S,1ère année secondaire,السنة الأولى ثانوي,SPORT,Sport,رياضة,1ere-sport,ISLAM,Éducation islamique,التربية الإسلامية,ar,False,,7,بالعمل نرقى
secondaire,1S,1ère année secondaire,السنة الأولى ثانوي,SPORT,Sport,رياضة,1ere-sport,CIVIQ,Éducation civique,التربية المدنية,ar,False,المواطن في محيطه الاجتماعي والسياسي ودوره في تنظيم الحكم,1,المواطن في محيطه الاجتماعي والسياسي
secondaire,1S,1ère année secondaire,السنة الأولى ثانوي,SPORT,Sport,رياضة,1ere-sport,CIVIQ,Éducation civique,التربية المدنية,ar,False,المواطن في محيطه الاجتماعي والسياسي ودوره في تنظيم الحكم,2,المواطن وتنظيم الحكم
secondaire,1S,1ère année secondaire,السنة الأولى ثانوي,SPORT,Sport,رياضة,1ere-sport,CIVIQ,Éducation civique,التربية المدنية,ar,False,المواطن والممارسة التعددية السياسية والثقافية,3,المواطن والممارسة التعددية
secondaire,1S,1ère année secondaire,السنة الأولى ثانوي,SPORT,Sport,رياضة,1ere-sport,CIVIQ,Éducation civique,التربية المدنية,ar,False,المواطن والممارسة التعددية السياسية والثقافية,4,الممارسة الثقافية ودورها في تنمية الوعي الاجتماعي
secondaire,1S,1ère année secondaire,السنة الأولى ثانوي,TC,Tronc commun,جذع مشترك,1ere-secondaire,ARAB,Arabe,العربية,ar,False,,1,الشعر الوطني
secondaire,1S,1ère année secondaire,السنة الأولى ثانوي,TC,Tronc commun,جذع مشترك,1ere-secondaire,ARAB,Arabe,العربية,ar,False,,2,الأقصوصة
secondaire,1S,1ère année secondaire,السنة الأولى ثانوي,TC,Tronc commun,جذع مشترك,1ere-secondaire,ARAB,Arabe,العربية,ar,False,,3,المسائل الحضارية
secondaire,1S,1ère année secondaire,السنة الأولى ثانوي,TC,Tronc commun,جذع مشترك,1ere-secondaire,ARAB,Arabe,العربية,ar,False,,4,الوحدة الأولى
secondaire,1S,1ère année secondaire,السنة الأولى ثانوي,TC,Tronc commun,جذع مشترك,1ere-secondaire,ARAB,Arabe,العربية,ar,False,,5,بين الهزل والجد
secondaire,1S,1ère année secondaire,السنة الأولى ثانوي,TC,Tronc commun,جذع مشترك,1ere-secondaire,ARAB,Arabe,العربية,ar,False,,6,الأقصوصة
secondaire,1S,1ère année secondaire,السنة الأولى ثانوي,TC,Tronc commun,جذع مشترك,1ere-secondaire,FRAN,Français,الفرنسية,fr,False,,1,Rencontres
secondaire,1S,1ère année secondaire,السنة الأولى ثانوي,TC,Tronc commun,جذع مشترك,1ere-secondaire,FRAN,Français,الفرنسية,fr,False,,2,Scènes de la vie en France
secondaire,1S,1ère année secondaire,السنة الأولى ثانوي,TC,Tronc commun,جذع مشترك,1ere-secondaire,FRAN,Français,الفرنسية,fr,False,,3,Jeunesse sans frontières
secondaire,1S,1ère année secondaire,السنة الأولى ثانوي,TC,Tronc commun,جذع مشترك,1ere-secondaire,FRAN,Français,الفرنسية,fr,False,,4,La société de consommation
secondaire,1S,1ère année secondaire,السنة الأولى ثانوي,TC,Tronc commun,جذع مشترك,1ere-secondaire,FRAN,Français,الفرنسية,fr,False,,5,Sauvons la planète Terre
secondaire,1S,1ère année secondaire,السنة الأولى ثانوي,TC,Tronc commun,جذع مشترك,1ere-secondaire,FRAN,Français,الفرنسية,fr,False,,6,Passions
secondaire,1S,1ère année secondaire,السنة الأولى ثانوي,TC,Tronc commun,جذع مشترك,1ere-secondaire,FRAN,Français,الفرنسية,fr,False,,7,Progrès et bonheur
secondaire,1S,1ère année secondaire,السنة الأولى ثانوي,TC,Tronc commun,جذع مشترك,1ere-secondaire,ANGL,Anglais,الإنجليزية,en,False,,1,Getting to know each other
secondaire,1S,1ère année secondaire,السنة الأولى ثانوي,TC,Tronc commun,جذع مشترك,1ere-secondaire,ANGL,Anglais,الإنجليزية,en,False,,2,We’ve made it to the top
secondaire,1S,1ère année secondaire,السنة الأولى ثانوي,TC,Tronc commun,جذع مشترك,1ere-secondaire,ANGL,Anglais,الإنجليزية,en,False,,3,Queen of soul
secondaire,1S,1ère année secondaire,السنة الأولى ثانوي,TC,Tronc commun,جذع مشترك,1ere-secondaire,ANGL,Anglais,الإنجليزية,en,False,,4,Everything to pay for
secondaire,1S,1ère année secondaire,السنة الأولى ثانوي,TC,Tronc commun,جذع مشترك,1ere-secondaire,ANGL,Anglais,الإنجليزية,en,False,,5,It’s all in the preparation
secondaire,1S,1ère année secondaire,السنة الأولى ثانوي,TC,Tronc commun,جذع مشترك,1ere-secondaire,ANGL,Anglais,الإنجليزية,en,False,,6,I still get pocket money
secondaire,1S,1ère année secondaire,السنة الأولى ثانوي,TC,Tronc commun,جذع مشترك,1ere-secondaire,ANGL,Anglais,الإنجليزية,en,False,,7,Are we all intelligent?
secondaire,1S,1ère année secondaire,السنة الأولى ثانوي,TC,Tronc commun,جذع مشترك,1ere-secondaire,ANGL,Anglais,الإنجليزية,en,False,,8,Who was the man?
secondaire,1S,1ère année secondaire,السنة الأولى ثانوي,TC,Tronc commun,جذع مشترك,1ere-secondaire,ANGL,Anglais,الإنجليزية,en,False,,9,Education
secondaire,1S,1ère année secondaire,السنة الأولى ثانوي,TC,Tronc commun,جذع مشترك,1ere-secondaire,ANGL,Anglais,الإنجليزية,en,False,,10,What’s your friendship style?
secondaire,1S,1ère année secondaire,السنة الأولى ثانوي,TC,Tronc commun,جذع مشترك,1ere-secondaire,ANGL,Anglais,الإنجليزية,en,False,,11,Love boat
secondaire,1S,1ère année secondaire,السنة الأولى ثانوي,TC,Tronc commun,جذع مشترك,1ere-secondaire,ANGL,Anglais,الإنجليزية,en,False,,12,A diary
secondaire,1S,1ère année secondaire,السنة الأولى ثانوي,TC,Tronc commun,جذع مشترك,1ere-secondaire,ANGL,Anglais,الإنجليزية,en,False,,13,Are neighbours necessary?
secondaire,1S,1ère année secondaire,السنة الأولى ثانوي,TC,Tronc commun,جذع مشترك,1ere-secondaire,ANGL,Anglais,الإنجليزية,en,False,,14,John Grisham
secondaire,1S,1ère année secondaire,السنة الأولى ثانوي,TC,Tronc commun,جذع مشترك,1ere-secondaire,ANGL,Anglais,الإنجليزية,en,False,,15,How to review your lessons
secondaire,1S,1ère année secondaire,السنة الأولى ثانوي,TC,Tronc commun,جذع مشترك,1ere-secondaire,ANGL,Anglais,الإنجليزية,en,False,,16,Tips to keep your blood healthy
secondaire,1S,1ère année secondaire,السنة الأولى ثانوي,TC,Tronc commun,جذع مشترك,1ere-secondaire,ANGL,Anglais,الإنجليزية,en,False,,17,Will you surf on the Internet?
secondaire,1S,1ère année secondaire,السنة الأولى ثانوي,TC,Tronc commun,جذع مشترك,1ere-secondaire,ANGL,Anglais,الإنجليزية,en,False,,18,A friend I could never forget
secondaire,1S,1ère année secondaire,السنة الأولى ثانوي,TC,Tronc commun,جذع مشترك,1ere-secondaire,ANGL,Anglais,الإنجليزية,en,False,,19,House and home
secondaire,1S,1ère année secondaire,السنة الأولى ثانوي,TC,Tronc commun,جذع مشترك,1ere-secondaire,ANGL,Anglais,الإنجليزية,en,False,,20,Languages
secondaire,1S,1ère année secondaire,السنة الأولى ثانوي,TC,Tronc commun,جذع مشترك,1ere-secondaire,ANGL,Anglais,الإنجليزية,en,False,,21,Family matters
secondaire,1S,1ère année secondaire,السنة الأولى ثانوي,TC,Tronc commun,جذع مشترك,1ere-secondaire,ANGL,Anglais,الإنجليزية,en,False,,22,Health matters
secondaire,1S,1ère année secondaire,السنة الأولى ثانوي,TC,Tronc commun,جذع مشترك,1ere-secondaire,ANGL,Anglais,الإنجليزية,en,False,,23,Job hunting
secondaire,1S,1ère année secondaire,السنة الأولى ثانوي,TC,Tronc commun,جذع مشترك,1ere-secondaire,ANGL,Anglais,الإنجليزية,en,False,,24,Human rights
secondaire,1S,1ère année secondaire,السنة الأولى ثانوي,TC,Tronc commun,جذع مشترك,1ere-secondaire,ANGL,Anglais,الإنجليزية,en,False,,25,Me and R’Kid
secondaire,1S,1ère année secondaire,السنة الأولى ثانوي,TC,Tronc commun,جذع مشترك,1ere-secondaire,ANGL,Anglais,الإنجليزية,en,False,,26,Would you like to be an au pair?
secondaire,1S,1ère année secondaire,السنة الأولى ثانوي,TC,Tronc commun,جذع مشترك,1ere-secondaire,ANGL,Anglais,الإنجليزية,en,False,,27,About teachers
secondaire,1S,1ère année secondaire,السنة الأولى ثانوي,TC,Tronc commun,جذع مشترك,1ere-secondaire,ANGL,Anglais,الإنجليزية,en,False,,28,A narrow escape
secondaire,1S,1ère année secondaire,السنة الأولى ثانوي,TC,Tronc commun,جذع مشترك,1ere-secondaire,ANGL,Anglais,الإنجليزية,en,False,,29,Can an animal save someone’s life?
secondaire,1S,1ère année secondaire,السنة الأولى ثانوي,TC,Tronc commun,جذع مشترك,1ere-secondaire,ANGL,Anglais,الإنجليزية,en,False,,30,Holidays and tourism
secondaire,1S,1ère année secondaire,السنة الأولى ثانوي,TC,Tronc commun,جذع مشترك,1ere-secondaire,ANGL,Anglais,الإنجليزية,en,False,,31,Talking about music
secondaire,1S,1ère année secondaire,السنة الأولى ثانوي,TC,Tronc commun,جذع مشترك,1ere-secondaire,ANGL,Anglais,الإنجليزية,en,False,,32,The Environment does matter
secondaire,1S,1ère année secondaire,السنة الأولى ثانوي,TC,Tronc commun,جذع مشترك,1ere-secondaire,ANGL,Anglais,الإنجليزية,en,False,,33,Social problems
secondaire,1S,1ère année secondaire,السنة الأولى ثانوي,TC,Tronc commun,جذع مشترك,1ere-secondaire,ANGL,Anglais,الإنجليزية,en,False,,34,Education matters
secondaire,1S,1ère année secondaire,السنة الأولى ثانوي,TC,Tronc commun,جذع مشترك,1ere-secondaire,MATH,Mathématiques,الرياضيات,fr,False,Travaux géométriques,1,Angles
secondaire,1S,1ère année secondaire,السنة الأولى ثانوي,TC,Tronc commun,جذع مشترك,1ere-secondaire,MATH,Mathématiques,الرياضيات,fr,False,Travaux géométriques,2,Théorème de Thalès et sa réciproque
secondaire,1S,1ère année secondaire,السنة الأولى ثانوي,TC,Tronc commun,جذع مشترك,1ere-secondaire,MATH,Mathématiques,الرياضيات,fr,False,Travaux géométriques,3,Rapports trigonométriques d'un angle aigu. Relations métriques dans un triangle rectangle
secondaire,1S,1ère année secondaire,السنة الأولى ثانوي,TC,Tronc commun,جذع مشترك,1ere-secondaire,MATH,Mathématiques,الرياضيات,fr,False,Travaux géométriques,4,Vecteurs et translations
secondaire,1S,1ère année secondaire,السنة الأولى ثانوي,TC,Tronc commun,جذع مشترك,1ere-secondaire,MATH,Mathématiques,الرياضيات,fr,False,Travaux géométriques,5,Somme de deux vecteurs - Vecteurs colinéaires
secondaire,1S,1ère année secondaire,السنة الأولى ثانوي,TC,Tronc commun,جذع مشترك,1ere-secondaire,MATH,Mathématiques,الرياضيات,fr,False,Travaux géométriques,6,Activités dans un repère
secondaire,1S,1ère année secondaire,السنة الأولى ثانوي,TC,Tronc commun,جذع مشترك,1ere-secondaire,MATH,Mathématiques,الرياضيات,fr,False,Travaux géométriques,7,Quart de tour
secondaire,1S,1ère année secondaire,السنة الأولى ثانوي,TC,Tronc commun,جذع مشترك,1ere-secondaire,MATH,Mathématiques,الرياضيات,fr,False,Travaux géométriques,8,Sections planes d'un solide
secondaire,1S,1ère année secondaire,السنة الأولى ثانوي,TC,Tronc commun,جذع مشترك,1ere-secondaire,MATH,Mathématiques,الرياضيات,fr,False,Travaux numériques,9,Activités numériques I
secondaire,1S,1ère année secondaire,السنة الأولى ثانوي,TC,Tronc commun,جذع مشترك,1ere-secondaire,MATH,Mathématiques,الرياضيات,fr,False,Travaux numériques,10,Activités numériques II
secondaire,1S,1ère année secondaire,السنة الأولى ثانوي,TC,Tronc commun,جذع مشترك,1ere-secondaire,MATH,Mathématiques,الرياضيات,fr,False,Travaux numériques,11,Activités algébriques
secondaire,1S,1ère année secondaire,السنة الأولى ثانوي,TC,Tronc commun,جذع مشترك,1ere-secondaire,MATH,Mathématiques,الرياضيات,fr,False,Travaux numériques,12,Fonctions linéaires
secondaire,1S,1ère année secondaire,السنة الأولى ثانوي,TC,Tronc commun,جذع مشترك,1ere-secondaire,MATH,Mathématiques,الرياضيات,fr,False,Travaux numériques,13,Equations et inéquations du premier degré à une inconnue
secondaire,1S,1ère année secondaire,السنة الأولى ثانوي,TC,Tronc commun,جذع مشترك,1ere-secondaire,MATH,Mathématiques,الرياضيات,fr,False,Travaux numériques,14,Fonctions affines
secondaire,1S,1ère année secondaire,السنة الأولى ثانوي,TC,Tronc commun,جذع مشترك,1ere-secondaire,MATH,Mathématiques,الرياضيات,fr,False,Travaux numériques,15,Systèmes de deux équations à deux inconnues
secondaire,1S,1ère année secondaire,السنة الأولى ثانوي,TC,Tronc commun,جذع مشترك,1ere-secondaire,MATH,Mathématiques,الرياضيات,fr,False,Travaux numériques,16,Exploitation de l'information
secondaire,1S,1ère année secondaire,السنة الأولى ثانوي,TC,Tronc commun,جذع مشترك,1ere-secondaire,PHYS,Sciences physiques,العلوم الفيزيائية,fr,False,Physique > L’Electricité,1,Le phénomène d’électrisation
secondaire,1S,1ère année secondaire,السنة الأولى ثانوي,TC,Tronc commun,جذع مشترك,1ere-secondaire,PHYS,Sciences physiques,العلوم الفيزيائية,fr,False,Physique > L’Electricité,2,Le circuit électrique
secondaire,1S,1ère année secondaire,السنة الأولى ثانوي,TC,Tronc commun,جذع مشترك,1ere-secondaire,PHYS,Sciences physiques,العلوم الفيزيائية,fr,False,Physique > L’Electricité,3,L’intensité du courant électrique
secondaire,1S,1ère année secondaire,السنة الأولى ثانوي,TC,Tronc commun,جذع مشترك,1ere-secondaire,PHYS,Sciences physiques,العلوم الفيزيائية,fr,False,Physique > L’Electricité,4,La tension électrique
secondaire,1S,1ère année secondaire,السنة الأولى ثانوي,TC,Tronc commun,جذع مشترك,1ere-secondaire,PHYS,Sciences physiques,العلوم الفيزيائية,fr,False,Physique > L’Electricité,5,Le dipôle résistor
secondaire,1S,1ère année secondaire,السنة الأولى ثانوي,TC,Tronc commun,جذع مشترك,1ere-secondaire,PHYS,Sciences physiques,العلوم الفيزيائية,fr,False,Physique > La Matière,6,Les états physiques de la matière
secondaire,1S,1ère année secondaire,السنة الأولى ثانوي,TC,Tronc commun,جذع مشترك,1ere-secondaire,PHYS,Sciences physiques,العلوم الفيزيائية,fr,False,Physique > La Matière,7,Quelques propriétés de la matière
secondaire,1S,1ère année secondaire,السنة الأولى ثانوي,TC,Tronc commun,جذع مشترك,1ere-secondaire,PHYS,Sciences physiques,العلوم الفيزيائية,fr,False,Physique > La Matière,8,La masse
secondaire,1S,1ère année secondaire,السنة الأولى ثانوي,TC,Tronc commun,جذع مشترك,1ere-secondaire,PHYS,Sciences physiques,العلوم الفيزيائية,fr,False,Physique > La Matière,9,Les changements d’état physique d’un corps pur
secondaire,1S,1ère année secondaire,السنة الأولى ثانوي,TC,Tronc commun,جذع مشترك,1ere-secondaire,PHYS,Sciences physiques,العلوم الفيزيائية,fr,False,Physique > La Mécanique,10,Le mouvement
secondaire,1S,1ère année secondaire,السنة الأولى ثانوي,TC,Tronc commun,جذع مشترك,1ere-secondaire,PHYS,Sciences physiques,العلوم الفيزيائية,fr,False,Physique > La Mécanique,11,Les actions mécaniques
secondaire,1S,1ère année secondaire,السنة الأولى ثانوي,TC,Tronc commun,جذع مشترك,1ere-secondaire,PHYS,Sciences physiques,العلوم الفيزيائية,fr,False,Physique > La Mécanique,12,Forces et équilibre
secondaire,1S,1ère année secondaire,السنة الأولى ثانوي,TC,Tronc commun,جذع مشترك,1ere-secondaire,PHYS,Sciences physiques,العلوم الفيزيائية,fr,False,Physique > La Mécanique,13,Forces et pression
secondaire,1S,1ère année secondaire,السنة الأولى ثانوي,TC,Tronc commun,جذع مشترك,1ere-secondaire,PHYS,Sciences physiques,العلوم الفيزيائية,fr,False,Physique > L’Energie,14,Energie et contrôle
secondaire,1S,1ère année secondaire,السنة الأولى ثانوي,TC,Tronc commun,جذع مشترك,1ere-secondaire,PHYS,Sciences physiques,العلوم الفيزيائية,fr,False,Physique > L’Astronomie,15,La Terre et l’univers
secondaire,1S,1ère année secondaire,السنة الأولى ثانوي,TC,Tronc commun,جذع مشترك,1ere-secondaire,PHYS,Sciences physiques,العلوم الفيزيائية,fr,False,Physique > L’Optique,16,La lumière et sa propagation
secondaire,1S,1ère année secondaire,السنة الأولى ثانوي,TC,Tronc commun,جذع مشترك,1ere-secondaire,PHYS,Sciences physiques,العلوم الفيزيائية,fr,False,Physique > L’Optique,17,Spectre de lumière et vision
secondaire,1S,1ère année secondaire,السنة الأولى ثانوي,TC,Tronc commun,جذع مشترك,1ere-secondaire,PHYS,Sciences physiques,العلوم الفيزيائية,fr,False,Chimie > La Matière,18,Constitution de la matière
secondaire,1S,1ère année secondaire,السنة الأولى ثانوي,TC,Tronc commun,جذع مشترك,1ere-secondaire,PHYS,Sciences physiques,العلوم الفيزيائية,fr,False,Chimie > La Matière,19,Structure de la matière (à l’échelle microscopique)
secondaire,1S,1ère année secondaire,السنة الأولى ثانوي,TC,Tronc commun,جذع مشترك,1ere-secondaire,PHYS,Sciences physiques,العلوم الفيزيائية,fr,False,Chimie > La Matière,20,Structure de la matière (à l’échelle macroscopique)
secondaire,1S,1ère année secondaire,السنة الأولى ثانوي,TC,Tronc commun,جذع مشترك,1ere-secondaire,PHYS,Sciences physiques,العلوم الفيزيائية,fr,False,Chimie > Les Solutions,21,La dissolution
secondaire,1S,1ère année secondaire,السنة الأولى ثانوي,TC,Tronc commun,جذع مشترك,1ere-secondaire,PHYS,Sciences physiques,العلوم الفيزيائية,fr,False,Chimie > Les Solutions,22,Concentration d’une solution - Solubilité
secondaire,1S,1ère année secondaire,السنة الأولى ثانوي,TC,Tronc commun,جذع مشترك,1ere-secondaire,PHYS,Sciences physiques,العلوم الفيزيائية,fr,False,Chimie > Réaction chimique,23,Notion de réaction chimique
secondaire,1S,1ère année secondaire,السنة الأولى ثانوي,TC,Tronc commun,جذع مشترك,1ere-secondaire,PHYS,Sciences physiques,العلوم الفيزيائية,fr,False,Chimie > Réaction chimique,24,Etude qualitative d’une réaction chimique
secondaire,1S,1ère année secondaire,السنة الأولى ثانوي,TC,Tronc commun,جذع مشترك,1ere-secondaire,PHYS,Sciences physiques,العلوم الفيزيائية,fr,False,Chimie > Réaction chimique,25,Etude quantitative d’une réaction chimique
secondaire,1S,1ère année secondaire,السنة الأولى ثانوي,TC,Tronc commun,جذع مشترك,1ere-secondaire,PHYS,Sciences physiques,العلوم الفيزيائية,fr,False,Chimie > Chimie organique,26,Les hydrocarbures
secondaire,1S,1ère année secondaire,السنة الأولى ثانوي,TC,Tronc commun,جذع مشترك,1ere-secondaire,SVT,Sciences de la vie et de la terre,علوم الحياة والأرض,fr,False,Amélioration de la production végétale,1,La nutrition minérale des plantes vertes
secondaire,1S,1ère année secondaire,السنة الأولى ثانوي,TC,Tronc commun,جذع مشترك,1ere-secondaire,SVT,Sciences de la vie et de la terre,علوم الحياة والأرض,fr,False,Amélioration de la production végétale,2,La nutrition carbonée des plantes vertes
secondaire,1S,1ère année secondaire,السنة الأولى ثانوي,TC,Tronc commun,جذع مشترك,1ere-secondaire,SVT,Sciences de la vie et de la terre,علوم الحياة والأرض,fr,False,Amélioration de la production végétale,3,La multiplication végétative
secondaire,1S,1ère année secondaire,السنة الأولى ثانوي,TC,Tronc commun,جذع مشترك,1ere-secondaire,SVT,Sciences de la vie et de la terre,علوم الحياة والأرض,fr,False,Microbes et santé,4,La diversité du monde microbien
secondaire,1S,1ère année secondaire,السنة الأولى ثانوي,TC,Tronc commun,جذع مشترك,1ere-secondaire,SVT,Sciences de la vie et de la terre,علوم الحياة والأرض,fr,False,Microbes et santé,5,Les agents pathogènes et les maladies infectieuses
secondaire,1S,1ère année secondaire,السنة الأولى ثانوي,TC,Tronc commun,جذع مشترك,1ere-secondaire,SVT,Sciences de la vie et de la terre,علوم الحياة والأرض,fr,False,Microbes et santé,6,La défense de l’organisme
secondaire,1S,1ère année secondaire,السنة الأولى ثانوي,TC,Tronc commun,جذع مشترك,1ere-secondaire,SVT,Sciences de la vie et de la terre,علوم الحياة والأرض,fr,False,Découverte et gestion de notre environnement géologique,7,Etude d’un site géologique local
secondaire,1S,1ère année secondaire,السنة الأولى ثانوي,TC,Tronc commun,جذع مشترك,1ere-secondaire,SVT,Sciences de la vie et de la terre,علوم الحياة والأرض,fr,False,Découverte et gestion de notre environnement géologique,8,Exploitation et gestion d’une roche à intérêt économique : le phosphate
secondaire,1S,1ère année secondaire,السنة الأولى ثانوي,TC,Tronc commun,جذع مشترك,1ere-secondaire,TECHNO,Technologie,التكنولوجيا,fr,False,Analyse fonctionnelle,1,Analyse fonctionnelle d’un système technique
secondaire,1S,1ère année secondaire,السنة الأولى ثانوي,TC,Tronc commun,جذع مشترك,1ere-secondaire,TECHNO,Technologie,التكنولوجيا,fr,False,Analyse structurelle et conception,2,Lecture d’un dessin d’ensemble
secondaire,1S,1ère année secondaire,السنة الأولى ثانوي,TC,Tronc commun,جذع مشترك,1ere-secondaire,TECHNO,Technologie,التكنولوجيا,fr,False,Analyse structurelle et conception,3,Graphe de montage et graphe de démontage
secondaire,1S,1ère année secondaire,السنة الأولى ثانوي,TC,Tronc commun,جذع مشترك,1ere-secondaire,TECHNO,Technologie,التكنولوجيا,fr,False,Analyse structurelle et conception,4,Dessin de définition
secondaire,1S,1ère année secondaire,السنة الأولى ثانوي,TC,Tronc commun,جذع مشترك,1ere-secondaire,TECHNO,Technologie,التكنولوجيا,fr,False,Analyse structurelle et conception,5,Dessin assisté par ordinateur (DAO)
secondaire,1S,1ère année secondaire,السنة الأولى ثانوي,TC,Tronc commun,جذع مشترك,1ere-secondaire,TECHNO,Technologie,التكنولوجيا,fr,False,Analyse structurelle et conception,6,Liaisons mécaniques
secondaire,1S,1ère année secondaire,السنة الأولى ثانوي,TC,Tronc commun,جذع مشترك,1ere-secondaire,TECHNO,Technologie,التكنولوجيا,fr,False,Analyse structurelle et conception,7,Systèmes combinatoires
secondaire,1S,1ère année secondaire,السنة الأولى ثانوي,TC,Tronc commun,جذع مشترك,1ere-secondaire,TECHNO,Technologie,التكنولوجيا,fr,False,Analyse structurelle et conception,8,Transmission de puissance
secondaire,1S,1ère année secondaire,السنة الأولى ثانوي,TC,Tronc commun,جذع مشترك,1ere-secondaire,TECHNO,Technologie,التكنولوجيا,fr,False,Les matériaux utilisés,9,Matériaux utilisés
secondaire,1S,1ère année secondaire,السنة الأولى ثانوي,TC,Tronc commun,جذع مشترك,1ere-secondaire,TECHNO,Technologie,التكنولوجيا,fr,False,Les énergies mises en œuvre,10,Énergies renouvelables
secondaire,1S,1ère année secondaire,السنة الأولى ثانوي,TC,Tronc commun,جذع مشترك,1ere-secondaire,TECHNO,Technologie,التكنولوجيا,fr,False,Les énergies mises en œuvre,11,Convertisseurs statiques d’énergie électrique
secondaire,1S,1ère année secondaire,السنة الأولى ثانوي,TC,Tronc commun,جذع مشترك,1ere-secondaire,TECHNO,Technologie,التكنولوجيا,fr,False,Réalisation et production,12,Projet 1 : Robot suiveur de ligne et éviteur d’obstacles
secondaire,1S,1ère année secondaire,السنة الأولى ثانوي,TC,Tronc commun,جذع مشترك,1ere-secondaire,TECHNO,Technologie,التكنولوجيا,fr,False,Réalisation et production,13,Projet 2 : Lampe connectée
secondaire,1S,1ère année secondaire,السنة الأولى ثانوي,TC,Tronc commun,جذع مشترك,1ere-secondaire,HIST,Histoire,التاريخ,ar,False,قرطاج قطب حضاري في المتوسط: من القرن الخامس ق.م. إلى القرن الخامس الميلادي,1,قرطاج البونية وإشعاعها في المتوسط
secondaire,1S,1ère année secondaire,السنة الأولى ثانوي,TC,Tronc commun,جذع مشترك,1ere-secondaire,HIST,Histoire,التاريخ,ar,False,قرطاج قطب حضاري في المتوسط: من القرن الخامس ق.م. إلى القرن الخامس الميلادي,2,قرطاج وإسهاماتها في الحضارة الرومانية
secondaire,1S,1ère année secondaire,السنة الأولى ثانوي,TC,Tronc commun,جذع مشترك,1ere-secondaire,HIST,Histoire,التاريخ,ar,False,القيروان وتونس مركزا إشعاع الحضارة العربية الإسلامية في الغرب الإسلامي من 670 م إلى نهاية القرن الرابع عشر ميلادي,3,القيروان ودورها في نشر الحضارة العربية الإسلامية
secondaire,1S,1ère année secondaire,السنة الأولى ثانوي,TC,Tronc commun,جذع مشترك,1ere-secondaire,HIST,Histoire,التاريخ,ar,False,القيروان وتونس مركزا إشعاع الحضارة العربية الإسلامية في الغرب الإسلامي من 670 م إلى نهاية القرن الرابع عشر ميلادي,4,تونس في العهد الحفصي مركز إشعاع ثقافي
secondaire,1S,1ère année secondaire,السنة الأولى ثانوي,TC,Tronc commun,جذع مشترك,1ere-secondaire,HIST,Histoire,التاريخ,ar,False,البلاد التونسية من الإصلاح إلى التحديث من القرن التاسع عشر إلى 1987,5,إضاءات حول تاريخ تونس في العصر الحديث
secondaire,1S,1ère année secondaire,السنة الأولى ثانوي,TC,Tronc commun,جذع مشترك,1ere-secondaire,HIST,Histoire,التاريخ,ar,False,البلاد التونسية من الإصلاح إلى التحديث من القرن التاسع عشر إلى 1987,6,الفكر الإصلاحي
secondaire,1S,1ère année secondaire,السنة الأولى ثانوي,TC,Tronc commun,جذع مشترك,1ere-secondaire,HIST,Histoire,التاريخ,ar,False,البلاد التونسية من الإصلاح إلى التحديث من القرن التاسع عشر إلى 1987,7,التجربة التونسية في مقاومة الاستعمار
secondaire,1S,1ère année secondaire,السنة الأولى ثانوي,TC,Tronc commun,جذع مشترك,1ere-secondaire,HIST,Histoire,التاريخ,ar,False,البلاد التونسية من الإصلاح إلى التحديث من القرن التاسع عشر إلى 1987,8,تعصير الدولة وتحديث المجتمع
secondaire,1S,1ère année secondaire,السنة الأولى ثانوي,TC,Tronc commun,جذع مشترك,1ere-secondaire,GEO,Géographie,الجغرافيا,ar,False,الإنسان يعمر الأرض,1,التوزع الجغرافي للسكان
secondaire,1S,1ère année secondaire,السنة الأولى ثانوي,TC,Tronc commun,جذع مشترك,1ere-secondaire,GEO,Géographie,الجغرافيا,ar,False,الإنسان يعمر الأرض,2,الحركة الديمغرافية للسكان
secondaire,1S,1ère année secondaire,السنة الأولى ثانوي,TC,Tronc commun,جذع مشترك,1ere-secondaire,GEO,Géographie,الجغرافيا,ar,False,الإنسان يعمر الأرض,3,الحركية المجالية للسكان
secondaire,1S,1ère année secondaire,السنة الأولى ثانوي,TC,Tronc commun,جذع مشترك,1ere-secondaire,GEO,Géographie,الجغرافيا,ar,False,الإنسان يعمر الأرض,4,الانفجار الحضري
secondaire,1S,1ère année secondaire,السنة الأولى ثانوي,TC,Tronc commun,جذع مشترك,1ere-secondaire,GEO,Géographie,الجغرافيا,ar,False,الإنسان يعمر الأرض,5,تركيبة المدينة : دراسة حالة : القاهرة
secondaire,1S,1ère année secondaire,السنة الأولى ثانوي,TC,Tronc commun,جذع مشترك,1ere-secondaire,GEO,Géographie,الجغرافيا,ar,False,الإنسان يستثمر الموارد الطبيعية,6,الموارد المائية
secondaire,1S,1ère année secondaire,السنة الأولى ثانوي,TC,Tronc commun,جذع مشترك,1ere-secondaire,GEO,Géographie,الجغرافيا,ar,False,الإنسان يستثمر الموارد الطبيعية,7,الموارد النفطية
secondaire,1S,1ère année secondaire,السنة الأولى ثانوي,TC,Tronc commun,جذع مشترك,1ere-secondaire,GEO,Géographie,الجغرافيا,ar,False,الإنسان والأوساط الطبيعية,8,الإنسان والوسط الطبيعي
secondaire,1S,1ère année secondaire,السنة الأولى ثانوي,TC,Tronc commun,جذع مشترك,1ere-secondaire,GEO,Géographie,الجغرافيا,ar,False,الإنسان والأوساط الطبيعية,9,من المخاطر إلى الكوارث : الزلازل والبراكين
secondaire,1S,1ère année secondaire,السنة الأولى ثانوي,TC,Tronc commun,جذع مشترك,1ere-secondaire,GEO,Géographie,الجغرافيا,ar,False,الإنسان والأوساط الطبيعية,10,من المخاطر إلى الكوارث : الفيضانات
secondaire,1S,1ère année secondaire,السنة الأولى ثانوي,TC,Tronc commun,جذع مشترك,1ere-secondaire,GEO,Géographie,الجغرافيا,ar,False,الإنسان والأوساط الطبيعية,11,تدهور الأوساط الطبيعية : مثال التصحر
secondaire,1S,1ère année secondaire,السنة الأولى ثانوي,TC,Tronc commun,جذع مشترك,1ere-secondaire,GEO,Géographie,الجغرافيا,ar,False,الإنسان والأوساط الطبيعية,12,تدهور الأوساط الطبيعية : مثال تدهور الغابة المتوسطية
secondaire,1S,1ère année secondaire,السنة الأولى ثانوي,TC,Tronc commun,جذع مشترك,1ere-secondaire,GEO,Géographie,الجغرافيا,ar,False,الإنسان والأوساط الطبيعية,13,تدهور الأوساط الطبيعية : تعرية السواحل
secondaire,1S,1ère année secondaire,السنة الأولى ثانوي,TC,Tronc commun,جذع مشترك,1ere-secondaire,ISLAM,Éducation islamique,التربية الإسلامية,ar,False,,1,الوحدة الأولى
secondaire,1S,1ère année secondaire,السنة الأولى ثانوي,TC,Tronc commun,جذع مشترك,1ere-secondaire,ISLAM,Éducation islamique,التربية الإسلامية,ar,False,,2,الوحدة الثانية
secondaire,1S,1ère année secondaire,السنة الأولى ثانوي,TC,Tronc commun,جذع مشترك,1ere-secondaire,ISLAM,Éducation islamique,التربية الإسلامية,ar,False,,3,أحاور الآخرين بالتي هي أحسن
secondaire,1S,1ère année secondaire,السنة الأولى ثانوي,TC,Tronc commun,جذع مشترك,1ere-secondaire,ISLAM,Éducation islamique,التربية الإسلامية,ar,False,,4,الوحدة الرابعة
secondaire,1S,1ère année secondaire,السنة الأولى ثانوي,TC,Tronc commun,جذع مشترك,1ere-secondaire,ISLAM,Éducation islamique,التربية الإسلامية,ar,False,,5,الوحدة الخامسة
secondaire,1S,1ère année secondaire,السنة الأولى ثانوي,TC,Tronc commun,جذع مشترك,1ere-secondaire,ISLAM,Éducation islamique,التربية الإسلامية,ar,False,,6,أتواصل مع الكون والطبيعة
secondaire,1S,1ère année secondaire,السنة الأولى ثانوي,TC,Tronc commun,جذع مشترك,1ere-secondaire,ISLAM,Éducation islamique,التربية الإسلامية,ar,False,,7,بالعمل نرقى
secondaire,1S,1ère année secondaire,السنة الأولى ثانوي,TC,Tronc commun,جذع مشترك,1ere-secondaire,CIVIQ,Éducation civique,التربية المدنية,ar,False,المواطن في محيطه الاجتماعي والسياسي ودوره في تنظيم الحكم,1,المواطن في محيطه الاجتماعي والسياسي
secondaire,1S,1ère année secondaire,السنة الأولى ثانوي,TC,Tronc commun,جذع مشترك,1ere-secondaire,CIVIQ,Éducation civique,التربية المدنية,ar,False,المواطن في محيطه الاجتماعي والسياسي ودوره في تنظيم الحكم,2,المواطن وتنظيم الحكم
secondaire,1S,1ère année secondaire,السنة الأولى ثانوي,TC,Tronc commun,جذع مشترك,1ere-secondaire,CIVIQ,Éducation civique,التربية المدنية,ar,False,المواطن والممارسة التعددية السياسية والثقافية,3,المواطن والممارسة التعددية
secondaire,1S,1ère année secondaire,السنة الأولى ثانوي,TC,Tronc commun,جذع مشترك,1ere-secondaire,CIVIQ,Éducation civique,التربية المدنية,ar,False,المواطن والممارسة التعددية السياسية والثقافية,4,الممارسة الثقافية ودورها في تنمية الوعي الاجتماعي
secondaire,2S,2ème année secondaire,السنة الثانية ثانوي,ECOSERV,Économie et services,اقتصاد وخدمات,2eme-economie-services,ARAB,Arabe,العربية,ar,False,,1,الشعر الجاهلي
secondaire,2S,2ème année secondaire,السنة الثانية ثانوي,ECOSERV,Économie et services,اقتصاد وخدمات,2eme-economie-services,ARAB,Arabe,العربية,ar,False,,2,التجديد في الشعر العربي في القرن الثاني للهجرة
secondaire,2S,2ème année secondaire,السنة الثانية ثانوي,ECOSERV,Économie et services,اقتصاد وخدمات,2eme-economie-services,ARAB,Arabe,العربية,ar,False,,3,النادرة
secondaire,2S,2ème année secondaire,السنة الثانية ثانوي,ECOSERV,Économie et services,اقتصاد وخدمات,2eme-economie-services,ARAB,Arabe,العربية,ar,False,,4,المسائل الحضارية
secondaire,2S,2ème année secondaire,السنة الثانية ثانوي,ECOSERV,Économie et services,اقتصاد وخدمات,2eme-economie-services,ARAB,Arabe,العربية,ar,False,,5,المحور الخامس (لمسلك الآداب)
secondaire,2S,2ème année secondaire,السنة الثانية ثانوي,ECOSERV,Économie et services,اقتصاد وخدمات,2eme-economie-services,ARAB,Arabe,العربية,ar,False,,6,المحور الخامس (لمسالك العلوم / تكنولوجيا الإعلاميّة / الاقتصاد والخدمات)
secondaire,2S,2ème année secondaire,السنة الثانية ثانوي,ECOSERV,Économie et services,اقتصاد وخدمات,2eme-economie-services,ARAB,Arabe,العربية,ar,False,,7,التواصل
secondaire,2S,2ème année secondaire,السنة الثانية ثانوي,ECOSERV,Économie et services,اقتصاد وخدمات,2eme-economie-services,ARAB,Arabe,العربية,ar,False,,8,دلالات الصيغ الصرفيّة
secondaire,2S,2ème année secondaire,السنة الثانية ثانوي,ECOSERV,Économie et services,اقتصاد وخدمات,2eme-economie-services,FRAN,Français,الفرنسية,fr,False,,1,Pages d’amour
secondaire,2S,2ème année secondaire,السنة الثانية ثانوي,ECOSERV,Économie et services,اقتصاد وخدمات,2eme-economie-services,FRAN,Français,الفرنسية,fr,False,,2,"Toi, mon semblable"
secondaire,2S,2ème année secondaire,السنة الثانية ثانوي,ECOSERV,Économie et services,اقتصاد وخدمات,2eme-economie-services,FRAN,Français,الفرنسية,fr,False,,3,Femme et société
secondaire,2S,2ème année secondaire,السنة الثانية ثانوي,ECOSERV,Économie et services,اقتصاد وخدمات,2eme-economie-services,FRAN,Français,الفرنسية,fr,False,,4,Travail et bien-être
secondaire,2S,2ème année secondaire,السنة الثانية ثانوي,ECOSERV,Économie et services,اقتصاد وخدمات,2eme-economie-services,FRAN,Français,الفرنسية,fr,False,,5,"Images d’ici, images d’ailleurs"
secondaire,2S,2ème année secondaire,السنة الثانية ثانوي,ECOSERV,Économie et services,اقتصاد وخدمات,2eme-economie-services,ANGL,Anglais,الإنجليزية,en,False,,1,Family life
secondaire,2S,2ème année secondaire,السنة الثانية ثانوي,ECOSERV,Économie et services,اقتصاد وخدمات,2eme-economie-services,ANGL,Anglais,الإنجليزية,en,False,,2,Communicating with others
secondaire,2S,2ème année secondaire,السنة الثانية ثانوي,ECOSERV,Économie et services,اقتصاد وخدمات,2eme-economie-services,ANGL,Anglais,الإنجليزية,en,False,,3,Social life
secondaire,2S,2ème année secondaire,السنة الثانية ثانوي,ECOSERV,Économie et services,اقتصاد وخدمات,2eme-economie-services,ANGL,Anglais,الإنجليزية,en,False,,4,Social Problems
secondaire,2S,2ème année secondaire,السنة الثانية ثانوي,ECOSERV,Économie et services,اقتصاد وخدمات,2eme-economie-services,ANGL,Anglais,الإنجليزية,en,False,,5,Rights and Duties
secondaire,2S,2ème année secondaire,السنة الثانية ثانوي,ECOSERV,Économie et services,اقتصاد وخدمات,2eme-economie-services,ANGL,Anglais,الإنجليزية,en,False,,6,Education
secondaire,2S,2ème année secondaire,السنة الثانية ثانوي,ECOSERV,Économie et services,اقتصاد وخدمات,2eme-economie-services,ANGL,Anglais,الإنجليزية,en,False,,7,Professional Life
secondaire,2S,2ème année secondaire,السنة الثانية ثانوي,ECOSERV,Économie et services,اقتصاد وخدمات,2eme-economie-services,ANGL,Anglais,الإنجليزية,en,False,,8,Media and Arts
secondaire,2S,2ème année secondaire,السنة الثانية ثانوي,ECOSERV,Économie et services,اقتصاد وخدمات,2eme-economie-services,ANGL,Anglais,الإنجليزية,en,False,,9,Science and Technology
secondaire,2S,2ème année secondaire,السنة الثانية ثانوي,ECOSERV,Économie et services,اقتصاد وخدمات,2eme-economie-services,ANGL,Anglais,الإنجليزية,en,False,,10,Ecology
secondaire,2S,2ème année secondaire,السنة الثانية ثانوي,ECOSERV,Économie et services,اقتصاد وخدمات,2eme-economie-services,GEST,Gestion,التصرف,ar,False,,1,Introduction à la gestion
secondaire,2S,2ème année secondaire,السنة الثانية ثانوي,ECOSERV,Économie et services,اقتصاد وخدمات,2eme-economie-services,GEST,Gestion,التصرف,ar,False,,2,L’entreprise centre de décisions
secondaire,2S,2ème année secondaire,السنة الثانية ثانوي,ECOSERV,Économie et services,اقتصاد وخدمات,2eme-economie-services,GEST,Gestion,التصرف,ar,False,,3,Les décisions d’achat
secondaire,2S,2ème année secondaire,السنة الثانية ثانوي,ECOSERV,Économie et services,اقتصاد وخدمات,2eme-economie-services,GEST,Gestion,التصرف,ar,False,,4,Les décisions de production
secondaire,2S,2ème année secondaire,السنة الثانية ثانوي,ECOSERV,Économie et services,اقتصاد وخدمات,2eme-economie-services,GEST,Gestion,التصرف,ar,False,,5,Les décisions liées au personnel de l’entreprise
secondaire,2S,2ème année secondaire,السنة الثانية ثانوي,ECOSERV,Économie et services,اقتصاد وخدمات,2eme-economie-services,GEST,Gestion,التصرف,ar,False,,6,Les décisions de ventes
secondaire,2S,2ème année secondaire,السنة الثانية ثانوي,ECOSERV,Économie et services,اقتصاد وخدمات,2eme-economie-services,GEST,Gestion,التصرف,ar,False,,7,Les décisions d’investissement et de financement
secondaire,2S,2ème année secondaire,السنة الثانية ثانوي,ECOSERV,Économie et services,اقتصاد وخدمات,2eme-economie-services,MATH,Mathématiques,الرياضيات,fr,False,,1,Les pourcentages
secondaire,2S,2ème année secondaire,السنة الثانية ثانوي,ECOSERV,Économie et services,اقتصاد وخدمات,2eme-economie-services,MATH,Mathématiques,الرياضيات,fr,False,,2,Proportion
secondaire,2S,2ème année secondaire,السنة الثانية ثانوي,ECOSERV,Économie et services,اقتصاد وخدمات,2eme-economie-services,MATH,Mathématiques,الرياضيات,fr,False,,3,Suites arithmétiques - Suites géométriques
secondaire,2S,2ème année secondaire,السنة الثانية ثانوي,ECOSERV,Économie et services,اقتصاد وخدمات,2eme-economie-services,MATH,Mathématiques,الرياضيات,fr,False,,4,Statistiques et dénombrement
secondaire,2S,2ème année secondaire,السنة الثانية ثانوي,ECOSERV,Économie et services,اقتصاد وخدمات,2eme-economie-services,MATH,Mathématiques,الرياضيات,fr,False,,5,Problèmes du premier degré à une inconnue
secondaire,2S,2ème année secondaire,السنة الثانية ثانوي,ECOSERV,Économie et services,اقتصاد وخدمات,2eme-economie-services,MATH,Mathématiques,الرياضيات,fr,False,,6,Problèmes du premier degré à deux ou trois inconnues
secondaire,2S,2ème année secondaire,السنة الثانية ثانوي,ECOSERV,Économie et services,اقتصاد وخدمات,2eme-economie-services,MATH,Mathématiques,الرياضيات,fr,False,,7,Problèmes du second degré
secondaire,2S,2ème année secondaire,السنة الثانية ثانوي,ECOSERV,Économie et services,اقتصاد وخدمات,2eme-economie-services,MATH,Mathématiques,الرياضيات,fr,False,,8,Exemples de fonctions de référence
secondaire,2S,2ème année secondaire,السنة الثانية ثانوي,ECOSERV,Économie et services,اقتصاد وخدمات,2eme-economie-services,HIST,Histoire,التاريخ,ar,False,,1,الحضارات القديمة في الشرق والعالم المتوسطي
secondaire,2S,2ème année secondaire,السنة الثانية ثانوي,ECOSERV,Économie et services,اقتصاد وخدمات,2eme-economie-services,HIST,Histoire,التاريخ,ar,False,,2,العلاقة بين العالم الإسلامي والغرب المسيحي من القرن الرّابع للهجرة (10 م) إلى سقوط غرناطة (15 م)
secondaire,2S,2ème année secondaire,السنة الثانية ثانوي,ECOSERV,Économie et services,اقتصاد وخدمات,2eme-economie-services,GEO,Géographie,الجغرافيا,ar,False,,1,المدن تنظم المجال
secondaire,2S,2ème année secondaire,السنة الثانية ثانوي,ECOSERV,Économie et services,اقتصاد وخدمات,2eme-economie-services,GEO,Géographie,الجغرافيا,ar,False,,2,تنظيم المجالات الريفيّة
secondaire,2S,2ème année secondaire,السنة الثانية ثانوي,ECOSERV,Économie et services,اقتصاد وخدمات,2eme-economie-services,GEO,Géographie,الجغرافيا,ar,False,,3,شبكات النّقل والاتصال ودورها في تنظيم المجال
secondaire,2S,2ème année secondaire,السنة الثانية ثانوي,ECOSERV,Économie et services,اقتصاد وخدمات,2eme-economie-services,GEO,Géographie,الجغرافيا,ar,False,,4,التّهيئة الترابيّة
secondaire,2S,2ème année secondaire,السنة الثانية ثانوي,ECOSERV,Économie et services,اقتصاد وخدمات,2eme-economie-services,ISLAM,Éducation islamique,التربية الإسلامية,ar,False,التوازن والوسطيّة,1,التفكّر في العبادة
secondaire,2S,2ème année secondaire,السنة الثانية ثانوي,ECOSERV,Économie et services,اقتصاد وخدمات,2eme-economie-services,ISLAM,Éducation islamique,التربية الإسلامية,ar,False,التوازن والوسطيّة,2,بناء الشخصيّة
secondaire,2S,2ème année secondaire,السنة الثانية ثانوي,ECOSERV,Économie et services,اقتصاد وخدمات,2eme-economie-services,ISLAM,Éducation islamique,التربية الإسلامية,ar,False,الفاعليّة,3,الوحي
secondaire,2S,2ème année secondaire,السنة الثانية ثانوي,ECOSERV,Économie et services,اقتصاد وخدمات,2eme-economie-services,ISLAM,Éducation islamique,التربية الإسلامية,ar,False,الفاعليّة,4,التربية والتعليم
secondaire,2S,2ème année secondaire,السنة الثانية ثانوي,ECOSERV,Économie et services,اقتصاد وخدمات,2eme-economie-services,ISLAM,Éducation islamique,التربية الإسلامية,ar,False,الفاعليّة,5,الإصلاح
secondaire,2S,2ème année secondaire,السنة الثانية ثانوي,ECOSERV,Économie et services,اقتصاد وخدمات,2eme-economie-services,ISLAM,Éducation islamique,التربية الإسلامية,ar,False,الاستشراف,6,الأمل والتوكّل
secondaire,2S,2ème année secondaire,السنة الثانية ثانوي,ECOSERV,Économie et services,اقتصاد وخدمات,2eme-economie-services,ISLAM,Éducation islamique,التربية الإسلامية,ar,False,الاستشراف,7,الإنسان ومصيره
secondaire,2S,2ème année secondaire,السنة الثانية ثانوي,ECOSERV,Économie et services,اقتصاد وخدمات,2eme-economie-services,CIVIQ,Éducation civique,التربية المدنية,ar,False,,1,الدولة الديمقراطيّة الحديثة
secondaire,2S,2ème année secondaire,السنة الثانية ثانوي,ECOSERV,Économie et services,اقتصاد وخدمات,2eme-economie-services,CIVIQ,Éducation civique,التربية المدنية,ar,False,,2,دولة القانون
secondaire,2S,2ème année secondaire,السنة الثانية ثانوي,ECOSERV,Économie et services,اقتصاد وخدمات,2eme-economie-services,CIVIQ,Éducation civique,التربية المدنية,ar,False,,3,المجتمع المدني
secondaire,2S,2ème année secondaire,السنة الثانية ثانوي,LET,Lettres,آداب,2eme-lettres,ARAB,Arabe,العربية,ar,False,,1,الشعر الجاهلي
secondaire,2S,2ème année secondaire,السنة الثانية ثانوي,LET,Lettres,آداب,2eme-lettres,ARAB,Arabe,العربية,ar,False,,2,التجديد في الشعر العربي في القرن الثاني للهجرة
secondaire,2S,2ème année secondaire,السنة الثانية ثانوي,LET,Lettres,آداب,2eme-lettres,ARAB,Arabe,العربية,ar,False,,3,النادرة
secondaire,2S,2ème année secondaire,السنة الثانية ثانوي,LET,Lettres,آداب,2eme-lettres,ARAB,Arabe,العربية,ar,False,,4,المسائل الحضارية
secondaire,2S,2ème année secondaire,السنة الثانية ثانوي,LET,Lettres,آداب,2eme-lettres,ARAB,Arabe,العربية,ar,False,,5,المحور الخامس (لمسلك الآداب)
secondaire,2S,2ème année secondaire,السنة الثانية ثانوي,LET,Lettres,آداب,2eme-lettres,ARAB,Arabe,العربية,ar,False,,6,المحور الخامس (لمسالك العلوم / تكنولوجيا الإعلاميّة / الاقتصاد والخدمات)
secondaire,2S,2ème année secondaire,السنة الثانية ثانوي,LET,Lettres,آداب,2eme-lettres,ARAB,Arabe,العربية,ar,False,,7,التواصل
secondaire,2S,2ème année secondaire,السنة الثانية ثانوي,LET,Lettres,آداب,2eme-lettres,ARAB,Arabe,العربية,ar,False,,8,دلالات الصيغ الصرفيّة
secondaire,2S,2ème année secondaire,السنة الثانية ثانوي,LET,Lettres,آداب,2eme-lettres,FRAN,Français,الفرنسية,fr,False,,1,Pages d’amour
secondaire,2S,2ème année secondaire,السنة الثانية ثانوي,LET,Lettres,آداب,2eme-lettres,FRAN,Français,الفرنسية,fr,False,,2,"Toi, mon semblable"
secondaire,2S,2ème année secondaire,السنة الثانية ثانوي,LET,Lettres,آداب,2eme-lettres,FRAN,Français,الفرنسية,fr,False,,3,Femme et société
secondaire,2S,2ème année secondaire,السنة الثانية ثانوي,LET,Lettres,آداب,2eme-lettres,FRAN,Français,الفرنسية,fr,False,,4,Travail et bien-être
secondaire,2S,2ème année secondaire,السنة الثانية ثانوي,LET,Lettres,آداب,2eme-lettres,FRAN,Français,الفرنسية,fr,False,,5,"Images d’ici, images d’ailleurs"
secondaire,2S,2ème année secondaire,السنة الثانية ثانوي,LET,Lettres,آداب,2eme-lettres,ANGL,Anglais,الإنجليزية,en,False,,1,Family life
secondaire,2S,2ème année secondaire,السنة الثانية ثانوي,LET,Lettres,آداب,2eme-lettres,ANGL,Anglais,الإنجليزية,en,False,,2,Communicating with others
secondaire,2S,2ème année secondaire,السنة الثانية ثانوي,LET,Lettres,آداب,2eme-lettres,ANGL,Anglais,الإنجليزية,en,False,,3,Social life
secondaire,2S,2ème année secondaire,السنة الثانية ثانوي,LET,Lettres,آداب,2eme-lettres,ANGL,Anglais,الإنجليزية,en,False,,4,Social Problems
secondaire,2S,2ème année secondaire,السنة الثانية ثانوي,LET,Lettres,آداب,2eme-lettres,ANGL,Anglais,الإنجليزية,en,False,,5,Rights and Duties
secondaire,2S,2ème année secondaire,السنة الثانية ثانوي,LET,Lettres,آداب,2eme-lettres,ANGL,Anglais,الإنجليزية,en,False,,6,Education
secondaire,2S,2ème année secondaire,السنة الثانية ثانوي,LET,Lettres,آداب,2eme-lettres,ANGL,Anglais,الإنجليزية,en,False,,7,Professional Life
secondaire,2S,2ème année secondaire,السنة الثانية ثانوي,LET,Lettres,آداب,2eme-lettres,ANGL,Anglais,الإنجليزية,en,False,,8,Media and Arts
secondaire,2S,2ème année secondaire,السنة الثانية ثانوي,LET,Lettres,آداب,2eme-lettres,ANGL,Anglais,الإنجليزية,en,False,,9,Science and Technology
secondaire,2S,2ème année secondaire,السنة الثانية ثانوي,LET,Lettres,آداب,2eme-lettres,ANGL,Anglais,الإنجليزية,en,False,,10,Ecology
secondaire,2S,2ème année secondaire,السنة الثانية ثانوي,LET,Lettres,آداب,2eme-lettres,MATH,Mathématiques,الرياضيات,fr,False,Activités numériques,1,Pourcentages
secondaire,2S,2ème année secondaire,السنة الثانية ثانوي,LET,Lettres,آداب,2eme-lettres,MATH,Mathématiques,الرياضيات,fr,False,Activités numériques,2,Suites arithmétiques - Suites géométriques
secondaire,2S,2ème année secondaire,السنة الثانية ثانوي,LET,Lettres,آداب,2eme-lettres,MATH,Mathématiques,الرياضيات,fr,False,Activités algébriques,3,Equations et inéquations - Systèmes d'équations
secondaire,2S,2ème année secondaire,السنة الثانية ثانوي,LET,Lettres,آداب,2eme-lettres,MATH,Mathématiques,الرياضيات,fr,False,Activités algébriques,4,Fonctions
secondaire,2S,2ème année secondaire,السنة الثانية ثانوي,LET,Lettres,آداب,2eme-lettres,MATH,Mathématiques,الرياضيات,fr,False,Statistiques,5,Statistiques
secondaire,2S,2ème année secondaire,السنة الثانية ثانوي,LET,Lettres,آداب,2eme-lettres,HIST,Histoire,التاريخ,ar,False,,1,الحضارات القديمة في الشرق والعالم المتوسطي
secondaire,2S,2ème année secondaire,السنة الثانية ثانوي,LET,Lettres,آداب,2eme-lettres,HIST,Histoire,التاريخ,ar,False,,2,العلاقة بين العالم الإسلامي والغرب المسيحي من القرن الرّابع للهجرة (10 م) إلى سقوط غرناطة (15 م)
secondaire,2S,2ème année secondaire,السنة الثانية ثانوي,LET,Lettres,آداب,2eme-lettres,GEO,Géographie,الجغرافيا,ar,False,,1,المدن تنظم المجال
secondaire,2S,2ème année secondaire,السنة الثانية ثانوي,LET,Lettres,آداب,2eme-lettres,GEO,Géographie,الجغرافيا,ar,False,,2,تنظيم المجالات الريفيّة
secondaire,2S,2ème année secondaire,السنة الثانية ثانوي,LET,Lettres,آداب,2eme-lettres,GEO,Géographie,الجغرافيا,ar,False,,3,شبكات النّقل والاتصال ودورها في تنظيم المجال
secondaire,2S,2ème année secondaire,السنة الثانية ثانوي,LET,Lettres,آداب,2eme-lettres,GEO,Géographie,الجغرافيا,ar,False,,4,التّهيئة الترابيّة
secondaire,2S,2ème année secondaire,السنة الثانية ثانوي,LET,Lettres,آداب,2eme-lettres,ISLAM,Éducation islamique,التربية الإسلامية,ar,False,التوازن والوسطيّة,1,التفكّر في العبادة
secondaire,2S,2ème année secondaire,السنة الثانية ثانوي,LET,Lettres,آداب,2eme-lettres,ISLAM,Éducation islamique,التربية الإسلامية,ar,False,التوازن والوسطيّة,2,بناء الشخصيّة
secondaire,2S,2ème année secondaire,السنة الثانية ثانوي,LET,Lettres,آداب,2eme-lettres,ISLAM,Éducation islamique,التربية الإسلامية,ar,False,الفاعليّة,3,الوحي
secondaire,2S,2ème année secondaire,السنة الثانية ثانوي,LET,Lettres,آداب,2eme-lettres,ISLAM,Éducation islamique,التربية الإسلامية,ar,False,الفاعليّة,4,التربية والتعليم
secondaire,2S,2ème année secondaire,السنة الثانية ثانوي,LET,Lettres,آداب,2eme-lettres,ISLAM,Éducation islamique,التربية الإسلامية,ar,False,الفاعليّة,5,الإصلاح
secondaire,2S,2ème année secondaire,السنة الثانية ثانوي,LET,Lettres,آداب,2eme-lettres,ISLAM,Éducation islamique,التربية الإسلامية,ar,False,الاستشراف,6,الأمل والتوكّل
secondaire,2S,2ème année secondaire,السنة الثانية ثانوي,LET,Lettres,آداب,2eme-lettres,ISLAM,Éducation islamique,التربية الإسلامية,ar,False,الاستشراف,7,الإنسان ومصيره
secondaire,2S,2ème année secondaire,السنة الثانية ثانوي,LET,Lettres,آداب,2eme-lettres,CIVIQ,Éducation civique,التربية المدنية,ar,False,,1,الدولة الديمقراطيّة الحديثة
secondaire,2S,2ème année secondaire,السنة الثانية ثانوي,LET,Lettres,آداب,2eme-lettres,CIVIQ,Éducation civique,التربية المدنية,ar,False,,2,دولة القانون
secondaire,2S,2ème année secondaire,السنة الثانية ثانوي,LET,Lettres,آداب,2eme-lettres,CIVIQ,Éducation civique,التربية المدنية,ar,False,,3,المجتمع المدني
secondaire,2S,2ème année secondaire,السنة الثانية ثانوي,SCI,Sciences,علوم,2eme-sciences,ARAB,Arabe,العربية,ar,False,,1,الشعر الجاهلي
secondaire,2S,2ème année secondaire,السنة الثانية ثانوي,SCI,Sciences,علوم,2eme-sciences,ARAB,Arabe,العربية,ar,False,,2,التجديد في الشعر العربي في القرن الثاني للهجرة
secondaire,2S,2ème année secondaire,السنة الثانية ثانوي,SCI,Sciences,علوم,2eme-sciences,ARAB,Arabe,العربية,ar,False,,3,النادرة
secondaire,2S,2ème année secondaire,السنة الثانية ثانوي,SCI,Sciences,علوم,2eme-sciences,ARAB,Arabe,العربية,ar,False,,4,المسائل الحضارية
secondaire,2S,2ème année secondaire,السنة الثانية ثانوي,SCI,Sciences,علوم,2eme-sciences,ARAB,Arabe,العربية,ar,False,,5,المحور الخامس (لمسلك الآداب)
secondaire,2S,2ème année secondaire,السنة الثانية ثانوي,SCI,Sciences,علوم,2eme-sciences,ARAB,Arabe,العربية,ar,False,,6,المحور الخامس (لمسالك العلوم / تكنولوجيا الإعلاميّة / الاقتصاد والخدمات)
secondaire,2S,2ème année secondaire,السنة الثانية ثانوي,SCI,Sciences,علوم,2eme-sciences,ARAB,Arabe,العربية,ar,False,,7,التواصل
secondaire,2S,2ème année secondaire,السنة الثانية ثانوي,SCI,Sciences,علوم,2eme-sciences,ARAB,Arabe,العربية,ar,False,,8,دلالات الصيغ الصرفيّة
secondaire,2S,2ème année secondaire,السنة الثانية ثانوي,SCI,Sciences,علوم,2eme-sciences,FRAN,Français,الفرنسية,fr,False,,1,Pages d’amour
secondaire,2S,2ème année secondaire,السنة الثانية ثانوي,SCI,Sciences,علوم,2eme-sciences,FRAN,Français,الفرنسية,fr,False,,2,"Toi, mon semblable"
secondaire,2S,2ème année secondaire,السنة الثانية ثانوي,SCI,Sciences,علوم,2eme-sciences,FRAN,Français,الفرنسية,fr,False,,3,Femme et société
secondaire,2S,2ème année secondaire,السنة الثانية ثانوي,SCI,Sciences,علوم,2eme-sciences,FRAN,Français,الفرنسية,fr,False,,4,Travail et bien-être
secondaire,2S,2ème année secondaire,السنة الثانية ثانوي,SCI,Sciences,علوم,2eme-sciences,FRAN,Français,الفرنسية,fr,False,,5,"Images d’ici, images d’ailleurs"
secondaire,2S,2ème année secondaire,السنة الثانية ثانوي,SCI,Sciences,علوم,2eme-sciences,ANGL,Anglais,الإنجليزية,en,False,,1,Family life
secondaire,2S,2ème année secondaire,السنة الثانية ثانوي,SCI,Sciences,علوم,2eme-sciences,ANGL,Anglais,الإنجليزية,en,False,,2,Communicating with others
secondaire,2S,2ème année secondaire,السنة الثانية ثانوي,SCI,Sciences,علوم,2eme-sciences,ANGL,Anglais,الإنجليزية,en,False,,3,Social life
secondaire,2S,2ème année secondaire,السنة الثانية ثانوي,SCI,Sciences,علوم,2eme-sciences,ANGL,Anglais,الإنجليزية,en,False,,4,Social Problems
secondaire,2S,2ème année secondaire,السنة الثانية ثانوي,SCI,Sciences,علوم,2eme-sciences,ANGL,Anglais,الإنجليزية,en,False,,5,Rights and Duties
secondaire,2S,2ème année secondaire,السنة الثانية ثانوي,SCI,Sciences,علوم,2eme-sciences,ANGL,Anglais,الإنجليزية,en,False,,6,Education
secondaire,2S,2ème année secondaire,السنة الثانية ثانوي,SCI,Sciences,علوم,2eme-sciences,ANGL,Anglais,الإنجليزية,en,False,,7,Professional Life
secondaire,2S,2ème année secondaire,السنة الثانية ثانوي,SCI,Sciences,علوم,2eme-sciences,ANGL,Anglais,الإنجليزية,en,False,,8,Media and Arts
secondaire,2S,2ème année secondaire,السنة الثانية ثانوي,SCI,Sciences,علوم,2eme-sciences,ANGL,Anglais,الإنجليزية,en,False,,9,Science and Technology
secondaire,2S,2ème année secondaire,السنة الثانية ثانوي,SCI,Sciences,علوم,2eme-sciences,ANGL,Anglais,الإنجليزية,en,False,,10,Ecology
secondaire,2S,2ème année secondaire,السنة الثانية ثانوي,SCI,Sciences,علوم,2eme-sciences,MATH,Mathématiques,الرياضيات,fr,False,,1,Calcul dans IR
secondaire,2S,2ème année secondaire,السنة الثانية ثانوي,SCI,Sciences,علوم,2eme-sciences,MATH,Mathématiques,الرياضيات,fr,False,,2,Problèmes du 1er degré et problèmes du second degré
secondaire,2S,2ème année secondaire,السنة الثانية ثانوي,SCI,Sciences,علوم,2eme-sciences,MATH,Mathématiques,الرياضيات,fr,False,,3,Notion de polynômes
secondaire,2S,2ème année secondaire,السنة الثانية ثانوي,SCI,Sciences,علوم,2eme-sciences,MATH,Mathématiques,الرياضيات,fr,False,,4,Arithmétique
secondaire,2S,2ème année secondaire,السنة الثانية ثانوي,SCI,Sciences,علوم,2eme-sciences,MATH,Mathématiques,الرياضيات,fr,False,,5,Calcul vectoriel
secondaire,2S,2ème année secondaire,السنة الثانية ثانوي,SCI,Sciences,علوم,2eme-sciences,MATH,Mathématiques,الرياضيات,fr,False,,6,Barycentre
secondaire,2S,2ème année secondaire,السنة الثانية ثانوي,SCI,Sciences,علوم,2eme-sciences,MATH,Mathématiques,الرياضيات,fr,False,,7,Translations
secondaire,2S,2ème année secondaire,السنة الثانية ثانوي,SCI,Sciences,علوم,2eme-sciences,MATH,Mathématiques,الرياضيات,fr,False,,8,Homothéties
secondaire,2S,2ème année secondaire,السنة الثانية ثانوي,SCI,Sciences,علوم,2eme-sciences,MATH,Mathématiques,الرياضيات,fr,False,,9,Rotations
secondaire,2S,2ème année secondaire,السنة الثانية ثانوي,SCI,Sciences,علوم,2eme-sciences,MATH,Mathématiques,الرياضيات,fr,False,,10,Suites arithmétiques
secondaire,2S,2ème année secondaire,السنة الثانية ثانوي,SCI,Sciences,علوم,2eme-sciences,MATH,Mathématiques,الرياضيات,fr,False,,11,Suites géométriques
secondaire,2S,2ème année secondaire,السنة الثانية ثانوي,SCI,Sciences,علوم,2eme-sciences,MATH,Mathématiques,الرياضيات,fr,False,,12,Généralités sur les fonctions
secondaire,2S,2ème année secondaire,السنة الثانية ثانوي,SCI,Sciences,علوم,2eme-sciences,MATH,Mathématiques,الرياضيات,fr,False,,13,Fonctions de référence
secondaire,2S,2ème année secondaire,السنة الثانية ثانوي,SCI,Sciences,علوم,2eme-sciences,MATH,Mathématiques,الرياضيات,fr,False,,14,Trigonométrie et mesure des grandeurs
secondaire,2S,2ème année secondaire,السنة الثانية ثانوي,SCI,Sciences,علوم,2eme-sciences,MATH,Mathématiques,الرياضيات,fr,False,,15,Géométrie analytique
secondaire,2S,2ème année secondaire,السنة الثانية ثانوي,SCI,Sciences,علوم,2eme-sciences,MATH,Mathématiques,الرياضيات,fr,False,,16,Droites et plans de l'espace
secondaire,2S,2ème année secondaire,السنة الثانية ثانوي,SCI,Sciences,علوم,2eme-sciences,MATH,Mathématiques,الرياضيات,fr,False,,17,Parallélisme dans l'espace
secondaire,2S,2ème année secondaire,السنة الثانية ثانوي,SCI,Sciences,علوم,2eme-sciences,MATH,Mathématiques,الرياضيات,fr,False,,18,Orthogonalité dans l'espace
secondaire,2S,2ème année secondaire,السنة الثانية ثانوي,SCI,Sciences,علوم,2eme-sciences,MATH,Mathématiques,الرياضيات,fr,False,,19,Statistiques
secondaire,2S,2ème année secondaire,السنة الثانية ثانوي,SCI,Sciences,علوم,2eme-sciences,PHYS,Sciences physiques,العلوم الفيزيائية,fr,False,Physique > Circuits électriques,1,Puissance et énergie électrique
secondaire,2S,2ème année secondaire,السنة الثانية ثانوي,SCI,Sciences,علوم,2eme-sciences,PHYS,Sciences physiques,العلوم الفيزيائية,fr,False,Physique > Circuits électriques,2,Conductibilité électrique
secondaire,2S,2ème année secondaire,السنة الثانية ثانوي,SCI,Sciences,علوم,2eme-sciences,PHYS,Sciences physiques,العلوم الفيزيائية,fr,False,Physique > Circuits électriques,3,Récepteurs passifs (1)
secondaire,2S,2ème année secondaire,السنة الثانية ثانوي,SCI,Sciences,علوم,2eme-sciences,PHYS,Sciences physiques,العلوم الفيزيائية,fr,False,Physique > Circuits électriques,4,Récepteurs passifs (2)
secondaire,2S,2ème année secondaire,السنة الثانية ثانوي,SCI,Sciences,علوم,2eme-sciences,PHYS,Sciences physiques,العلوم الفيزيائية,fr,False,Physique > Circuits électriques,5,Récepteurs actifs
secondaire,2S,2ème année secondaire,السنة الثانية ثانوي,SCI,Sciences,علوم,2eme-sciences,PHYS,Sciences physiques,العلوم الفيزيائية,fr,False,Physique > Circuits électriques,6,Le dipôle générateur
secondaire,2S,2ème année secondaire,السنة الثانية ثانوي,SCI,Sciences,علوم,2eme-sciences,PHYS,Sciences physiques,العلوم الفيزيائية,fr,False,Physique > Circuits électriques,7,Adaptation : loi de Pouillet
secondaire,2S,2ème année secondaire,السنة الثانية ثانوي,SCI,Sciences,علوم,2eme-sciences,PHYS,Sciences physiques,العلوم الفيزيائية,fr,False,Physique > Circuits électriques,8,Le courant alternatif
secondaire,2S,2ème année secondaire,السنة الثانية ثانوي,SCI,Sciences,علوم,2eme-sciences,PHYS,Sciences physiques,العلوم الفيزيائية,fr,False,"Physique > Forces, mouvements, pression",9,Systèmes et interactions mécaniques
secondaire,2S,2ème année secondaire,السنة الثانية ثانوي,SCI,Sciences,علوم,2eme-sciences,PHYS,Sciences physiques,العلوم الفيزيائية,fr,False,"Physique > Forces, mouvements, pression",10,Equilibre d’un solide soumis à trois forces
secondaire,2S,2ème année secondaire,السنة الثانية ثانوي,SCI,Sciences,علوم,2eme-sciences,PHYS,Sciences physiques,العلوم الفيزيائية,fr,False,"Physique > Forces, mouvements, pression",11,Equilibre d’un solide assujetti à tourner autour d’un axe fixe
secondaire,2S,2ème année secondaire,السنة الثانية ثانوي,SCI,Sciences,علوم,2eme-sciences,PHYS,Sciences physiques,العلوم الفيزيائية,fr,False,"Physique > Forces, mouvements, pression",12,Mouvement du point matériel
secondaire,2S,2ème année secondaire,السنة الثانية ثانوي,SCI,Sciences,علوم,2eme-sciences,PHYS,Sciences physiques,العلوم الفيزيائية,fr,False,"Physique > Forces, mouvements, pression",13,Pression en un point d’un liquide
secondaire,2S,2ème année secondaire,السنة الثانية ثانوي,SCI,Sciences,علوم,2eme-sciences,PHYS,Sciences physiques,العلوم الفيزيائية,fr,False,"Physique > Forces, mouvements, pression",14,Poussée d’Archimède
secondaire,2S,2ème année secondaire,السنة الثانية ثانوي,SCI,Sciences,علوم,2eme-sciences,PHYS,Sciences physiques,العلوم الفيزيائية,fr,False,Physique > Énergie et contrôle,15,Energie cinétique
secondaire,2S,2ème année secondaire,السنة الثانية ثانوي,SCI,Sciences,علوم,2eme-sciences,PHYS,Sciences physiques,العلوم الفيزيائية,fr,False,Physique > Énergie et contrôle,16,Energie potentielle
secondaire,2S,2ème année secondaire,السنة الثانية ثانوي,SCI,Sciences,علوم,2eme-sciences,PHYS,Sciences physiques,العلوم الفيزيائية,fr,False,Physique > Énergie et contrôle,17,Energie thermique
secondaire,2S,2ème année secondaire,السنة الثانية ثانوي,SCI,Sciences,علوم,2eme-sciences,PHYS,Sciences physiques,العلوم الفيزيائية,fr,False,Physique > Énergie et contrôle,18,Travail et puissance
secondaire,2S,2ème année secondaire,السنة الثانية ثانوي,SCI,Sciences,علوم,2eme-sciences,PHYS,Sciences physiques,العلوم الفيزيائية,fr,False,Physique > Lumière,19,Réflexion de la lumière
secondaire,2S,2ème année secondaire,السنة الثانية ثانوي,SCI,Sciences,علوم,2eme-sciences,PHYS,Sciences physiques,العلوم الفيزيائية,fr,False,Physique > Lumière,20,Réfraction de la lumière
secondaire,2S,2ème année secondaire,السنة الثانية ثانوي,SCI,Sciences,علوم,2eme-sciences,PHYS,Sciences physiques,العلوم الفيزيائية,fr,False,Physique > Terre et univers,21,Gravitation universelle
secondaire,2S,2ème année secondaire,السنة الثانية ثانوي,SCI,Sciences,علوم,2eme-sciences,PHYS,Sciences physiques,العلوم الفيزيائية,fr,False,Physique > Terre et univers,22,Pression atmosphérique
secondaire,2S,2ème année secondaire,السنة الثانية ثانوي,SCI,Sciences,علوم,2eme-sciences,PHYS,Sciences physiques,العلوم الفيزيائية,fr,False,Chimie > La Matière,23,Un modèle de l’atome
secondaire,2S,2ème année secondaire,السنة الثانية ثانوي,SCI,Sciences,علوم,2eme-sciences,PHYS,Sciences physiques,العلوم الفيزيائية,fr,False,Chimie > La Matière,24,L’élément chimique
secondaire,2S,2ème année secondaire,السنة الثانية ثانوي,SCI,Sciences,علوم,2eme-sciences,PHYS,Sciences physiques,العلوم الفيزيائية,fr,False,Chimie > La Matière,25,Un modèle de répartition des électrons d’un atome
secondaire,2S,2ème année secondaire,السنة الثانية ثانوي,SCI,Sciences,علوم,2eme-sciences,PHYS,Sciences physiques,العلوم الفيزيائية,fr,False,Chimie > La Matière,26,De l’atome aux édifices chimiques
secondaire,2S,2ème année secondaire,السنة الثانية ثانوي,SCI,Sciences,علوم,2eme-sciences,PHYS,Sciences physiques,العلوم الفيزيائية,fr,False,Chimie > La Matière,27,Classification périodique des éléments chimiques
secondaire,2S,2ème année secondaire,السنة الثانية ثانوي,SCI,Sciences,علوم,2eme-sciences,PHYS,Sciences physiques,العلوم الفيزيائية,fr,False,Chimie > Les Solutions,28,Les électrolytes
secondaire,2S,2ème année secondaire,السنة الثانية ثانوي,SCI,Sciences,علوم,2eme-sciences,PHYS,Sciences physiques,العلوم الفيزيائية,fr,False,Chimie > Les Solutions,29,Dissolution et précipitation des électrolytes
secondaire,2S,2ème année secondaire,السنة الثانية ثانوي,SCI,Sciences,علوم,2eme-sciences,PHYS,Sciences physiques,العلوم الفيزيائية,fr,False,Chimie > Les Solutions,30,Tests d’identification de quelques ions
secondaire,2S,2ème année secondaire,السنة الثانية ثانوي,SCI,Sciences,علوم,2eme-sciences,PHYS,Sciences physiques,العلوم الفيزيائية,fr,False,Chimie > Les Solutions,31,Solutions aqueuses d’acide
secondaire,2S,2ème année secondaire,السنة الثانية ثانوي,SCI,Sciences,علوم,2eme-sciences,PHYS,Sciences physiques,العلوم الفيزيائية,fr,False,Chimie > Les Solutions,32,Solutions aqueuses de base
secondaire,2S,2ème année secondaire,السنة الثانية ثانوي,SCI,Sciences,علوم,2eme-sciences,PHYS,Sciences physiques,العلوم الفيزيائية,fr,False,Chimie > Les Solutions,33,Ionisation propre de l’eau pure
secondaire,2S,2ème année secondaire,السنة الثانية ثانوي,SCI,Sciences,علوم,2eme-sciences,PHYS,Sciences physiques,العلوم الفيزيائية,fr,False,Chimie > Les Solutions,34,Notion de pH
secondaire,2S,2ème année secondaire,السنة الثانية ثانوي,SCI,Sciences,علوم,2eme-sciences,PHYS,Sciences physiques,العلوم الفيزيائية,fr,False,Chimie > Les Solutions,35,"Acides forts, acides faibles, bases fortes, bases faibles"
secondaire,2S,2ème année secondaire,السنة الثانية ثانوي,SCI,Sciences,علوم,2eme-sciences,PHYS,Sciences physiques,العلوم الفيزيائية,fr,False,Chimie > Les Solutions,36,Réaction d’un acide fort avec une base forte en solution aqueuse
secondaire,2S,2ème année secondaire,السنة الثانية ثانوي,SCI,Sciences,علوم,2eme-sciences,PHYS,Sciences physiques,العلوم الفيزيائية,fr,False,Chimie > Chimie Organique,37,Structure et nomenclature des hydrocarbures aliphatiques
secondaire,2S,2ème année secondaire,السنة الثانية ثانوي,SCI,Sciences,علوم,2eme-sciences,PHYS,Sciences physiques,العلوم الفيزيائية,fr,False,Chimie > Chimie Organique,38,Réactions spécifiques des hydrocarbures aliphatiques
secondaire,2S,2ème année secondaire,السنة الثانية ثانوي,SCI,Sciences,علوم,2eme-sciences,PHYS,Sciences physiques,العلوم الفيزيائية,fr,False,Chimie > Chimie Organique,39,Polymères synthétiques et polymères naturels
secondaire,2S,2ème année secondaire,السنة الثانية ثانوي,SCI,Sciences,علوم,2eme-sciences,PHYS,Sciences physiques,العلوم الفيزيائية,fr,False,Chimie > Chimie Organique,40,Matières plastiques : impact sur l’environnement et gestion des déchets
secondaire,2S,2ème année secondaire,السنة الثانية ثانوي,SCI,Sciences,علوم,2eme-sciences,SVT,Sciences de la vie et de la terre,علوم الحياة والأرض,fr,False,Exploitation rationnelle des ressources géologiques,1,La carte topographique
secondaire,2S,2ème année secondaire,السنة الثانية ثانوي,SCI,Sciences,علوم,2eme-sciences,SVT,Sciences de la vie et de la terre,علوم الحياة والأرض,fr,False,Exploitation rationnelle des ressources géologiques,2,Notions de stratigraphie et de tectonique
secondaire,2S,2ème année secondaire,السنة الثانية ثانوي,SCI,Sciences,علوم,2eme-sciences,SVT,Sciences de la vie et de la terre,علوم الحياة والأرض,fr,False,Exploitation rationnelle des ressources géologiques,3,La carte géologique
secondaire,2S,2ème année secondaire,السنة الثانية ثانوي,SCI,Sciences,علوم,2eme-sciences,SVT,Sciences de la vie et de la terre,علوم الحياة والأرض,fr,False,Exploitation rationnelle des ressources géologiques,4,Les ressources en eau et leur exploitation
secondaire,2S,2ème année secondaire,السنة الثانية ثانوي,SCI,Sciences,علوم,2eme-sciences,SVT,Sciences de la vie et de la terre,علوم الحياة والأرض,fr,False,Exploitation rationnelle des ressources géologiques,5,Une roche sédimentaire à intérêt économique : les phosphates
secondaire,2S,2ème année secondaire,السنة الثانية ثانوي,SCI,Sciences,علوم,2eme-sciences,SVT,Sciences de la vie et de la terre,علوم الحياة والأرض,fr,False,Exploitation rationnelle des ressources géologiques,6,Une roche sédimentaire à intérêt économique : le pétrole
secondaire,2S,2ème année secondaire,السنة الثانية ثانوي,SCI,Sciences,علوم,2eme-sciences,SVT,Sciences de la vie et de la terre,علوم الحياة والأرض,fr,False,Gestion rationnelle d’un écosystème,7,Notion d’écosystème
secondaire,2S,2ème année secondaire,السنة الثانية ثانوي,SCI,Sciences,علوم,2eme-sciences,SVT,Sciences de la vie et de la terre,علوم الحياة والأرض,fr,False,Gestion rationnelle d’un écosystème,8,Adaptation des êtres vivants aux facteurs climatiques
secondaire,2S,2ème année secondaire,السنة الثانية ثانوي,SCI,Sciences,علوم,2eme-sciences,SVT,Sciences de la vie et de la terre,علوم الحياة والأرض,fr,False,Gestion rationnelle d’un écosystème,9,La répartition des végétaux en Tunisie
secondaire,2S,2ème année secondaire,السنة الثانية ثانوي,SCI,Sciences,علوم,2eme-sciences,SVT,Sciences de la vie et de la terre,علوم الحياة والأرض,fr,False,Gestion rationnelle d’un écosystème,10,Relations trophiques d’un écosystème
secondaire,2S,2ème année secondaire,السنة الثانية ثانوي,SCI,Sciences,علوم,2eme-sciences,SVT,Sciences de la vie et de la terre,علوم الحياة والأرض,fr,False,Gestion rationnelle d’un écosystème,11,Notion de développement durable
secondaire,2S,2ème année secondaire,السنة الثانية ثانوي,SCI,Sciences,علوم,2eme-sciences,SVT,Sciences de la vie et de la terre,علوم الحياة والأرض,fr,False,"Les êtres vivants : unité et diversité d’organisation, reproduction conforme",12,"La cellule, unité de structure des êtres vivants"
secondaire,2S,2ème année secondaire,السنة الثانية ثانوي,SCI,Sciences,علوم,2eme-sciences,SVT,Sciences de la vie et de la terre,علوم الحياة والأرض,fr,False,"Les êtres vivants : unité et diversité d’organisation, reproduction conforme",13,"Notions d’espèce, de lignée et de caractère héréditaire"
secondaire,2S,2ème année secondaire,السنة الثانية ثانوي,SCI,Sciences,علوم,2eme-sciences,SVT,Sciences de la vie et de la terre,علوم الحياة والأرض,fr,False,"Les êtres vivants : unité et diversité d’organisation, reproduction conforme",14,La reproduction conforme et son mécanisme cellulaire
secondaire,2S,2ème année secondaire,السنة الثانية ثانوي,SCI,Sciences,علوم,2eme-sciences,SVT,Sciences de la vie et de la terre,علوم الحياة والأرض,fr,False,"Les êtres vivants : unité et diversité d’organisation, reproduction conforme",15,L’information génétique
secondaire,2S,2ème année secondaire,السنة الثانية ثانوي,SCI,Sciences,علوم,2eme-sciences,TECHNO,Technologie,التكنولوجيا,fr,False,Analyse fonctionnelle,1,Analyse fonctionnelle interne
secondaire,2S,2ème année secondaire,السنة الثانية ثانوي,SCI,Sciences,علوم,2eme-sciences,TECHNO,Technologie,التكنولوجيا,fr,False,Analyse fonctionnelle,2,Description temporelle du comportement d’un système technique
secondaire,2S,2ème année secondaire,السنة الثانية ثانوي,SCI,Sciences,علوم,2eme-sciences,TECHNO,Technologie,التكنولوجيا,fr,False,Analyse structurelle et conception,3,Définition graphique d’un objet technique et DAO
secondaire,2S,2ème année secondaire,السنة الثانية ثانوي,SCI,Sciences,علوم,2eme-sciences,TECHNO,Technologie,التكنولوجيا,fr,False,Analyse structurelle et conception,4,Système de numération et codes
secondaire,2S,2ème année secondaire,السنة الثانية ثانوي,SCI,Sciences,علوم,2eme-sciences,TECHNO,Technologie,التكنولوجيا,fr,False,Analyse structurelle et conception,5,Transmission de puissance
secondaire,2S,2ème année secondaire,السنة الثانية ثانوي,SCI,Sciences,علوم,2eme-sciences,TECHNO,Technologie,التكنولوجيا,fr,False,Réalisation et production,6,Procédés de mise en forme des matériaux – Procédés et typologie des assemblages – Métrologie
secondaire,2S,2ème année secondaire,السنة الثانية ثانوي,SCI,Sciences,علوم,2eme-sciences,TECHNO,Technologie,التكنولوجيا,fr,False,Réalisation et production,7,Systèmes embarqués : programmation d’une carte de commande
secondaire,2S,2ème année secondaire,السنة الثانية ثانوي,SCI,Sciences,علوم,2eme-sciences,HIST,Histoire,التاريخ,ar,False,,1,الحضارات القديمة في الشرق والعالم المتوسطي
secondaire,2S,2ème année secondaire,السنة الثانية ثانوي,SCI,Sciences,علوم,2eme-sciences,HIST,Histoire,التاريخ,ar,False,,2,التطوّر الحضاري والتحوّلات التاريخيّة في المشرق الإسلامي : من ظهور الإسلام إلى نهاية القرن 5 هـ / 11 م
secondaire,2S,2ème année secondaire,السنة الثانية ثانوي,SCI,Sciences,علوم,2eme-sciences,HIST,Histoire,التاريخ,ar,False,,3,التطوّر الحضاري والتحوّلات التاريخيّة في الغرب الإسلامي من بداية القرن الثاني إلى القرن 9 هـ / من ق 8 م إلى ق 15 م
secondaire,2S,2ème année secondaire,السنة الثانية ثانوي,SCI,Sciences,علوم,2eme-sciences,HIST,Histoire,التاريخ,ar,False,,4,العالم المتوسطي في القرن 16
secondaire,2S,2ème année secondaire,السنة الثانية ثانوي,SCI,Sciences,علوم,2eme-sciences,GEO,Géographie,الجغرافيا,ar,False,العالم العربي : المجال والتنمية,1,الموقع والوسط الطبيعي بالعالم العربي : المزايا والضغوطات
secondaire,2S,2ème année secondaire,السنة الثانية ثانوي,SCI,Sciences,علوم,2eme-sciences,GEO,Géographie,الجغرافيا,ar,False,العالم العربي : المجال والتنمية,2,الموارد الطبيعيّة بالعالم العربي
secondaire,2S,2ème année secondaire,السنة الثانية ثانوي,SCI,Sciences,علوم,2eme-sciences,GEO,Géographie,الجغرافيا,ar,False,العالم العربي : المجال والتنمية,3,العالم العربي : السكّان والمسألة السكانيّة
secondaire,2S,2ème année secondaire,السنة الثانية ثانوي,SCI,Sciences,علوم,2eme-sciences,GEO,Géographie,الجغرافيا,ar,False,العالم العربي : المجال والتنمية,4,التنمية الاقتصاديّة في العالم العربي
secondaire,2S,2ème année secondaire,السنة الثانية ثانوي,SCI,Sciences,علوم,2eme-sciences,GEO,Géographie,الجغرافيا,ar,False,البلاد التونسيّة : المجال والتنمية,5,الوسط الطبيعي التونسي : المزايا والضغوطات
secondaire,2S,2ème année secondaire,السنة الثانية ثانوي,SCI,Sciences,علوم,2eme-sciences,GEO,Géographie,الجغرافيا,ar,False,البلاد التونسيّة : المجال والتنمية,6,الموارد الطبيعيّة بالبلاد التونسيّة
secondaire,2S,2ème année secondaire,السنة الثانية ثانوي,SCI,Sciences,علوم,2eme-sciences,GEO,Géographie,الجغرافيا,ar,False,البلاد التونسيّة : المجال والتنمية,7,البلاد التونسيّة : السكّان
secondaire,2S,2ème année secondaire,السنة الثانية ثانوي,SCI,Sciences,علوم,2eme-sciences,GEO,Géographie,الجغرافيا,ar,False,البلاد التونسيّة : المجال والتنمية,8,البلاد التونسيّة : المجال الفلاحي
secondaire,2S,2ème année secondaire,السنة الثانية ثانوي,SCI,Sciences,علوم,2eme-sciences,GEO,Géographie,الجغرافيا,ar,False,البلاد التونسيّة : المجال والتنمية,9,البلاد التونسيّة : المجال الصناعي
secondaire,2S,2ème année secondaire,السنة الثانية ثانوي,SCI,Sciences,علوم,2eme-sciences,GEO,Géographie,الجغرافيا,ar,False,البلاد التونسيّة : المجال والتنمية,10,البلاد التونسيّة : المجال السياحي
secondaire,2S,2ème année secondaire,السنة الثانية ثانوي,SCI,Sciences,علوم,2eme-sciences,GEO,Géographie,الجغرافيا,ar,False,البلاد التونسيّة : المجال والتنمية,11,البلاد التونسيّة : التفاوت الإقليمي
secondaire,2S,2ème année secondaire,السنة الثانية ثانوي,SCI,Sciences,علوم,2eme-sciences,ISLAM,Éducation islamique,التربية الإسلامية,ar,False,التوازن والوسطيّة,1,التفكّر في العبادة
secondaire,2S,2ème année secondaire,السنة الثانية ثانوي,SCI,Sciences,علوم,2eme-sciences,ISLAM,Éducation islamique,التربية الإسلامية,ar,False,التوازن والوسطيّة,2,بناء الشخصيّة
secondaire,2S,2ème année secondaire,السنة الثانية ثانوي,SCI,Sciences,علوم,2eme-sciences,ISLAM,Éducation islamique,التربية الإسلامية,ar,False,الفاعليّة,3,الوحي
secondaire,2S,2ème année secondaire,السنة الثانية ثانوي,SCI,Sciences,علوم,2eme-sciences,ISLAM,Éducation islamique,التربية الإسلامية,ar,False,الفاعليّة,4,التربية والتعليم
secondaire,2S,2ème année secondaire,السنة الثانية ثانوي,SCI,Sciences,علوم,2eme-sciences,ISLAM,Éducation islamique,التربية الإسلامية,ar,False,الفاعليّة,5,الإصلاح
secondaire,2S,2ème année secondaire,السنة الثانية ثانوي,SCI,Sciences,علوم,2eme-sciences,ISLAM,Éducation islamique,التربية الإسلامية,ar,False,الاستشراف,6,الأمل والتوكّل
secondaire,2S,2ème année secondaire,السنة الثانية ثانوي,SCI,Sciences,علوم,2eme-sciences,ISLAM,Éducation islamique,التربية الإسلامية,ar,False,الاستشراف,7,الإنسان ومصيره
secondaire,2S,2ème année secondaire,السنة الثانية ثانوي,SCI,Sciences,علوم,2eme-sciences,CIVIQ,Éducation civique,التربية المدنية,ar,False,,1,الدولة الديمقراطيّة الحديثة
secondaire,2S,2ème année secondaire,السنة الثانية ثانوي,SCI,Sciences,علوم,2eme-sciences,CIVIQ,Éducation civique,التربية المدنية,ar,False,,2,دولة القانون
secondaire,2S,2ème année secondaire,السنة الثانية ثانوي,SCI,Sciences,علوم,2eme-sciences,CIVIQ,Éducation civique,التربية المدنية,ar,False,,3,المجتمع المدني
secondaire,2S,2ème année secondaire,السنة الثانية ثانوي,SPORT,Sport,رياضة,2eme-sport,ARAB,Arabe,العربية,ar,False,,1,أمجاد وبطولات
secondaire,2S,2ème année secondaire,السنة الثانية ثانوي,SPORT,Sport,رياضة,2eme-sport,ARAB,Arabe,العربية,ar,False,,2,شباب وتحدّيات
secondaire,2S,2ème année secondaire,السنة الثانية ثانوي,SPORT,Sport,رياضة,2eme-sport,ARAB,Arabe,العربية,ar,False,,3,الرواية
secondaire,2S,2ème année secondaire,السنة الثانية ثانوي,SPORT,Sport,رياضة,2eme-sport,FRAN,Français,الفرنسية,fr,False,,1,Pages d’amour
secondaire,2S,2ème année secondaire,السنة الثانية ثانوي,SPORT,Sport,رياضة,2eme-sport,FRAN,Français,الفرنسية,fr,False,,2,"Toi, mon semblable"
secondaire,2S,2ème année secondaire,السنة الثانية ثانوي,SPORT,Sport,رياضة,2eme-sport,FRAN,Français,الفرنسية,fr,False,,3,Femme et société
secondaire,2S,2ème année secondaire,السنة الثانية ثانوي,SPORT,Sport,رياضة,2eme-sport,FRAN,Français,الفرنسية,fr,False,,4,Travail et bien-être
secondaire,2S,2ème année secondaire,السنة الثانية ثانوي,SPORT,Sport,رياضة,2eme-sport,FRAN,Français,الفرنسية,fr,False,,5,"Images d’ici, images d’ailleurs"
secondaire,2S,2ème année secondaire,السنة الثانية ثانوي,SPORT,Sport,رياضة,2eme-sport,ANGL,Anglais,الإنجليزية,en,False,,1,Family life
secondaire,2S,2ème année secondaire,السنة الثانية ثانوي,SPORT,Sport,رياضة,2eme-sport,ANGL,Anglais,الإنجليزية,en,False,,2,Communicating with others
secondaire,2S,2ème année secondaire,السنة الثانية ثانوي,SPORT,Sport,رياضة,2eme-sport,ANGL,Anglais,الإنجليزية,en,False,,3,Social life
secondaire,2S,2ème année secondaire,السنة الثانية ثانوي,SPORT,Sport,رياضة,2eme-sport,ANGL,Anglais,الإنجليزية,en,False,,4,Social Problems
secondaire,2S,2ème année secondaire,السنة الثانية ثانوي,SPORT,Sport,رياضة,2eme-sport,ANGL,Anglais,الإنجليزية,en,False,,5,Rights and Duties
secondaire,2S,2ème année secondaire,السنة الثانية ثانوي,SPORT,Sport,رياضة,2eme-sport,ANGL,Anglais,الإنجليزية,en,False,,6,Education
secondaire,2S,2ème année secondaire,السنة الثانية ثانوي,SPORT,Sport,رياضة,2eme-sport,ANGL,Anglais,الإنجليزية,en,False,,7,Professional Life
secondaire,2S,2ème année secondaire,السنة الثانية ثانوي,SPORT,Sport,رياضة,2eme-sport,ANGL,Anglais,الإنجليزية,en,False,,8,Media and Arts
secondaire,2S,2ème année secondaire,السنة الثانية ثانوي,SPORT,Sport,رياضة,2eme-sport,ANGL,Anglais,الإنجليزية,en,False,,9,Science and Technology
secondaire,2S,2ème année secondaire,السنة الثانية ثانوي,SPORT,Sport,رياضة,2eme-sport,ANGL,Anglais,الإنجليزية,en,False,,10,Ecology
secondaire,2S,2ème année secondaire,السنة الثانية ثانوي,SPORT,Sport,رياضة,2eme-sport,MATH,Mathématiques,الرياضيات,fr,False,,1,Equations et inéquations du second degré
secondaire,2S,2ème année secondaire,السنة الثانية ثانوي,SPORT,Sport,رياضة,2eme-sport,MATH,Mathématiques,الرياضيات,fr,False,,2,Système de deux équations du premier degré à deux inconnues
secondaire,2S,2ème année secondaire,السنة الثانية ثانوي,SPORT,Sport,رياضة,2eme-sport,MATH,Mathématiques,الرياضيات,fr,False,,3,Fonctions affines
secondaire,2S,2ème année secondaire,السنة الثانية ثانوي,SPORT,Sport,رياضة,2eme-sport,MATH,Mathématiques,الرياضيات,fr,False,,4,Fonctions : x ↦ ax² ; x ↦ a/x
secondaire,2S,2ème année secondaire,السنة الثانية ثانوي,SPORT,Sport,رياضة,2eme-sport,MATH,Mathématiques,الرياضيات,fr,False,,5,Calcul vectoriel
secondaire,2S,2ème année secondaire,السنة الثانية ثانوي,SPORT,Sport,رياضة,2eme-sport,MATH,Mathématiques,الرياضيات,fr,False,,6,Base et repère cartésien
secondaire,2S,2ème année secondaire,السنة الثانية ثانوي,SPORT,Sport,رياضة,2eme-sport,MATH,Mathématiques,الرياضيات,fr,False,,7,Barycentre
secondaire,2S,2ème année secondaire,السنة الثانية ثانوي,SPORT,Sport,رياضة,2eme-sport,MATH,Mathématiques,الرياضيات,fr,False,,8,Activités dans un repère orthonormé
secondaire,2S,2ème année secondaire,السنة الثانية ثانوي,SPORT,Sport,رياضة,2eme-sport,BIO,Sciences biologiques,علوم البيولوجيا,fr,False,Nutrition et santé,1,Besoins nutritionnels de l’Homme
secondaire,2S,2ème année secondaire,السنة الثانية ثانوي,SPORT,Sport,رياضة,2eme-sport,BIO,Sciences biologiques,علوم البيولوجيا,fr,False,Nutrition et santé,2,Digestion et absorption
secondaire,2S,2ème année secondaire,السنة الثانية ثانوي,SPORT,Sport,رياضة,2eme-sport,BIO,Sciences biologiques,علوم البيولوجيا,fr,False,Nutrition et santé,3,Respiration
secondaire,2S,2ème année secondaire,السنة الثانية ثانوي,SPORT,Sport,رياضة,2eme-sport,BIO,Sciences biologiques,علوم البيولوجيا,fr,False,Nutrition et santé,4,Circulation sanguine
secondaire,2S,2ème année secondaire,السنة الثانية ثانوي,SPORT,Sport,رياضة,2eme-sport,BIO,Sciences biologiques,علوم البيولوجيا,fr,False,Nutrition et santé,5,Métabolisme cellulaire
secondaire,2S,2ème année secondaire,السنة الثانية ثانوي,SPORT,Sport,رياضة,2eme-sport,BIO,Sciences biologiques,علوم البيولوجيا,fr,False,Croissance chez l’Homme,6,Principales périodes de la croissance chez l’Homme
secondaire,2S,2ème année secondaire,السنة الثانية ثانوي,SPORT,Sport,رياضة,2eme-sport,BIO,Sciences biologiques,علوم البيولوجيا,fr,False,Croissance chez l’Homme,7,Mécanisme biologique de la croissance : la mitose
secondaire,2S,2ème année secondaire,السنة الثانية ثانوي,SPORT,Sport,رياضة,2eme-sport,BIO,Sciences biologiques,علوم البيولوجيا,fr,False,Croissance chez l’Homme,8,Contrôle hormonal de la croissance
secondaire,2S,2ème année secondaire,السنة الثانية ثانوي,SPORT,Sport,رياضة,2eme-sport,BIO,Sciences biologiques,علوم البيولوجيا,fr,False,Croissance chez l’Homme,9,Hygiène de la croissance
secondaire,2S,2ème année secondaire,السنة الثانية ثانوي,SPORT,Sport,رياضة,2eme-sport,ISLAM,Éducation islamique,التربية الإسلامية,ar,False,التوازن والوسطيّة,1,التفكّر في العبادة
secondaire,2S,2ème année secondaire,السنة الثانية ثانوي,SPORT,Sport,رياضة,2eme-sport,ISLAM,Éducation islamique,التربية الإسلامية,ar,False,التوازن والوسطيّة,2,بناء الشخصيّة
secondaire,2S,2ème année secondaire,السنة الثانية ثانوي,SPORT,Sport,رياضة,2eme-sport,ISLAM,Éducation islamique,التربية الإسلامية,ar,False,الفاعليّة,3,الوحي
secondaire,2S,2ème année secondaire,السنة الثانية ثانوي,SPORT,Sport,رياضة,2eme-sport,ISLAM,Éducation islamique,التربية الإسلامية,ar,False,الفاعليّة,4,التربية والتعليم
secondaire,2S,2ème année secondaire,السنة الثانية ثانوي,SPORT,Sport,رياضة,2eme-sport,ISLAM,Éducation islamique,التربية الإسلامية,ar,False,الفاعليّة,5,الإصلاح
secondaire,2S,2ème année secondaire,السنة الثانية ثانوي,SPORT,Sport,رياضة,2eme-sport,ISLAM,Éducation islamique,التربية الإسلامية,ar,False,الاستشراف,6,الأمل والتوكّل
secondaire,2S,2ème année secondaire,السنة الثانية ثانوي,SPORT,Sport,رياضة,2eme-sport,ISLAM,Éducation islamique,التربية الإسلامية,ar,False,الاستشراف,7,الإنسان ومصيره
secondaire,2S,2ème année secondaire,السنة الثانية ثانوي,SPORT,Sport,رياضة,2eme-sport,CIVIQ,Éducation civique,التربية المدنية,ar,False,,1,الدولة الديمقراطيّة الحديثة
secondaire,2S,2ème année secondaire,السنة الثانية ثانوي,SPORT,Sport,رياضة,2eme-sport,CIVIQ,Éducation civique,التربية المدنية,ar,False,,2,دولة القانون
secondaire,2S,2ème année secondaire,السنة الثانية ثانوي,SPORT,Sport,رياضة,2eme-sport,CIVIQ,Éducation civique,التربية المدنية,ar,False,,3,المجتمع المدني
secondaire,2S,2ème année secondaire,السنة الثانية ثانوي,TI,Technologie de l'informatique,تكنولوجيا الإعلامية,2eme-technologie-informatique,ARAB,Arabe,العربية,ar,False,,1,الشعر الجاهلي
secondaire,2S,2ème année secondaire,السنة الثانية ثانوي,TI,Technologie de l'informatique,تكنولوجيا الإعلامية,2eme-technologie-informatique,ARAB,Arabe,العربية,ar,False,,2,التجديد في الشعر العربي في القرن الثاني للهجرة
secondaire,2S,2ème année secondaire,السنة الثانية ثانوي,TI,Technologie de l'informatique,تكنولوجيا الإعلامية,2eme-technologie-informatique,ARAB,Arabe,العربية,ar,False,,3,النادرة
secondaire,2S,2ème année secondaire,السنة الثانية ثانوي,TI,Technologie de l'informatique,تكنولوجيا الإعلامية,2eme-technologie-informatique,ARAB,Arabe,العربية,ar,False,,4,المسائل الحضارية
secondaire,2S,2ème année secondaire,السنة الثانية ثانوي,TI,Technologie de l'informatique,تكنولوجيا الإعلامية,2eme-technologie-informatique,ARAB,Arabe,العربية,ar,False,,5,المحور الخامس (لمسلك الآداب)
secondaire,2S,2ème année secondaire,السنة الثانية ثانوي,TI,Technologie de l'informatique,تكنولوجيا الإعلامية,2eme-technologie-informatique,ARAB,Arabe,العربية,ar,False,,6,المحور الخامس (لمسالك العلوم / تكنولوجيا الإعلاميّة / الاقتصاد والخدمات)
secondaire,2S,2ème année secondaire,السنة الثانية ثانوي,TI,Technologie de l'informatique,تكنولوجيا الإعلامية,2eme-technologie-informatique,ARAB,Arabe,العربية,ar,False,,7,التواصل
secondaire,2S,2ème année secondaire,السنة الثانية ثانوي,TI,Technologie de l'informatique,تكنولوجيا الإعلامية,2eme-technologie-informatique,ARAB,Arabe,العربية,ar,False,,8,دلالات الصيغ الصرفيّة
secondaire,2S,2ème année secondaire,السنة الثانية ثانوي,TI,Technologie de l'informatique,تكنولوجيا الإعلامية,2eme-technologie-informatique,FRAN,Français,الفرنسية,fr,False,,1,Pages d’amour
secondaire,2S,2ème année secondaire,السنة الثانية ثانوي,TI,Technologie de l'informatique,تكنولوجيا الإعلامية,2eme-technologie-informatique,FRAN,Français,الفرنسية,fr,False,,2,"Toi, mon semblable"
secondaire,2S,2ème année secondaire,السنة الثانية ثانوي,TI,Technologie de l'informatique,تكنولوجيا الإعلامية,2eme-technologie-informatique,FRAN,Français,الفرنسية,fr,False,,3,Femme et société
secondaire,2S,2ème année secondaire,السنة الثانية ثانوي,TI,Technologie de l'informatique,تكنولوجيا الإعلامية,2eme-technologie-informatique,FRAN,Français,الفرنسية,fr,False,,4,Travail et bien-être
secondaire,2S,2ème année secondaire,السنة الثانية ثانوي,TI,Technologie de l'informatique,تكنولوجيا الإعلامية,2eme-technologie-informatique,FRAN,Français,الفرنسية,fr,False,,5,"Images d’ici, images d’ailleurs"
secondaire,2S,2ème année secondaire,السنة الثانية ثانوي,TI,Technologie de l'informatique,تكنولوجيا الإعلامية,2eme-technologie-informatique,ANGL,Anglais,الإنجليزية,en,False,,1,Family life
secondaire,2S,2ème année secondaire,السنة الثانية ثانوي,TI,Technologie de l'informatique,تكنولوجيا الإعلامية,2eme-technologie-informatique,ANGL,Anglais,الإنجليزية,en,False,,2,Communicating with others
secondaire,2S,2ème année secondaire,السنة الثانية ثانوي,TI,Technologie de l'informatique,تكنولوجيا الإعلامية,2eme-technologie-informatique,ANGL,Anglais,الإنجليزية,en,False,,3,Social life
secondaire,2S,2ème année secondaire,السنة الثانية ثانوي,TI,Technologie de l'informatique,تكنولوجيا الإعلامية,2eme-technologie-informatique,ANGL,Anglais,الإنجليزية,en,False,,4,Social Problems
secondaire,2S,2ème année secondaire,السنة الثانية ثانوي,TI,Technologie de l'informatique,تكنولوجيا الإعلامية,2eme-technologie-informatique,ANGL,Anglais,الإنجليزية,en,False,,5,Rights and Duties
secondaire,2S,2ème année secondaire,السنة الثانية ثانوي,TI,Technologie de l'informatique,تكنولوجيا الإعلامية,2eme-technologie-informatique,ANGL,Anglais,الإنجليزية,en,False,,6,Education
secondaire,2S,2ème année secondaire,السنة الثانية ثانوي,TI,Technologie de l'informatique,تكنولوجيا الإعلامية,2eme-technologie-informatique,ANGL,Anglais,الإنجليزية,en,False,,7,Professional Life
secondaire,2S,2ème année secondaire,السنة الثانية ثانوي,TI,Technologie de l'informatique,تكنولوجيا الإعلامية,2eme-technologie-informatique,ANGL,Anglais,الإنجليزية,en,False,,8,Media and Arts
secondaire,2S,2ème année secondaire,السنة الثانية ثانوي,TI,Technologie de l'informatique,تكنولوجيا الإعلامية,2eme-technologie-informatique,ANGL,Anglais,الإنجليزية,en,False,,9,Science and Technology
secondaire,2S,2ème année secondaire,السنة الثانية ثانوي,TI,Technologie de l'informatique,تكنولوجيا الإعلامية,2eme-technologie-informatique,ANGL,Anglais,الإنجليزية,en,False,,10,Ecology
secondaire,2S,2ème année secondaire,السنة الثانية ثانوي,TI,Technologie de l'informatique,تكنولوجيا الإعلامية,2eme-technologie-informatique,MATH,Mathématiques,الرياضيات,fr,False,,1,Calcul dans IR
secondaire,2S,2ème année secondaire,السنة الثانية ثانوي,TI,Technologie de l'informatique,تكنولوجيا الإعلامية,2eme-technologie-informatique,MATH,Mathématiques,الرياضيات,fr,False,,2,Problèmes du 1er degré et problèmes du second degré
secondaire,2S,2ème année secondaire,السنة الثانية ثانوي,TI,Technologie de l'informatique,تكنولوجيا الإعلامية,2eme-technologie-informatique,MATH,Mathématiques,الرياضيات,fr,False,,3,Notion de polynômes
secondaire,2S,2ème année secondaire,السنة الثانية ثانوي,TI,Technologie de l'informatique,تكنولوجيا الإعلامية,2eme-technologie-informatique,MATH,Mathématiques,الرياضيات,fr,False,,4,Arithmétique
secondaire,2S,2ème année secondaire,السنة الثانية ثانوي,TI,Technologie de l'informatique,تكنولوجيا الإعلامية,2eme-technologie-informatique,MATH,Mathématiques,الرياضيات,fr,False,,5,Calcul vectoriel
secondaire,2S,2ème année secondaire,السنة الثانية ثانوي,TI,Technologie de l'informatique,تكنولوجيا الإعلامية,2eme-technologie-informatique,MATH,Mathématiques,الرياضيات,fr,False,,6,Barycentre
secondaire,2S,2ème année secondaire,السنة الثانية ثانوي,TI,Technologie de l'informatique,تكنولوجيا الإعلامية,2eme-technologie-informatique,MATH,Mathématiques,الرياضيات,fr,False,,7,Translations
secondaire,2S,2ème année secondaire,السنة الثانية ثانوي,TI,Technologie de l'informatique,تكنولوجيا الإعلامية,2eme-technologie-informatique,MATH,Mathématiques,الرياضيات,fr,False,,8,Homothéties
secondaire,2S,2ème année secondaire,السنة الثانية ثانوي,TI,Technologie de l'informatique,تكنولوجيا الإعلامية,2eme-technologie-informatique,MATH,Mathématiques,الرياضيات,fr,False,,9,Rotations
secondaire,2S,2ème année secondaire,السنة الثانية ثانوي,TI,Technologie de l'informatique,تكنولوجيا الإعلامية,2eme-technologie-informatique,MATH,Mathématiques,الرياضيات,fr,False,,10,Suites arithmétiques
secondaire,2S,2ème année secondaire,السنة الثانية ثانوي,TI,Technologie de l'informatique,تكنولوجيا الإعلامية,2eme-technologie-informatique,MATH,Mathématiques,الرياضيات,fr,False,,11,Suites géométriques
secondaire,2S,2ème année secondaire,السنة الثانية ثانوي,TI,Technologie de l'informatique,تكنولوجيا الإعلامية,2eme-technologie-informatique,MATH,Mathématiques,الرياضيات,fr,False,,12,Généralités sur les fonctions
secondaire,2S,2ème année secondaire,السنة الثانية ثانوي,TI,Technologie de l'informatique,تكنولوجيا الإعلامية,2eme-technologie-informatique,MATH,Mathématiques,الرياضيات,fr,False,,13,Fonctions de référence
secondaire,2S,2ème année secondaire,السنة الثانية ثانوي,TI,Technologie de l'informatique,تكنولوجيا الإعلامية,2eme-technologie-informatique,MATH,Mathématiques,الرياضيات,fr,False,,14,Trigonométrie et mesure des grandeurs
secondaire,2S,2ème année secondaire,السنة الثانية ثانوي,TI,Technologie de l'informatique,تكنولوجيا الإعلامية,2eme-technologie-informatique,MATH,Mathématiques,الرياضيات,fr,False,,15,Géométrie analytique
secondaire,2S,2ème année secondaire,السنة الثانية ثانوي,TI,Technologie de l'informatique,تكنولوجيا الإعلامية,2eme-technologie-informatique,MATH,Mathématiques,الرياضيات,fr,False,,16,Droites et plans de l'espace
secondaire,2S,2ème année secondaire,السنة الثانية ثانوي,TI,Technologie de l'informatique,تكنولوجيا الإعلامية,2eme-technologie-informatique,MATH,Mathématiques,الرياضيات,fr,False,,17,Parallélisme dans l'espace
secondaire,2S,2ème année secondaire,السنة الثانية ثانوي,TI,Technologie de l'informatique,تكنولوجيا الإعلامية,2eme-technologie-informatique,MATH,Mathématiques,الرياضيات,fr,False,,18,Orthogonalité dans l'espace
secondaire,2S,2ème année secondaire,السنة الثانية ثانوي,TI,Technologie de l'informatique,تكنولوجيا الإعلامية,2eme-technologie-informatique,MATH,Mathématiques,الرياضيات,fr,False,,19,Statistiques
secondaire,2S,2ème année secondaire,السنة الثانية ثانوي,TI,Technologie de l'informatique,تكنولوجيا الإعلامية,2eme-technologie-informatique,PHYS,Sciences physiques,العلوم الفيزيائية,fr,False,Physique > Circuits électriques et électroniques,1,Puissance et énergie électriques
secondaire,2S,2ème année secondaire,السنة الثانية ثانوي,TI,Technologie de l'informatique,تكنولوجيا الإعلامية,2eme-technologie-informatique,PHYS,Sciences physiques,العلوم الفيزيائية,fr,False,Physique > Circuits électriques et électroniques,2,Conductibilité électrique
secondaire,2S,2ème année secondaire,السنة الثانية ثانوي,TI,Technologie de l'informatique,تكنولوجيا الإعلامية,2eme-technologie-informatique,PHYS,Sciences physiques,العلوم الفيزيائية,fr,False,Physique > Circuits électriques et électroniques,3,Caractéristiques des dipôles passifs et actifs
secondaire,2S,2ème année secondaire,السنة الثانية ثانوي,TI,Technologie de l'informatique,تكنولوجيا الإعلامية,2eme-technologie-informatique,PHYS,Sciences physiques,العلوم الفيزيائية,fr,False,Physique > Circuits électriques et électroniques,4,La diode
secondaire,2S,2ème année secondaire,السنة الثانية ثانوي,TI,Technologie de l'informatique,تكنولوجيا الإعلامية,2eme-technologie-informatique,PHYS,Sciences physiques,العلوم الفيزيائية,fr,False,Physique > Circuits électriques et électroniques,5,Le transistor
secondaire,2S,2ème année secondaire,السنة الثانية ثانوي,TI,Technologie de l'informatique,تكنولوجيا الإعلامية,2eme-technologie-informatique,PHYS,Sciences physiques,العلوم الفيزيائية,fr,False,Physique > Circuits électriques et électroniques,6,Courant alternatif
secondaire,2S,2ème année secondaire,السنة الثانية ثانوي,TI,Technologie de l'informatique,تكنولوجيا الإعلامية,2eme-technologie-informatique,PHYS,Sciences physiques,العلوم الفيزيائية,fr,False,"Physique > Forces, mouvements et pression",7,Forces et équilibre
secondaire,2S,2ème année secondaire,السنة الثانية ثانوي,TI,Technologie de l'informatique,تكنولوجيا الإعلامية,2eme-technologie-informatique,PHYS,Sciences physiques,العلوم الفيزيائية,fr,False,"Physique > Forces, mouvements et pression",8,Mouvements d’un point matériel : étude cinématique
secondaire,2S,2ème année secondaire,السنة الثانية ثانوي,TI,Technologie de l'informatique,تكنولوجيا الإعلامية,2eme-technologie-informatique,PHYS,Sciences physiques,العلوم الفيزيائية,fr,False,"Physique > Forces, mouvements et pression",9,Pression
secondaire,2S,2ème année secondaire,السنة الثانية ثانوي,TI,Technologie de l'informatique,تكنولوجيا الإعلامية,2eme-technologie-informatique,PHYS,Sciences physiques,العلوم الفيزيائية,fr,False,Physique > Energie et contrôle,10,Energie cinétique - Energies potentielles - Energie thermique
secondaire,2S,2ème année secondaire,السنة الثانية ثانوي,TI,Technologie de l'informatique,تكنولوجيا الإعلامية,2eme-technologie-informatique,PHYS,Sciences physiques,العلوم الفيزيائية,fr,False,Physique > Energie et contrôle,11,Travail et puissance
secondaire,2S,2ème année secondaire,السنة الثانية ثانوي,TI,Technologie de l'informatique,تكنولوجيا الإعلامية,2eme-technologie-informatique,PHYS,Sciences physiques,العلوم الفيزيائية,fr,False,Physique > Lumière,12,Réflexion de la lumière
secondaire,2S,2ème année secondaire,السنة الثانية ثانوي,TI,Technologie de l'informatique,تكنولوجيا الإعلامية,2eme-technologie-informatique,PHYS,Sciences physiques,العلوم الفيزيائية,fr,False,Physique > Lumière,13,Réfraction de la lumière
secondaire,2S,2ème année secondaire,السنة الثانية ثانوي,TI,Technologie de l'informatique,تكنولوجيا الإعلامية,2eme-technologie-informatique,PHYS,Sciences physiques,العلوم الفيزيائية,fr,False,Chimie > La matière,14,Un modèle de description de l’atome
secondaire,2S,2ème année secondaire,السنة الثانية ثانوي,TI,Technologie de l'informatique,تكنولوجيا الإعلامية,2eme-technologie-informatique,PHYS,Sciences physiques,العلوم الفيزيائية,fr,False,Chimie > La matière,15,L’élément chimique
secondaire,2S,2ème année secondaire,السنة الثانية ثانوي,TI,Technologie de l'informatique,تكنولوجيا الإعلامية,2eme-technologie-informatique,PHYS,Sciences physiques,العلوم الفيزيائية,fr,False,Chimie > La matière,16,Un modèle du cortège électronique
secondaire,2S,2ème année secondaire,السنة الثانية ثانوي,TI,Technologie de l'informatique,تكنولوجيا الإعلامية,2eme-technologie-informatique,PHYS,Sciences physiques,العلوم الفيزيائية,fr,False,Chimie > La matière,17,Des atomes aux molécules
secondaire,2S,2ème année secondaire,السنة الثانية ثانوي,TI,Technologie de l'informatique,تكنولوجيا الإعلامية,2eme-technologie-informatique,PHYS,Sciences physiques,العلوم الفيزيائية,fr,False,Chimie > La matière,18,Tableau de la classification périodique des éléments
secondaire,2S,2ème année secondaire,السنة الثانية ثانوي,TI,Technologie de l'informatique,تكنولوجيا الإعلامية,2eme-technologie-informatique,PHYS,Sciences physiques,العلوم الفيزيائية,fr,False,Chimie > Les solutions aqueuses acides et basiques,19,Le pH des solutions aqueuses
secondaire,2S,2ème année secondaire,السنة الثانية ثانوي,TI,Technologie de l'informatique,تكنولوجيا الإعلامية,2eme-technologie-informatique,PHYS,Sciences physiques,العلوم الفيزيائية,fr,False,Chimie > Les solutions aqueuses acides et basiques,20,Réactions des solutions acides et basiques
secondaire,2S,2ème année secondaire,السنة الثانية ثانوي,TI,Technologie de l'informatique,تكنولوجيا الإعلامية,2eme-technologie-informatique,PHYS,Sciences physiques,العلوم الفيزيائية,fr,False,Chimie > Chimie organique : les matières plastiques,21,Généralités sur les matières plastiques
secondaire,2S,2ème année secondaire,السنة الثانية ثانوي,TI,Technologie de l'informatique,تكنولوجيا الإعلامية,2eme-technologie-informatique,PHYS,Sciences physiques,العلوم الفيزيائية,fr,False,Chimie > Chimie organique : les matières plastiques,22,Les déchets plastiques
secondaire,2S,2ème année secondaire,السنة الثانية ثانوي,TI,Technologie de l'informatique,تكنولوجيا الإعلامية,2eme-technologie-informatique,TECHNO,Technologie,التكنولوجيا,fr,False,Analyse fonctionnelle,1,Analyse fonctionnelle interne
secondaire,2S,2ème année secondaire,السنة الثانية ثانوي,TI,Technologie de l'informatique,تكنولوجيا الإعلامية,2eme-technologie-informatique,TECHNO,Technologie,التكنولوجيا,fr,False,Analyse fonctionnelle,2,Description temporelle du comportement d’un système technique
secondaire,2S,2ème année secondaire,السنة الثانية ثانوي,TI,Technologie de l'informatique,تكنولوجيا الإعلامية,2eme-technologie-informatique,TECHNO,Technologie,التكنولوجيا,fr,False,Analyse structurelle et conception,3,Définition graphique d’un objet technique et DAO
secondaire,2S,2ème année secondaire,السنة الثانية ثانوي,TI,Technologie de l'informatique,تكنولوجيا الإعلامية,2eme-technologie-informatique,TECHNO,Technologie,التكنولوجيا,fr,False,Analyse structurelle et conception,4,Système de numération et codes
secondaire,2S,2ème année secondaire,السنة الثانية ثانوي,TI,Technologie de l'informatique,تكنولوجيا الإعلامية,2eme-technologie-informatique,TECHNO,Technologie,التكنولوجيا,fr,False,Analyse structurelle et conception,5,Transmission de puissance
secondaire,2S,2ème année secondaire,السنة الثانية ثانوي,TI,Technologie de l'informatique,تكنولوجيا الإعلامية,2eme-technologie-informatique,TECHNO,Technologie,التكنولوجيا,fr,False,Réalisation et production,6,Procédés de mise en forme des matériaux – Procédés et typologie des assemblages – Métrologie
secondaire,2S,2ème année secondaire,السنة الثانية ثانوي,TI,Technologie de l'informatique,تكنولوجيا الإعلامية,2eme-technologie-informatique,TECHNO,Technologie,التكنولوجيا,fr,False,Réalisation et production,7,Systèmes embarqués : programmation d’une carte de commande
secondaire,2S,2ème année secondaire,السنة الثانية ثانوي,TI,Technologie de l'informatique,تكنولوجيا الإعلامية,2eme-technologie-informatique,HIST,Histoire,التاريخ,ar,False,,1,الحضارات القديمة في الشرق والعالم المتوسطي
secondaire,2S,2ème année secondaire,السنة الثانية ثانوي,TI,Technologie de l'informatique,تكنولوجيا الإعلامية,2eme-technologie-informatique,HIST,Histoire,التاريخ,ar,False,,2,التطوّر الحضاري والتحوّلات التاريخيّة في المشرق الإسلامي : من ظهور الإسلام إلى نهاية القرن 5 هـ / 11 م
secondaire,2S,2ème année secondaire,السنة الثانية ثانوي,TI,Technologie de l'informatique,تكنولوجيا الإعلامية,2eme-technologie-informatique,HIST,Histoire,التاريخ,ar,False,,3,التطوّر الحضاري والتحوّلات التاريخيّة في الغرب الإسلامي من بداية القرن الثاني إلى القرن 9 هـ / من ق 8 م إلى ق 15 م
secondaire,2S,2ème année secondaire,السنة الثانية ثانوي,TI,Technologie de l'informatique,تكنولوجيا الإعلامية,2eme-technologie-informatique,HIST,Histoire,التاريخ,ar,False,,4,العالم المتوسطي في القرن 16
secondaire,2S,2ème année secondaire,السنة الثانية ثانوي,TI,Technologie de l'informatique,تكنولوجيا الإعلامية,2eme-technologie-informatique,GEO,Géographie,الجغرافيا,ar,False,العالم العربي : المجال والتنمية,1,الموقع والوسط الطبيعي بالعالم العربي : المزايا والضغوطات
secondaire,2S,2ème année secondaire,السنة الثانية ثانوي,TI,Technologie de l'informatique,تكنولوجيا الإعلامية,2eme-technologie-informatique,GEO,Géographie,الجغرافيا,ar,False,العالم العربي : المجال والتنمية,2,الموارد الطبيعيّة بالعالم العربي
secondaire,2S,2ème année secondaire,السنة الثانية ثانوي,TI,Technologie de l'informatique,تكنولوجيا الإعلامية,2eme-technologie-informatique,GEO,Géographie,الجغرافيا,ar,False,العالم العربي : المجال والتنمية,3,العالم العربي : السكّان والمسألة السكانيّة
secondaire,2S,2ème année secondaire,السنة الثانية ثانوي,TI,Technologie de l'informatique,تكنولوجيا الإعلامية,2eme-technologie-informatique,GEO,Géographie,الجغرافيا,ar,False,العالم العربي : المجال والتنمية,4,التنمية الاقتصاديّة في العالم العربي
secondaire,2S,2ème année secondaire,السنة الثانية ثانوي,TI,Technologie de l'informatique,تكنولوجيا الإعلامية,2eme-technologie-informatique,GEO,Géographie,الجغرافيا,ar,False,البلاد التونسيّة : المجال والتنمية,5,الوسط الطبيعي التونسي : المزايا والضغوطات
secondaire,2S,2ème année secondaire,السنة الثانية ثانوي,TI,Technologie de l'informatique,تكنولوجيا الإعلامية,2eme-technologie-informatique,GEO,Géographie,الجغرافيا,ar,False,البلاد التونسيّة : المجال والتنمية,6,الموارد الطبيعيّة بالبلاد التونسيّة
secondaire,2S,2ème année secondaire,السنة الثانية ثانوي,TI,Technologie de l'informatique,تكنولوجيا الإعلامية,2eme-technologie-informatique,GEO,Géographie,الجغرافيا,ar,False,البلاد التونسيّة : المجال والتنمية,7,البلاد التونسيّة : السكّان
secondaire,2S,2ème année secondaire,السنة الثانية ثانوي,TI,Technologie de l'informatique,تكنولوجيا الإعلامية,2eme-technologie-informatique,GEO,Géographie,الجغرافيا,ar,False,البلاد التونسيّة : المجال والتنمية,8,البلاد التونسيّة : المجال الفلاحي
secondaire,2S,2ème année secondaire,السنة الثانية ثانوي,TI,Technologie de l'informatique,تكنولوجيا الإعلامية,2eme-technologie-informatique,GEO,Géographie,الجغرافيا,ar,False,البلاد التونسيّة : المجال والتنمية,9,البلاد التونسيّة : المجال الصناعي
secondaire,2S,2ème année secondaire,السنة الثانية ثانوي,TI,Technologie de l'informatique,تكنولوجيا الإعلامية,2eme-technologie-informatique,GEO,Géographie,الجغرافيا,ar,False,البلاد التونسيّة : المجال والتنمية,10,البلاد التونسيّة : المجال السياحي
secondaire,2S,2ème année secondaire,السنة الثانية ثانوي,TI,Technologie de l'informatique,تكنولوجيا الإعلامية,2eme-technologie-informatique,GEO,Géographie,الجغرافيا,ar,False,البلاد التونسيّة : المجال والتنمية,11,البلاد التونسيّة : التفاوت الإقليمي
secondaire,2S,2ème année secondaire,السنة الثانية ثانوي,TI,Technologie de l'informatique,تكنولوجيا الإعلامية,2eme-technologie-informatique,ISLAM,Éducation islamique,التربية الإسلامية,ar,False,التوازن والوسطيّة,1,التفكّر في العبادة
secondaire,2S,2ème année secondaire,السنة الثانية ثانوي,TI,Technologie de l'informatique,تكنولوجيا الإعلامية,2eme-technologie-informatique,ISLAM,Éducation islamique,التربية الإسلامية,ar,False,التوازن والوسطيّة,2,بناء الشخصيّة
secondaire,2S,2ème année secondaire,السنة الثانية ثانوي,TI,Technologie de l'informatique,تكنولوجيا الإعلامية,2eme-technologie-informatique,ISLAM,Éducation islamique,التربية الإسلامية,ar,False,الفاعليّة,3,الوحي
secondaire,2S,2ème année secondaire,السنة الثانية ثانوي,TI,Technologie de l'informatique,تكنولوجيا الإعلامية,2eme-technologie-informatique,ISLAM,Éducation islamique,التربية الإسلامية,ar,False,الفاعليّة,4,التربية والتعليم
secondaire,2S,2ème année secondaire,السنة الثانية ثانوي,TI,Technologie de l'informatique,تكنولوجيا الإعلامية,2eme-technologie-informatique,ISLAM,Éducation islamique,التربية الإسلامية,ar,False,الفاعليّة,5,الإصلاح
secondaire,2S,2ème année secondaire,السنة الثانية ثانوي,TI,Technologie de l'informatique,تكنولوجيا الإعلامية,2eme-technologie-informatique,ISLAM,Éducation islamique,التربية الإسلامية,ar,False,الاستشراف,6,الأمل والتوكّل
secondaire,2S,2ème année secondaire,السنة الثانية ثانوي,TI,Technologie de l'informatique,تكنولوجيا الإعلامية,2eme-technologie-informatique,ISLAM,Éducation islamique,التربية الإسلامية,ar,False,الاستشراف,7,الإنسان ومصيره
secondaire,2S,2ème année secondaire,السنة الثانية ثانوي,TI,Technologie de l'informatique,تكنولوجيا الإعلامية,2eme-technologie-informatique,CIVIQ,Éducation civique,التربية المدنية,ar,False,,1,الدولة الديمقراطيّة الحديثة
secondaire,2S,2ème année secondaire,السنة الثانية ثانوي,TI,Technologie de l'informatique,تكنولوجيا الإعلامية,2eme-technologie-informatique,CIVIQ,Éducation civique,التربية المدنية,ar,False,,2,دولة القانون
secondaire,2S,2ème année secondaire,السنة الثانية ثانوي,TI,Technologie de l'informatique,تكنولوجيا الإعلامية,2eme-technologie-informatique,CIVIQ,Éducation civique,التربية المدنية,ar,False,,3,المجتمع المدني
secondaire,3S,3ème année secondaire,السنة الثالثة ثانوي,ECO,Économie et gestion,اقتصاد وتصرف,3eme-economie-gestion,ARAB,Arabe,العربية,ar,False,,1,الفكاهة والهزل في القص العربي القديم
secondaire,3S,3ème année secondaire,السنة الثالثة ثانوي,ECO,Économie et gestion,اقتصاد وتصرف,3eme-economie-gestion,ARAB,Arabe,العربية,ar,False,,2,صور ونصوص
secondaire,3S,3ème année secondaire,السنة الثالثة ثانوي,ECO,Économie et gestion,اقتصاد وتصرف,3eme-economie-gestion,ARAB,Arabe,العربية,ar,False,,3,شواغل المرأة بقلم المرأة
secondaire,3S,3ème année secondaire,السنة الثالثة ثانوي,ECO,Économie et gestion,اقتصاد وتصرف,3eme-economie-gestion,ARAB,Arabe,العربية,ar,False,,4,العدل والإنصاف
secondaire,3S,3ème année secondaire,السنة الثالثة ثانوي,ECO,Économie et gestion,اقتصاد وتصرف,3eme-economie-gestion,ARAB,Arabe,العربية,ar,False,,5,حرية التعبير
secondaire,3S,3ème année secondaire,السنة الثالثة ثانوي,ECO,Économie et gestion,اقتصاد وتصرف,3eme-economie-gestion,ARAB,Arabe,العربية,ar,False,,6,الإنسان والمكان
secondaire,3S,3ème année secondaire,السنة الثالثة ثانوي,ECO,Économie et gestion,اقتصاد وتصرف,3eme-economie-gestion,FRAN,Français,الفرنسية,fr,False,,1,Invitation au voyage
secondaire,3S,3ème année secondaire,السنة الثالثة ثانوي,ECO,Économie et gestion,اقتصاد وتصرف,3eme-economie-gestion,FRAN,Français,الفرنسية,fr,False,,2,Le mythe aujourd’hui
secondaire,3S,3ème année secondaire,السنة الثالثة ثانوي,ECO,Économie et gestion,اقتصاد وتصرف,3eme-economie-gestion,FRAN,Français,الفرنسية,fr,False,,3,Le droit à la différence
secondaire,3S,3ème année secondaire,السنة الثالثة ثانوي,ECO,Économie et gestion,اقتصاد وتصرف,3eme-economie-gestion,FRAN,Français,الفرنسية,fr,False,,4,Module de lecture : Celui qui n’avait jamais vu la mer
secondaire,3S,3ème année secondaire,السنة الثالثة ثانوي,ECO,Économie et gestion,اقتصاد وتصرف,3eme-economie-gestion,FRAN,Français,الفرنسية,fr,False,,5,Scènes comiques
secondaire,3S,3ème année secondaire,السنة الثالثة ثانوي,ECO,Économie et gestion,اقتصاد وتصرف,3eme-economie-gestion,FRAN,Français,الفرنسية,fr,False,,6,Le pouvoir de l’image
secondaire,3S,3ème année secondaire,السنة الثالثة ثانوي,ECO,Économie et gestion,اقتصاد وتصرف,3eme-economie-gestion,ANGL,Anglais,الإنجليزية,en,False,,1,"In time of test, family is best"
secondaire,3S,3ème année secondaire,السنة الثالثة ثانوي,ECO,Économie et gestion,اقتصاد وتصرف,3eme-economie-gestion,ANGL,Anglais,الإنجليزية,en,False,,2,"We learn to give, share and care"
secondaire,3S,3ème année secondaire,السنة الثالثة ثانوي,ECO,Économie et gestion,اقتصاد وتصرف,3eme-economie-gestion,ANGL,Anglais,الإنجليزية,en,False,,3,A change is as good as a rest
secondaire,3S,3ème année secondaire,السنة الثالثة ثانوي,ECO,Économie et gestion,اقتصاد وتصرف,3eme-economie-gestion,ANGL,Anglais,الإنجليزية,en,False,,4,Science and technology: a blessing or a curse?
secondaire,3S,3ème année secondaire,السنة الثالثة ثانوي,ECO,Économie et gestion,اقتصاد وتصرف,3eme-economie-gestion,ANGL,Anglais,الإنجليزية,en,False,,5,Education is not filling a bucket but lighting a fire
secondaire,3S,3ème année secondaire,السنة الثالثة ثانوي,ECO,Économie et gestion,اقتصاد وتصرف,3eme-economie-gestion,ANGL,Anglais,الإنجليزية,en,False,,6,Nature: any future without it?
secondaire,3S,3ème année secondaire,السنة الثالثة ثانوي,ECO,Économie et gestion,اقتصاد وتصرف,3eme-economie-gestion,GEST,Gestion,التصرف,ar,False,,1,Module évaluation consolidation
secondaire,3S,3ème année secondaire,السنة الثالثة ثانوي,ECO,Économie et gestion,اقتصاد وتصرف,3eme-economie-gestion,GEST,Gestion,التصرف,ar,False,,2,La fonction approvisionnement
secondaire,3S,3ème année secondaire,السنة الثالثة ثانوي,ECO,Économie et gestion,اقتصاد وتصرف,3eme-economie-gestion,GEST,Gestion,التصرف,ar,False,,3,La fonction production
secondaire,3S,3ème année secondaire,السنة الثالثة ثانوي,ECO,Économie et gestion,اقتصاد وتصرف,3eme-economie-gestion,GEST,Gestion,التصرف,ar,False,,4,La fonction commerciale
secondaire,3S,3ème année secondaire,السنة الثالثة ثانوي,ECO,Économie et gestion,اقتصاد وتصرف,3eme-economie-gestion,GEST,Gestion,التصرف,ar,False,,5,La fonction « Ressources Humaines »
secondaire,3S,3ème année secondaire,السنة الثالثة ثانوي,ECO,Économie et gestion,اقتصاد وتصرف,3eme-economie-gestion,GEST,Gestion,التصرف,ar,False,,6,La fonction financière
secondaire,3S,3ème année secondaire,السنة الثالثة ثانوي,ECO,Économie et gestion,اقتصاد وتصرف,3eme-economie-gestion,MATH,Mathématiques,الرياضيات,fr,False,,1,Statistiques
secondaire,3S,3ème année secondaire,السنة الثالثة ثانوي,ECO,Économie et gestion,اقتصاد وتصرف,3eme-economie-gestion,MATH,Mathématiques,الرياضيات,fr,False,,2,Suites réelles
secondaire,3S,3ème année secondaire,السنة الثالثة ثانوي,ECO,Économie et gestion,اقتصاد وتصرف,3eme-economie-gestion,MATH,Mathématiques,الرياضيات,fr,False,,3,Dénombrement
secondaire,3S,3ème année secondaire,السنة الثالثة ثانوي,ECO,Économie et gestion,اقتصاد وتصرف,3eme-economie-gestion,MATH,Mathématiques,الرياضيات,fr,False,,4,Probabilités
secondaire,3S,3ème année secondaire,السنة الثالثة ثانوي,ECO,Économie et gestion,اقتصاد وتصرف,3eme-economie-gestion,MATH,Mathématiques,الرياضيات,fr,False,,5,Initiation aux graphes
secondaire,3S,3ème année secondaire,السنة الثالثة ثانوي,ECO,Économie et gestion,اقتصاد وتصرف,3eme-economie-gestion,MATH,Mathématiques,الرياضيات,fr,False,,6,Système d'équations linéaires
secondaire,3S,3ème année secondaire,السنة الثالثة ثانوي,ECO,Économie et gestion,اقتصاد وتصرف,3eme-economie-gestion,MATH,Mathématiques,الرياضيات,fr,False,,7,Généralités sur les fonctions
secondaire,3S,3ème année secondaire,السنة الثالثة ثانوي,ECO,Économie et gestion,اقتصاد وتصرف,3eme-economie-gestion,MATH,Mathématiques,الرياضيات,fr,False,,8,Limite finie en un point & continuité
secondaire,3S,3ème année secondaire,السنة الثالثة ثانوي,ECO,Économie et gestion,اقتصاد وتصرف,3eme-economie-gestion,MATH,Mathématiques,الرياضيات,fr,False,,9,Extension de la notion de limite & branches infinies
secondaire,3S,3ème année secondaire,السنة الثالثة ثانوي,ECO,Économie et gestion,اقتصاد وتصرف,3eme-economie-gestion,MATH,Mathématiques,الرياضيات,fr,False,,10,Dérivation
secondaire,3S,3ème année secondaire,السنة الثالثة ثانوي,ECO,Économie et gestion,اقتصاد وتصرف,3eme-economie-gestion,MATH,Mathématiques,الرياضيات,fr,False,,11,Exemples d'études de fonctions
secondaire,3S,3ème année secondaire,السنة الثالثة ثانوي,ECO,Économie et gestion,اقتصاد وتصرف,3eme-economie-gestion,MATH,Mathématiques,الرياضيات,fr,False,,12,Fonctions trigonométriques
secondaire,3S,3ème année secondaire,السنة الثالثة ثانوي,ECO,Économie et gestion,اقتصاد وتصرف,3eme-economie-gestion,HIST,Histoire,التاريخ,ar,False,,1,أوروبا والعالم المتوسطي في القرن السادس عشر
secondaire,3S,3ème année secondaire,السنة الثالثة ثانوي,ECO,Économie et gestion,اقتصاد وتصرف,3eme-economie-gestion,HIST,Histoire,التاريخ,ar,False,,2,تحولات العالم الغربي في القرنين السابع عشر والثامن عشر
secondaire,3S,3ème année secondaire,السنة الثالثة ثانوي,ECO,Économie et gestion,اقتصاد وتصرف,3eme-economie-gestion,HIST,Histoire,التاريخ,ar,False,,3,الإمبراطورية العثمانية والمغرب العربي في القرن الثامن عشر
secondaire,3S,3ème année secondaire,السنة الثالثة ثانوي,ECO,Économie et gestion,اقتصاد وتصرف,3eme-economie-gestion,HIST,Histoire,التاريخ,ar,False,,4,الثورة الصناعية وتركيز الاقتصاد الرأسمالي في القرن التاسع عشر
secondaire,3S,3ème année secondaire,السنة الثالثة ثانوي,ECO,Économie et gestion,اقتصاد وتصرف,3eme-economie-gestion,HIST,Histoire,التاريخ,ar,False,,5,النهضة العربية الحديثة وتطور الإيالة التونسية في القرن التاسع عشر
secondaire,3S,3ème année secondaire,السنة الثالثة ثانوي,ECO,Économie et gestion,اقتصاد وتصرف,3eme-economie-gestion,GEO,Géographie,الجغرافيا,ar,False,,1,المجال والتنمية في العالم العربي
secondaire,3S,3ème année secondaire,السنة الثالثة ثانوي,ECO,Économie et gestion,اقتصاد وتصرف,3eme-economie-gestion,GEO,Géographie,الجغرافيا,ar,False,,2,المجال والتنمية بالبلاد التونسية
secondaire,3S,3ème année secondaire,السنة الثالثة ثانوي,ECO,Économie et gestion,اقتصاد وتصرف,3eme-economie-gestion,GEO,Géographie,الجغرافيا,ar,False,,3,أقاليم البلاد التونسية
secondaire,3S,3ème année secondaire,السنة الثالثة ثانوي,ECO,Économie et gestion,اقتصاد وتصرف,3eme-economie-gestion,PHILO,Philosophie,الفلسفة,ar,False,,1,اليومي
secondaire,3S,3ème année secondaire,السنة الثالثة ثانوي,ECO,Économie et gestion,اقتصاد وتصرف,3eme-economie-gestion,PHILO,Philosophie,الفلسفة,ar,False,,2,مقتضيات التفكير
secondaire,3S,3ème année secondaire,السنة الثالثة ثانوي,ECO,Économie et gestion,اقتصاد وتصرف,3eme-economie-gestion,PHILO,Philosophie,الفلسفة,ar,False,,3,تجربة الالتزام
secondaire,3S,3ème année secondaire,السنة الثالثة ثانوي,ECO,Économie et gestion,اقتصاد وتصرف,3eme-economie-gestion,ALLEM,Allemand,الألمانية,de,True,,1,Soziale Beziehungen / Gegenseitiges Kennenlernen
secondaire,3S,3ème année secondaire,السنة الثالثة ثانوي,ECO,Économie et gestion,اقتصاد وتصرف,3eme-economie-gestion,ALLEM,Allemand,الألمانية,de,True,,2,Schule
secondaire,3S,3ème année secondaire,السنة الثالثة ثانوي,ECO,Économie et gestion,اقتصاد وتصرف,3eme-economie-gestion,ALLEM,Allemand,الألمانية,de,True,,3,Wohnen
secondaire,3S,3ème année secondaire,السنة الثالثة ثانوي,ECO,Économie et gestion,اقتصاد وتصرف,3eme-economie-gestion,ALLEM,Allemand,الألمانية,de,True,,4,Essen und Trinken
secondaire,3S,3ème année secondaire,السنة الثالثة ثانوي,ECO,Économie et gestion,اقتصاد وتصرف,3eme-economie-gestion,ALLEM,Allemand,الألمانية,de,True,,5,Alltag und Freizeit
secondaire,3S,3ème année secondaire,السنة الثالثة ثانوي,ECO,Économie et gestion,اقتصاد وتصرف,3eme-economie-gestion,ALLEM,Allemand,الألمانية,de,True,,6,Gesundheit
secondaire,3S,3ème année secondaire,السنة الثالثة ثانوي,ECO,Économie et gestion,اقتصاد وتصرف,3eme-economie-gestion,ESPA,Espagnol,الإسبانية,es,True,,1,¡Hola!
secondaire,3S,3ème année secondaire,السنة الثالثة ثانوي,ECO,Économie et gestion,اقتصاد وتصرف,3eme-economie-gestion,ESPA,Espagnol,الإسبانية,es,True,,2,"¡Soy francesa, de París!"
secondaire,3S,3ème année secondaire,السنة الثالثة ثانوي,ECO,Économie et gestion,اقتصاد وتصرف,3eme-economie-gestion,ESPA,Espagnol,الإسبانية,es,True,,3,¿A qué te dedicas?
secondaire,3S,3ème année secondaire,السنة الثالثة ثانوي,ECO,Économie et gestion,اقتصاد وتصرف,3eme-economie-gestion,ESPA,Espagnol,الإسبانية,es,True,,4,Le presento al señor Alonso
secondaire,3S,3ème année secondaire,السنة الثالثة ثانوي,ECO,Économie et gestion,اقتصاد وتصرف,3eme-economie-gestion,ESPA,Espagnol,الإسبانية,es,True,,5,Mi familia
secondaire,3S,3ème année secondaire,السنة الثالثة ثانوي,ECO,Économie et gestion,اقتصاد وتصرف,3eme-economie-gestion,ESPA,Espagnol,الإسبانية,es,True,,6,¿Cómo es?
secondaire,3S,3ème année secondaire,السنة الثالثة ثانوي,ECO,Économie et gestion,اقتصاد وتصرف,3eme-economie-gestion,ESPA,Espagnol,الإسبانية,es,True,,7,¿Qué es esto?
secondaire,3S,3ème année secondaire,السنة الثالثة ثانوي,ECO,Économie et gestion,اقتصاد وتصرف,3eme-economie-gestion,ESPA,Espagnol,الإسبانية,es,True,,8,España está en el sur
secondaire,3S,3ème année secondaire,السنة الثالثة ثانوي,ECO,Économie et gestion,اقتصاد وتصرف,3eme-economie-gestion,ESPA,Espagnol,الإسبانية,es,True,,9,¿Dónde está la plaza Cibeles?
secondaire,3S,3ème année secondaire,السنة الثالثة ثانوي,ECO,Économie et gestion,اقتصاد وتصرف,3eme-economie-gestion,ESPA,Espagnol,الإسبانية,es,True,,10,¡Qué ciudad tan bonita!
secondaire,3S,3ème année secondaire,السنة الثالثة ثانوي,ECO,Économie et gestion,اقتصاد وتصرف,3eme-economie-gestion,ESPA,Espagnol,الإسبانية,es,True,,11,Vivo en una casa pequeña
secondaire,3S,3ème année secondaire,السنة الثالثة ثانوي,ECO,Économie et gestion,اقتصاد وتصرف,3eme-economie-gestion,ESPA,Espagnol,الإسبانية,es,True,,12,Tengo un ordenador portátil
secondaire,3S,3ème année secondaire,السنة الثالثة ثانوي,ECO,Économie et gestion,اقتصاد وتصرف,3eme-economie-gestion,ESPA,Espagnol,الإسبانية,es,True,,13,¿Cuánto vale?
secondaire,3S,3ème année secondaire,السنة الثالثة ثانوي,ECO,Économie et gestion,اقتصاد وتصرف,3eme-economie-gestion,ESPA,Espagnol,الإسبانية,es,True,,14,"¡Yo, prefiero éste!"
secondaire,3S,3ème année secondaire,السنة الثالثة ثانوي,ECO,Économie et gestion,اقتصاد وتصرف,3eme-economie-gestion,ITAL,Italien,الإيطالية,it,True,,1,"Ciao, mi presento"
secondaire,3S,3ème année secondaire,السنة الثالثة ثانوي,ECO,Économie et gestion,اقتصاد وتصرف,3eme-economie-gestion,ITAL,Italien,الإيطالية,it,True,,2,Andiamo a lezione
secondaire,3S,3ème année secondaire,السنة الثالثة ثانوي,ECO,Économie et gestion,اقتصاد وتصرف,3eme-economie-gestion,ITAL,Italien,الإيطالية,it,True,,3,"Casa, dolce casa"
secondaire,3S,3ème année secondaire,السنة الثالثة ثانوي,ECO,Économie et gestion,اقتصاد وتصرف,3eme-economie-gestion,ITAL,Italien,الإيطالية,it,True,,4,Vi presento un amico
secondaire,3S,3ème année secondaire,السنة الثالثة ثانوي,ECO,Économie et gestion,اقتصاد وتصرف,3eme-economie-gestion,ITAL,Italien,الإيطالية,it,True,,5,I mestieri
secondaire,3S,3ème année secondaire,السنة الثالثة ثانوي,ECO,Économie et gestion,اقتصاد وتصرف,3eme-economie-gestion,ITAL,Italien,الإيطالية,it,True,,6,Tempo libero
secondaire,3S,3ème année secondaire,السنة الثالثة ثانوي,ECO,Économie et gestion,اقتصاد وتصرف,3eme-economie-gestion,RUSSE,Russe,الروسية,ru,True,,1,Как вас зовут? Кто это? Что это?
secondaire,3S,3ème année secondaire,السنة الثالثة ثانوي,ECO,Économie et gestion,اقتصاد وتصرف,3eme-economie-gestion,RUSSE,Russe,الروسية,ru,True,,2,Школа
secondaire,3S,3ème année secondaire,السنة الثالثة ثانوي,ECO,Économie et gestion,اقتصاد وتصرف,3eme-economie-gestion,RUSSE,Russe,الروسية,ru,True,,3,Семья и дом
secondaire,3S,3ème année secondaire,السنة الثالثة ثانوي,ECO,Économie et gestion,اقتصاد وتصرف,3eme-economie-gestion,RUSSE,Russe,الروسية,ru,True,,4,Мой день
secondaire,3S,3ème année secondaire,السنة الثالثة ثانوي,ECO,Économie et gestion,اقتصاد وتصرف,3eme-economie-gestion,RUSSE,Russe,الروسية,ru,True,,5,Город
secondaire,3S,3ème année secondaire,السنة الثالثة ثانوي,ECO,Économie et gestion,اقتصاد وتصرف,3eme-economie-gestion,RUSSE,Russe,الروسية,ru,True,,6,В гостях
secondaire,3S,3ème année secondaire,السنة الثالثة ثانوي,ECO,Économie et gestion,اقتصاد وتصرف,3eme-economie-gestion,RUSSE,Russe,الروسية,ru,True,,7,Профессия
secondaire,3S,3ème année secondaire,السنة الثالثة ثانوي,ECO,Économie et gestion,اقتصاد وتصرف,3eme-economie-gestion,RUSSE,Russe,الروسية,ru,True,,8,Транспорт
secondaire,3S,3ème année secondaire,السنة الثالثة ثانوي,ECO,Économie et gestion,اقتصاد وتصرف,3eme-economie-gestion,RUSSE,Russe,الروسية,ru,True,,9,Погода
secondaire,3S,3ème année secondaire,السنة الثالثة ثانوي,ECO,Économie et gestion,اقتصاد وتصرف,3eme-economie-gestion,RUSSE,Russe,الروسية,ru,True,,10,Спорт
secondaire,3S,3ème année secondaire,السنة الثالثة ثانوي,ECO,Économie et gestion,اقتصاد وتصرف,3eme-economie-gestion,CHIN,Chinois,الصينية,zh,True,,1,你好
secondaire,3S,3ème année secondaire,السنة الثالثة ثانوي,ECO,Économie et gestion,اقتصاد وتصرف,3eme-economie-gestion,CHIN,Chinois,الصينية,zh,True,,2,你是哪国人
secondaire,3S,3ème année secondaire,السنة الثالثة ثانوي,ECO,Économie et gestion,اقتصاد وتصرف,3eme-economie-gestion,CHIN,Chinois,الصينية,zh,True,,3,认识你们很高兴
secondaire,3S,3ème année secondaire,السنة الثالثة ثانوي,ECO,Économie et gestion,اقتصاد وتصرف,3eme-economie-gestion,CHIN,Chinois,الصينية,zh,True,,4,现在上课
secondaire,3S,3ème année secondaire,السنة الثالثة ثانوي,ECO,Économie et gestion,اقتصاد وتصرف,3eme-economie-gestion,CHIN,Chinois,الصينية,zh,True,,5,你们班的学生多吗
secondaire,3S,3ème année secondaire,السنة الثالثة ثانوي,ECO,Économie et gestion,اقتصاد وتصرف,3eme-economie-gestion,CHIN,Chinois,الصينية,zh,True,,6,我们常常锻炼身体
secondaire,3S,3ème année secondaire,السنة الثالثة ثانوي,ECO,Économie et gestion,اقتصاد وتصرف,3eme-economie-gestion,CHIN,Chinois,الصينية,zh,True,,7,我家人口很少
secondaire,3S,3ème année secondaire,السنة الثالثة ثانوي,ECO,Économie et gestion,اقتصاد وتصرف,3eme-economie-gestion,CHIN,Chinois,الصينية,zh,True,,8,图书馆在哪儿
secondaire,3S,3ème année secondaire,السنة الثالثة ثانوي,ECO,Économie et gestion,اقتصاد وتصرف,3eme-economie-gestion,CHIN,Chinois,الصينية,zh,True,,9,去学生食堂
secondaire,3S,3ème année secondaire,السنة الثالثة ثانوي,ECO,Économie et gestion,اقتصاد وتصرف,3eme-economie-gestion,CHIN,Chinois,الصينية,zh,True,,10,星期六我回家
secondaire,3S,3ème année secondaire,السنة الثالثة ثانوي,ECO,Économie et gestion,اقتصاد وتصرف,3eme-economie-gestion,CHIN,Chinois,الصينية,zh,True,,11,进城买东西
secondaire,3S,3ème année secondaire,السنة الثالثة ثانوي,INFO,Sciences de l'informatique,علوم الإعلامية,3eme-informatique,ARAB,Arabe,العربية,ar,False,,1,الفكاهة والهزل في القص العربي القديم
secondaire,3S,3ème année secondaire,السنة الثالثة ثانوي,INFO,Sciences de l'informatique,علوم الإعلامية,3eme-informatique,ARAB,Arabe,العربية,ar,False,,2,صور ونصوص
secondaire,3S,3ème année secondaire,السنة الثالثة ثانوي,INFO,Sciences de l'informatique,علوم الإعلامية,3eme-informatique,ARAB,Arabe,العربية,ar,False,,3,شواغل المرأة بقلم المرأة
secondaire,3S,3ème année secondaire,السنة الثالثة ثانوي,INFO,Sciences de l'informatique,علوم الإعلامية,3eme-informatique,ARAB,Arabe,العربية,ar,False,,4,العدل والإنصاف
secondaire,3S,3ème année secondaire,السنة الثالثة ثانوي,INFO,Sciences de l'informatique,علوم الإعلامية,3eme-informatique,ARAB,Arabe,العربية,ar,False,,5,حرية التعبير
secondaire,3S,3ème année secondaire,السنة الثالثة ثانوي,INFO,Sciences de l'informatique,علوم الإعلامية,3eme-informatique,ARAB,Arabe,العربية,ar,False,,6,الإنسان والمكان
secondaire,3S,3ème année secondaire,السنة الثالثة ثانوي,INFO,Sciences de l'informatique,علوم الإعلامية,3eme-informatique,FRAN,Français,الفرنسية,fr,False,,1,Invitation au voyage
secondaire,3S,3ème année secondaire,السنة الثالثة ثانوي,INFO,Sciences de l'informatique,علوم الإعلامية,3eme-informatique,FRAN,Français,الفرنسية,fr,False,,2,Le mythe aujourd’hui
secondaire,3S,3ème année secondaire,السنة الثالثة ثانوي,INFO,Sciences de l'informatique,علوم الإعلامية,3eme-informatique,FRAN,Français,الفرنسية,fr,False,,3,Le droit à la différence
secondaire,3S,3ème année secondaire,السنة الثالثة ثانوي,INFO,Sciences de l'informatique,علوم الإعلامية,3eme-informatique,FRAN,Français,الفرنسية,fr,False,,4,Module de lecture : Celui qui n’avait jamais vu la mer
secondaire,3S,3ème année secondaire,السنة الثالثة ثانوي,INFO,Sciences de l'informatique,علوم الإعلامية,3eme-informatique,FRAN,Français,الفرنسية,fr,False,,5,Scènes comiques
secondaire,3S,3ème année secondaire,السنة الثالثة ثانوي,INFO,Sciences de l'informatique,علوم الإعلامية,3eme-informatique,FRAN,Français,الفرنسية,fr,False,,6,Le pouvoir de l’image
secondaire,3S,3ème année secondaire,السنة الثالثة ثانوي,INFO,Sciences de l'informatique,علوم الإعلامية,3eme-informatique,ANGL,Anglais,الإنجليزية,en,False,,1,"In time of test, family is best"
secondaire,3S,3ème année secondaire,السنة الثالثة ثانوي,INFO,Sciences de l'informatique,علوم الإعلامية,3eme-informatique,ANGL,Anglais,الإنجليزية,en,False,,2,"We learn to give, share and care"
secondaire,3S,3ème année secondaire,السنة الثالثة ثانوي,INFO,Sciences de l'informatique,علوم الإعلامية,3eme-informatique,ANGL,Anglais,الإنجليزية,en,False,,3,A change is as good as a rest
secondaire,3S,3ème année secondaire,السنة الثالثة ثانوي,INFO,Sciences de l'informatique,علوم الإعلامية,3eme-informatique,ANGL,Anglais,الإنجليزية,en,False,,4,Science and technology: a blessing or a curse?
secondaire,3S,3ème année secondaire,السنة الثالثة ثانوي,INFO,Sciences de l'informatique,علوم الإعلامية,3eme-informatique,ANGL,Anglais,الإنجليزية,en,False,,5,Education is not filling a bucket but lighting a fire
secondaire,3S,3ème année secondaire,السنة الثالثة ثانوي,INFO,Sciences de l'informatique,علوم الإعلامية,3eme-informatique,ANGL,Anglais,الإنجليزية,en,False,,6,Nature: any future without it?
secondaire,3S,3ème année secondaire,السنة الثالثة ثانوي,INFO,Sciences de l'informatique,علوم الإعلامية,3eme-informatique,MATH,Mathématiques,الرياضيات,fr,False,Première partie,1,Les suites réelles
secondaire,3S,3ème année secondaire,السنة الثالثة ثانوي,INFO,Sciences de l'informatique,علوم الإعلامية,3eme-informatique,MATH,Mathématiques,الرياضيات,fr,False,Première partie,2,Généralités sur les fonctions numériques à variable réelle
secondaire,3S,3ème année secondaire,السنة الثالثة ثانوي,INFO,Sciences de l'informatique,علوم الإعلامية,3eme-informatique,MATH,Mathématiques,الرياضيات,fr,False,Première partie,3,"Limites, continuité, branches infinies"
secondaire,3S,3ème année secondaire,السنة الثالثة ثانوي,INFO,Sciences de l'informatique,علوم الإعلامية,3eme-informatique,MATH,Mathématiques,الرياضيات,fr,False,Première partie,4,Dérivabilité d'une fonction
secondaire,3S,3ème année secondaire,السنة الثالثة ثانوي,INFO,Sciences de l'informatique,علوم الإعلامية,3eme-informatique,MATH,Mathématiques,الرياضيات,fr,False,Première partie,5,Fonctions dérivées - Applications
secondaire,3S,3ème année secondaire,السنة الثالثة ثانوي,INFO,Sciences de l'informatique,علوم الإعلامية,3eme-informatique,MATH,Mathématiques,الرياضيات,fr,False,Première partie,6,Etude de fonctions 1 : Exemples de fonctions polynômes
secondaire,3S,3ème année secondaire,السنة الثالثة ثانوي,INFO,Sciences de l'informatique,علوم الإعلامية,3eme-informatique,MATH,Mathématiques,الرياضيات,fr,False,Première partie,7,"Etude de fonctions 2 : Exemples de fonctions rationnelles, irrationnelles et trigonométriques"
secondaire,3S,3ème année secondaire,السنة الثالثة ثانوي,INFO,Sciences de l'informatique,علوم الإعلامية,3eme-informatique,MATH,Mathématiques,الرياضيات,fr,False,Deuxième partie,8,Trigonométrie
secondaire,3S,3ème année secondaire,السنة الثالثة ثانوي,INFO,Sciences de l'informatique,علوم الإعلامية,3eme-informatique,MATH,Mathématiques,الرياضيات,fr,False,Deuxième partie,9,Produit scalaire dans le plan
secondaire,3S,3ème année secondaire,السنة الثالثة ثانوي,INFO,Sciences de l'informatique,علوم الإعلامية,3eme-informatique,MATH,Mathématiques,الرياضيات,fr,False,Deuxième partie,10,Systèmes d'équations linéaires
secondaire,3S,3ème année secondaire,السنة الثالثة ثانوي,INFO,Sciences de l'informatique,علوم الإعلامية,3eme-informatique,MATH,Mathématiques,الرياضيات,fr,False,Deuxième partie,11,La logique mathématique
secondaire,3S,3ème année secondaire,السنة الثالثة ثانوي,INFO,Sciences de l'informatique,علوم الإعلامية,3eme-informatique,MATH,Mathématiques,الرياضيات,fr,False,Deuxième partie,12,Arithmétique
secondaire,3S,3ème année secondaire,السنة الثالثة ثانوي,INFO,Sciences de l'informatique,علوم الإعلامية,3eme-informatique,MATH,Mathématiques,الرياضيات,fr,False,Deuxième partie,13,Systèmes de numération
secondaire,3S,3ème année secondaire,السنة الثالثة ثانوي,INFO,Sciences de l'informatique,علوم الإعلامية,3eme-informatique,MATH,Mathématiques,الرياضيات,fr,False,Deuxième partie,14,Dénombrement
secondaire,3S,3ème année secondaire,السنة الثالثة ثانوي,INFO,Sciences de l'informatique,علوم الإعلامية,3eme-informatique,MATH,Mathématiques,الرياضيات,fr,False,Deuxième partie,15,Probabilité
secondaire,3S,3ème année secondaire,السنة الثالثة ثانوي,INFO,Sciences de l'informatique,علوم الإعلامية,3eme-informatique,PHYS,Sciences physiques,العلوم الفيزيائية,fr,False,Physique > Les interactions dans l'univers,1,Loi de Coulomb
secondaire,3S,3ème année secondaire,السنة الثالثة ثانوي,INFO,Sciences de l'informatique,علوم الإعلامية,3eme-informatique,PHYS,Sciences physiques,العلوم الفيزيائية,fr,False,Physique > Les interactions dans l'univers,2,Champ électrique
secondaire,3S,3ème année secondaire,السنة الثالثة ثانوي,INFO,Sciences de l'informatique,علوم الإعلامية,3eme-informatique,PHYS,Sciences physiques,العلوم الفيزيائية,fr,False,Physique > Les interactions dans l'univers,3,Mise en évidence des interactions magnétiques
secondaire,3S,3ème année secondaire,السنة الثالثة ثانوي,INFO,Sciences de l'informatique,علوم الإعلامية,3eme-informatique,PHYS,Sciences physiques,العلوم الفيزيائية,fr,False,Physique > Les interactions dans l'univers,4,Le champ magnétique
secondaire,3S,3ème année secondaire,السنة الثالثة ثانوي,INFO,Sciences de l'informatique,علوم الإعلامية,3eme-informatique,PHYS,Sciences physiques,العلوم الفيزيائية,fr,False,Physique > Les interactions dans l'univers,5,Champ magnétique créé par un courant
secondaire,3S,3ème année secondaire,السنة الثالثة ثانوي,INFO,Sciences de l'informatique,علوم الإعلامية,3eme-informatique,PHYS,Sciences physiques,العلوم الفيزيائية,fr,False,Physique > Mouvements,6,Cinématique de translation : généralités
secondaire,3S,3ème année secondaire,السنة الثالثة ثانوي,INFO,Sciences de l'informatique,علوم الإعلامية,3eme-informatique,PHYS,Sciences physiques,العلوم الفيزيائية,fr,False,Physique > Mouvements,7,Mouvements rectilignes uniforme et uniformément varié
secondaire,3S,3ème année secondaire,السنة الثالثة ثانوي,INFO,Sciences de l'informatique,علوم الإعلامية,3eme-informatique,PHYS,Sciences physiques,العلوم الفيزيائية,fr,False,Physique > Mouvements,8,Mouvement rectiligne sinusoïdal
secondaire,3S,3ème année secondaire,السنة الثالثة ثانوي,INFO,Sciences de l'informatique,علوم الإعلامية,3eme-informatique,PHYS,Sciences physiques,العلوم الفيزيائية,fr,False,Physique > Mouvements,9,Dynamique de translation
secondaire,3S,3ème année secondaire,السنة الثالثة ثانوي,INFO,Sciences de l'informatique,علوم الإعلامية,3eme-informatique,PHYS,Sciences physiques,العلوم الفيزيائية,fr,False,Physique > Mouvements,10,Mouvement dans un champ électrique
secondaire,3S,3ème année secondaire,السنة الثالثة ثانوي,INFO,Sciences de l'informatique,علوم الإعلامية,3eme-informatique,PHYS,Sciences physiques,العلوم الفيزيائية,fr,False,Physique > Mouvements,11,Mouvement dans un champ magnétique
secondaire,3S,3ème année secondaire,السنة الثالثة ثانوي,INFO,Sciences de l'informatique,علوم الإعلامية,3eme-informatique,PHYS,Sciences physiques,العلوم الفيزيائية,fr,False,Physique > Circuits électrique et électronique,12,Dipôles électrocinétiques (1)
secondaire,3S,3ème année secondaire,السنة الثالثة ثانوي,INFO,Sciences de l'informatique,علوم الإعلامية,3eme-informatique,PHYS,Sciences physiques,العلوم الفيزيائية,fr,False,Physique > Circuits électrique et électronique,13,Dipôles électrocinétiques (2)
secondaire,3S,3ème année secondaire,السنة الثالثة ثانوي,INFO,Sciences de l'informatique,علوم الإعلامية,3eme-informatique,PHYS,Sciences physiques,العلوم الفيزيائية,fr,False,Physique > Circuits électrique et électronique,14,L'amplificateur opérationnel
secondaire,3S,3ème année secondaire,السنة الثالثة ثانوي,INFO,Sciences de l'informatique,علوم الإعلامية,3eme-informatique,PHYS,Sciences physiques,العلوم الفيزيائية,fr,False,Physique > Circuits électrique et électronique,15,Les portes logiques
secondaire,3S,3ème année secondaire,السنة الثالثة ثانوي,INFO,Sciences de l'informatique,علوم الإعلامية,3eme-informatique,PHYS,Sciences physiques,العلوم الفيزيائية,fr,False,Physique > Optique,16,Image donnée par une lentille mince
secondaire,3S,3ème année secondaire,السنة الثالثة ثانوي,INFO,Sciences de l'informatique,علوم الإعلامية,3eme-informatique,PHYS,Sciences physiques,العلوم الفيزيائية,fr,False,Chimie > Les solutions,17,Les électrolytes
secondaire,3S,3ème année secondaire,السنة الثالثة ثانوي,INFO,Sciences de l'informatique,علوم الإعلامية,3eme-informatique,PHYS,Sciences physiques,العلوم الفيزيائية,fr,False,Chimie > Les solutions,18,La solubilité des électrolytes
secondaire,3S,3ème année secondaire,السنة الثالثة ثانوي,INFO,Sciences de l'informatique,علوم الإعلامية,3eme-informatique,PHYS,Sciences physiques,العلوم الفيزيائية,fr,False,Chimie > Les solutions,19,La précipitation des électrolytes
secondaire,3S,3ème année secondaire,السنة الثالثة ثانوي,INFO,Sciences de l'informatique,علوم الإعلامية,3eme-informatique,PHYS,Sciences physiques,العلوم الفيزيائية,fr,False,Chimie > Les solutions,20,Tests d'identification de quelques ions
secondaire,3S,3ème année secondaire,السنة الثالثة ثانوي,INFO,Sciences de l'informatique,علوم الإعلامية,3eme-informatique,PHYS,Sciences physiques,العلوم الفيزيائية,fr,False,Chimie > Les acides et les bases,21,Les acides et les bases de Bronsted
secondaire,3S,3ème année secondaire,السنة الثالثة ثانوي,INFO,Sciences de l'informatique,علوم الإعلامية,3eme-informatique,PHYS,Sciences physiques,العلوم الفيزيائية,fr,False,Chimie > Les acides et les bases,22,L'ionisation propre de l'eau
secondaire,3S,3ème année secondaire,السنة الثالثة ثانوي,INFO,Sciences de l'informatique,علوم الإعلامية,3eme-informatique,PHYS,Sciences physiques,العلوم الفيزيائية,fr,False,Chimie > Les acides et les bases,23,Le pH des solutions aqueuses
secondaire,3S,3ème année secondaire,السنة الثالثة ثانوي,INFO,Sciences de l'informatique,علوم الإعلامية,3eme-informatique,PHYS,Sciences physiques,العلوم الفيزيائية,fr,False,Chimie > Les acides et les bases,24,"Acides forts et acides faibles, bases fortes et bases faibles"
secondaire,3S,3ème année secondaire,السنة الثالثة ثانوي,INFO,Sciences de l'informatique,علوم الإعلامية,3eme-informatique,PHYS,Sciences physiques,العلوم الفيزيائية,fr,False,Chimie > Les acides et les bases,25,Réaction d'un acide fort avec une base forte
secondaire,3S,3ème année secondaire,السنة الثالثة ثانوي,INFO,Sciences de l'informatique,علوم الإعلامية,3eme-informatique,PHYS,Sciences physiques,العلوم الفيزيائية,fr,False,Chimie > Les réactions d'oxydoréduction,26,Les réactions d'oxydoréduction
secondaire,3S,3ème année secondaire,السنة الثالثة ثانوي,INFO,Sciences de l'informatique,علوم الإعلامية,3eme-informatique,PHYS,Sciences physiques,العلوم الفيزيائية,fr,False,Chimie > Les réactions d'oxydoréduction,27,Classification électrochimique des métaux par rapport au dihydrogène
secondaire,3S,3ème année secondaire,السنة الثالثة ثانوي,INFO,Sciences de l'informatique,علوم الإعلامية,3eme-informatique,PHYS,Sciences physiques,العلوم الفيزيائية,fr,False,Chimie > Les réactions d'oxydoréduction,28,La corrosion des métaux
secondaire,3S,3ème année secondaire,السنة الثالثة ثانوي,INFO,Sciences de l'informatique,علوم الإعلامية,3eme-informatique,PHYS,Sciences physiques,العلوم الفيزيائية,fr,False,Chimie > La chimie organique,29,Structure et nomenclature des hydrocarbures aliphatiques
secondaire,3S,3ème année secondaire,السنة الثالثة ثانوي,INFO,Sciences de l'informatique,علوم الإعلامية,3eme-informatique,PHYS,Sciences physiques,العلوم الفيزيائية,fr,False,Chimie > La chimie organique,30,Etude de quelques réactions spécifiques des hydrocarbures aliphatiques saturés et insaturés
secondaire,3S,3ème année secondaire,السنة الثالثة ثانوي,INFO,Sciences de l'informatique,علوم الإعلامية,3eme-informatique,PHYS,Sciences physiques,العلوم الفيزيائية,fr,False,Chimie > La chimie organique,31,Etude de quelques réactions de polymérisation
secondaire,3S,3ème année secondaire,السنة الثالثة ثانوي,INFO,Sciences de l'informatique,علوم الإعلامية,3eme-informatique,HIST,Histoire,التاريخ,ar,False,التحولات الفكرية والاقتصادية والاجتماعية في أوروبا في العصر الحديث (القرنان الثامن عشر والتاسع عشر),1,فكر التنوير
secondaire,3S,3ème année secondaire,السنة الثالثة ثانوي,INFO,Sciences de l'informatique,علوم الإعلامية,3eme-informatique,HIST,Histoire,التاريخ,ar,False,التحولات الفكرية والاقتصادية والاجتماعية في أوروبا في العصر الحديث (القرنان الثامن عشر والتاسع عشر),2,الثورة الفرنسية وانتصار المبادئ الجديدة
secondaire,3S,3ème année secondaire,السنة الثالثة ثانوي,INFO,Sciences de l'informatique,علوم الإعلامية,3eme-informatique,HIST,Histoire,التاريخ,ar,False,التحولات الفكرية والاقتصادية والاجتماعية في أوروبا في العصر الحديث (القرنان الثامن عشر والتاسع عشر),3,الثورة الصناعية: أهم مظاهرها
secondaire,3S,3ème année secondaire,السنة الثالثة ثانوي,INFO,Sciences de l'informatique,علوم الإعلامية,3eme-informatique,HIST,Histoire,التاريخ,ar,False,التحولات الفكرية والاقتصادية والاجتماعية في أوروبا في العصر الحديث (القرنان الثامن عشر والتاسع عشر),4,التحولات الاقتصادية والاجتماعية في أوروبا الغربية في القرن التاسع عشر
secondaire,3S,3ème année secondaire,السنة الثالثة ثانوي,INFO,Sciences de l'informatique,علوم الإعلامية,3eme-informatique,HIST,Histoire,التاريخ,ar,False,التحولات الفكرية والاقتصادية والاجتماعية في أوروبا في العصر الحديث (القرنان الثامن عشر والتاسع عشر),5,التيارات الفكرية والسياسية في أوروبا الغربية في القرن التاسع عشر
secondaire,3S,3ème année secondaire,السنة الثالثة ثانوي,INFO,Sciences de l'informatique,علوم الإعلامية,3eme-informatique,HIST,Histoire,التاريخ,ar,False,التحولات الفكرية والاقتصادية والاجتماعية في أوروبا في العصر الحديث (القرنان الثامن عشر والتاسع عشر),6,التوسع الاستعماري واقتسام العالم في القرن التاسع عشر
secondaire,3S,3ème année secondaire,السنة الثالثة ثانوي,INFO,Sciences de l'informatique,علوم الإعلامية,3eme-informatique,HIST,Histoire,التاريخ,ar,False,أزمة الإيالة التونسية في القرن التاسع عشر,7,الأزمة في تونس ومحاولات الإصلاح
secondaire,3S,3ème année secondaire,السنة الثالثة ثانوي,INFO,Sciences de l'informatique,علوم الإعلامية,3eme-informatique,HIST,Histoire,التاريخ,ar,False,أزمة الإيالة التونسية في القرن التاسع عشر,8,انتصاب الحماية الفرنسية بتونس وردود الفعل الأولى
secondaire,3S,3ème année secondaire,السنة الثالثة ثانوي,INFO,Sciences de l'informatique,علوم الإعلامية,3eme-informatique,HIST,Histoire,التاريخ,ar,False,أزمات القرن العشرين وتحولاته,9,الحرب العالمية الأولى
secondaire,3S,3ème année secondaire,السنة الثالثة ثانوي,INFO,Sciences de l'informatique,علوم الإعلامية,3eme-informatique,HIST,Histoire,التاريخ,ar,False,أزمات القرن العشرين وتحولاته,10,توتر العلاقات الدولية بين الحربين العالميتين
secondaire,3S,3ème année secondaire,السنة الثالثة ثانوي,INFO,Sciences de l'informatique,علوم الإعلامية,3eme-informatique,HIST,Histoire,التاريخ,ar,False,أزمات القرن العشرين وتحولاته,11,نتائج الحرب العالمية الثانية
secondaire,3S,3ème année secondaire,السنة الثالثة ثانوي,INFO,Sciences de l'informatique,علوم الإعلامية,3eme-informatique,HIST,Histoire,التاريخ,ar,False,أزمات القرن العشرين وتحولاته,12,تحرر الشعوب المستعمرة
secondaire,3S,3ème année secondaire,السنة الثالثة ثانوي,INFO,Sciences de l'informatique,علوم الإعلامية,3eme-informatique,HIST,Histoire,التاريخ,ar,False,أزمات القرن العشرين وتحولاته,13,الحركة الوطنية التونسية قبل الحرب العالمية الثانية: طور التأسيس
secondaire,3S,3ème année secondaire,السنة الثالثة ثانوي,INFO,Sciences de l'informatique,علوم الإعلامية,3eme-informatique,HIST,Histoire,التاريخ,ar,False,أزمات القرن العشرين وتحولاته,14,الحركة الوطنية التونسية منذ الحرب العالمية الثانية إلى الاستقلال التام 1956: طور النضج والحسم
secondaire,3S,3ème année secondaire,السنة الثالثة ثانوي,INFO,Sciences de l'informatique,علوم الإعلامية,3eme-informatique,HIST,Histoire,التاريخ,ar,False,أزمات القرن العشرين وتحولاته,15,تونس من 1956 إلى 1987
secondaire,3S,3ème année secondaire,السنة الثالثة ثانوي,INFO,Sciences de l'informatique,علوم الإعلامية,3eme-informatique,HIST,Histoire,التاريخ,ar,False,أزمات القرن العشرين وتحولاته,16,القضية الفلسطينية
secondaire,3S,3ème année secondaire,السنة الثالثة ثانوي,INFO,Sciences de l'informatique,علوم الإعلامية,3eme-informatique,GEO,Géographie,الجغرافيا,ar,False,مجال عالمي مترابط ومتفاوت,1,الأدفاق التجارية
secondaire,3S,3ème année secondaire,السنة الثالثة ثانوي,INFO,Sciences de l'informatique,علوم الإعلامية,3eme-informatique,GEO,Géographie,الجغرافيا,ar,False,مجال عالمي مترابط ومتفاوت,2,الأدفاق المالية
secondaire,3S,3ème année secondaire,السنة الثالثة ثانوي,INFO,Sciences de l'informatique,علوم الإعلامية,3eme-informatique,GEO,Géographie,الجغرافيا,ar,False,مجال عالمي مترابط ومتفاوت,3,أدفاق الإعلام
secondaire,3S,3ème année secondaire,السنة الثالثة ثانوي,INFO,Sciences de l'informatique,علوم الإعلامية,3eme-informatique,GEO,Géographie,الجغرافيا,ar,False,مجال عالمي مترابط ومتفاوت,4,المجال العالمي: التفاوت في التقدم وتركيبة العالم
secondaire,3S,3ème année secondaire,السنة الثالثة ثانوي,INFO,Sciences de l'informatique,علوم الإعلامية,3eme-informatique,GEO,Géographie,الجغرافيا,ar,False,الشمال: الأقطاب المتحكمة في المجال العالمي,5,الولايات المتحدة الأمريكية: قوة عالمية عظمى
secondaire,3S,3ème année secondaire,السنة الثالثة ثانوي,INFO,Sciences de l'informatique,علوم الإعلامية,3eme-informatique,GEO,Géographie,الجغرافيا,ar,False,الشمال: الأقطاب المتحكمة في المجال العالمي,6,الاتحاد الأوروبي: تكتل اقتصادي قوي
secondaire,3S,3ème année secondaire,السنة الثالثة ثانوي,INFO,Sciences de l'informatique,علوم الإعلامية,3eme-informatique,GEO,Géographie,الجغرافيا,ar,False,الجنوب,7,البرازيل: بلد صناعي جديد
secondaire,3S,3ème année secondaire,السنة الثالثة ثانوي,INFO,Sciences de l'informatique,علوم الإعلامية,3eme-informatique,GEO,Géographie,الجغرافيا,ar,False,الجنوب,8,البلدان الأقل تقدما بالساحل الإفريقي
secondaire,3S,3ème année secondaire,السنة الثالثة ثانوي,INFO,Sciences de l'informatique,علوم الإعلامية,3eme-informatique,PHILO,Philosophie,الفلسفة,ar,False,,1,اليومي
secondaire,3S,3ème année secondaire,السنة الثالثة ثانوي,INFO,Sciences de l'informatique,علوم الإعلامية,3eme-informatique,PHILO,Philosophie,الفلسفة,ar,False,,2,مقتضيات التفكير
secondaire,3S,3ème année secondaire,السنة الثالثة ثانوي,INFO,Sciences de l'informatique,علوم الإعلامية,3eme-informatique,PHILO,Philosophie,الفلسفة,ar,False,,3,تجربة الالتزام
secondaire,3S,3ème année secondaire,السنة الثالثة ثانوي,INFO,Sciences de l'informatique,علوم الإعلامية,3eme-informatique,ALLEM,Allemand,الألمانية,de,True,,1,Soziale Beziehungen / Gegenseitiges Kennenlernen
secondaire,3S,3ème année secondaire,السنة الثالثة ثانوي,INFO,Sciences de l'informatique,علوم الإعلامية,3eme-informatique,ALLEM,Allemand,الألمانية,de,True,,2,Schule
secondaire,3S,3ème année secondaire,السنة الثالثة ثانوي,INFO,Sciences de l'informatique,علوم الإعلامية,3eme-informatique,ALLEM,Allemand,الألمانية,de,True,,3,Wohnen
secondaire,3S,3ème année secondaire,السنة الثالثة ثانوي,INFO,Sciences de l'informatique,علوم الإعلامية,3eme-informatique,ALLEM,Allemand,الألمانية,de,True,,4,Essen und Trinken
secondaire,3S,3ème année secondaire,السنة الثالثة ثانوي,INFO,Sciences de l'informatique,علوم الإعلامية,3eme-informatique,ALLEM,Allemand,الألمانية,de,True,,5,Alltag und Freizeit
secondaire,3S,3ème année secondaire,السنة الثالثة ثانوي,INFO,Sciences de l'informatique,علوم الإعلامية,3eme-informatique,ALLEM,Allemand,الألمانية,de,True,,6,Gesundheit
secondaire,3S,3ème année secondaire,السنة الثالثة ثانوي,INFO,Sciences de l'informatique,علوم الإعلامية,3eme-informatique,ESPA,Espagnol,الإسبانية,es,True,,1,¡Hola!
secondaire,3S,3ème année secondaire,السنة الثالثة ثانوي,INFO,Sciences de l'informatique,علوم الإعلامية,3eme-informatique,ESPA,Espagnol,الإسبانية,es,True,,2,"¡Soy francesa, de París!"
secondaire,3S,3ème année secondaire,السنة الثالثة ثانوي,INFO,Sciences de l'informatique,علوم الإعلامية,3eme-informatique,ESPA,Espagnol,الإسبانية,es,True,,3,¿A qué te dedicas?
secondaire,3S,3ème année secondaire,السنة الثالثة ثانوي,INFO,Sciences de l'informatique,علوم الإعلامية,3eme-informatique,ESPA,Espagnol,الإسبانية,es,True,,4,Le presento al señor Alonso
secondaire,3S,3ème année secondaire,السنة الثالثة ثانوي,INFO,Sciences de l'informatique,علوم الإعلامية,3eme-informatique,ESPA,Espagnol,الإسبانية,es,True,,5,Mi familia
secondaire,3S,3ème année secondaire,السنة الثالثة ثانوي,INFO,Sciences de l'informatique,علوم الإعلامية,3eme-informatique,ESPA,Espagnol,الإسبانية,es,True,,6,¿Cómo es?
secondaire,3S,3ème année secondaire,السنة الثالثة ثانوي,INFO,Sciences de l'informatique,علوم الإعلامية,3eme-informatique,ESPA,Espagnol,الإسبانية,es,True,,7,¿Qué es esto?
secondaire,3S,3ème année secondaire,السنة الثالثة ثانوي,INFO,Sciences de l'informatique,علوم الإعلامية,3eme-informatique,ESPA,Espagnol,الإسبانية,es,True,,8,España está en el sur
secondaire,3S,3ème année secondaire,السنة الثالثة ثانوي,INFO,Sciences de l'informatique,علوم الإعلامية,3eme-informatique,ESPA,Espagnol,الإسبانية,es,True,,9,¿Dónde está la plaza Cibeles?
secondaire,3S,3ème année secondaire,السنة الثالثة ثانوي,INFO,Sciences de l'informatique,علوم الإعلامية,3eme-informatique,ESPA,Espagnol,الإسبانية,es,True,,10,¡Qué ciudad tan bonita!
secondaire,3S,3ème année secondaire,السنة الثالثة ثانوي,INFO,Sciences de l'informatique,علوم الإعلامية,3eme-informatique,ESPA,Espagnol,الإسبانية,es,True,,11,Vivo en una casa pequeña
secondaire,3S,3ème année secondaire,السنة الثالثة ثانوي,INFO,Sciences de l'informatique,علوم الإعلامية,3eme-informatique,ESPA,Espagnol,الإسبانية,es,True,,12,Tengo un ordenador portátil
secondaire,3S,3ème année secondaire,السنة الثالثة ثانوي,INFO,Sciences de l'informatique,علوم الإعلامية,3eme-informatique,ESPA,Espagnol,الإسبانية,es,True,,13,¿Cuánto vale?
secondaire,3S,3ème année secondaire,السنة الثالثة ثانوي,INFO,Sciences de l'informatique,علوم الإعلامية,3eme-informatique,ESPA,Espagnol,الإسبانية,es,True,,14,"¡Yo, prefiero éste!"
secondaire,3S,3ème année secondaire,السنة الثالثة ثانوي,INFO,Sciences de l'informatique,علوم الإعلامية,3eme-informatique,ITAL,Italien,الإيطالية,it,True,,1,"Ciao, mi presento"
secondaire,3S,3ème année secondaire,السنة الثالثة ثانوي,INFO,Sciences de l'informatique,علوم الإعلامية,3eme-informatique,ITAL,Italien,الإيطالية,it,True,,2,Andiamo a lezione
secondaire,3S,3ème année secondaire,السنة الثالثة ثانوي,INFO,Sciences de l'informatique,علوم الإعلامية,3eme-informatique,ITAL,Italien,الإيطالية,it,True,,3,"Casa, dolce casa"
secondaire,3S,3ème année secondaire,السنة الثالثة ثانوي,INFO,Sciences de l'informatique,علوم الإعلامية,3eme-informatique,ITAL,Italien,الإيطالية,it,True,,4,Vi presento un amico
secondaire,3S,3ème année secondaire,السنة الثالثة ثانوي,INFO,Sciences de l'informatique,علوم الإعلامية,3eme-informatique,ITAL,Italien,الإيطالية,it,True,,5,I mestieri
secondaire,3S,3ème année secondaire,السنة الثالثة ثانوي,INFO,Sciences de l'informatique,علوم الإعلامية,3eme-informatique,ITAL,Italien,الإيطالية,it,True,,6,Tempo libero
secondaire,3S,3ème année secondaire,السنة الثالثة ثانوي,INFO,Sciences de l'informatique,علوم الإعلامية,3eme-informatique,RUSSE,Russe,الروسية,ru,True,,1,Как вас зовут? Кто это? Что это?
secondaire,3S,3ème année secondaire,السنة الثالثة ثانوي,INFO,Sciences de l'informatique,علوم الإعلامية,3eme-informatique,RUSSE,Russe,الروسية,ru,True,,2,Школа
secondaire,3S,3ème année secondaire,السنة الثالثة ثانوي,INFO,Sciences de l'informatique,علوم الإعلامية,3eme-informatique,RUSSE,Russe,الروسية,ru,True,,3,Семья и дом
secondaire,3S,3ème année secondaire,السنة الثالثة ثانوي,INFO,Sciences de l'informatique,علوم الإعلامية,3eme-informatique,RUSSE,Russe,الروسية,ru,True,,4,Мой день
secondaire,3S,3ème année secondaire,السنة الثالثة ثانوي,INFO,Sciences de l'informatique,علوم الإعلامية,3eme-informatique,RUSSE,Russe,الروسية,ru,True,,5,Город
secondaire,3S,3ème année secondaire,السنة الثالثة ثانوي,INFO,Sciences de l'informatique,علوم الإعلامية,3eme-informatique,RUSSE,Russe,الروسية,ru,True,,6,В гостях
secondaire,3S,3ème année secondaire,السنة الثالثة ثانوي,INFO,Sciences de l'informatique,علوم الإعلامية,3eme-informatique,RUSSE,Russe,الروسية,ru,True,,7,Профессия
secondaire,3S,3ème année secondaire,السنة الثالثة ثانوي,INFO,Sciences de l'informatique,علوم الإعلامية,3eme-informatique,RUSSE,Russe,الروسية,ru,True,,8,Транспорт
secondaire,3S,3ème année secondaire,السنة الثالثة ثانوي,INFO,Sciences de l'informatique,علوم الإعلامية,3eme-informatique,RUSSE,Russe,الروسية,ru,True,,9,Погода
secondaire,3S,3ème année secondaire,السنة الثالثة ثانوي,INFO,Sciences de l'informatique,علوم الإعلامية,3eme-informatique,RUSSE,Russe,الروسية,ru,True,,10,Спорт
secondaire,3S,3ème année secondaire,السنة الثالثة ثانوي,INFO,Sciences de l'informatique,علوم الإعلامية,3eme-informatique,CHIN,Chinois,الصينية,zh,True,,1,你好
secondaire,3S,3ème année secondaire,السنة الثالثة ثانوي,INFO,Sciences de l'informatique,علوم الإعلامية,3eme-informatique,CHIN,Chinois,الصينية,zh,True,,2,你是哪国人
secondaire,3S,3ème année secondaire,السنة الثالثة ثانوي,INFO,Sciences de l'informatique,علوم الإعلامية,3eme-informatique,CHIN,Chinois,الصينية,zh,True,,3,认识你们很高兴
secondaire,3S,3ème année secondaire,السنة الثالثة ثانوي,INFO,Sciences de l'informatique,علوم الإعلامية,3eme-informatique,CHIN,Chinois,الصينية,zh,True,,4,现在上课
secondaire,3S,3ème année secondaire,السنة الثالثة ثانوي,INFO,Sciences de l'informatique,علوم الإعلامية,3eme-informatique,CHIN,Chinois,الصينية,zh,True,,5,你们班的学生多吗
secondaire,3S,3ème année secondaire,السنة الثالثة ثانوي,INFO,Sciences de l'informatique,علوم الإعلامية,3eme-informatique,CHIN,Chinois,الصينية,zh,True,,6,我们常常锻炼身体
secondaire,3S,3ème année secondaire,السنة الثالثة ثانوي,INFO,Sciences de l'informatique,علوم الإعلامية,3eme-informatique,CHIN,Chinois,الصينية,zh,True,,7,我家人口很少
secondaire,3S,3ème année secondaire,السنة الثالثة ثانوي,INFO,Sciences de l'informatique,علوم الإعلامية,3eme-informatique,CHIN,Chinois,الصينية,zh,True,,8,图书馆在哪儿
secondaire,3S,3ème année secondaire,السنة الثالثة ثانوي,INFO,Sciences de l'informatique,علوم الإعلامية,3eme-informatique,CHIN,Chinois,الصينية,zh,True,,9,去学生食堂
secondaire,3S,3ème année secondaire,السنة الثالثة ثانوي,INFO,Sciences de l'informatique,علوم الإعلامية,3eme-informatique,CHIN,Chinois,الصينية,zh,True,,10,星期六我回家
secondaire,3S,3ème année secondaire,السنة الثالثة ثانوي,INFO,Sciences de l'informatique,علوم الإعلامية,3eme-informatique,CHIN,Chinois,الصينية,zh,True,,11,进城买东西
secondaire,3S,3ème année secondaire,السنة الثالثة ثانوي,LET,Lettres,آداب,3eme-lettres,ARAB,Arabe,العربية,ar,False,,1,الشعر الأندلسي والموشحات
secondaire,3S,3ème année secondaire,السنة الثالثة ثانوي,LET,Lettres,آداب,3eme-lettres,ARAB,Arabe,العربية,ar,False,,2,المقامة
secondaire,3S,3ème année secondaire,السنة الثالثة ثانوي,LET,Lettres,آداب,3eme-lettres,ARAB,Arabe,العربية,ar,False,,3,الشعر الحديث
secondaire,3S,3ème année secondaire,السنة الثالثة ثانوي,LET,Lettres,آداب,3eme-lettres,ARAB,Arabe,العربية,ar,False,,4,المسرحية
secondaire,3S,3ème année secondaire,السنة الثالثة ثانوي,LET,Lettres,آداب,3eme-lettres,ARAB,Arabe,العربية,ar,False,,5,السيرة الذاتية
secondaire,3S,3ème année secondaire,السنة الثالثة ثانوي,LET,Lettres,آداب,3eme-lettres,ARAB,Arabe,العربية,ar,False,,6,من شواغل الشباب
secondaire,3S,3ème année secondaire,السنة الثالثة ثانوي,LET,Lettres,آداب,3eme-lettres,ARAB,Arabe,العربية,ar,False,,7,التكنولوجيا الحديثة والقيم
secondaire,3S,3ème année secondaire,السنة الثالثة ثانوي,LET,Lettres,آداب,3eme-lettres,ARAB,Arabe,العربية,ar,False,,8,الصورة في عالمنا اليوم
secondaire,3S,3ème année secondaire,السنة الثالثة ثانوي,LET,Lettres,آداب,3eme-lettres,FRAN,Français,الفرنسية,fr,False,,1,Récits de voyages
secondaire,3S,3ème année secondaire,السنة الثالثة ثانوي,LET,Lettres,آداب,3eme-lettres,FRAN,Français,الفرنسية,fr,False,,2,Droit à la différence
secondaire,3S,3ème année secondaire,السنة الثالثة ثانوي,LET,Lettres,آداب,3eme-lettres,FRAN,Français,الفرنسية,fr,False,,3,"Mythes d’hier, mythes d’aujourd’hui"
secondaire,3S,3ème année secondaire,السنة الثالثة ثانوي,LET,Lettres,آداب,3eme-lettres,FRAN,Français,الفرنسية,fr,False,,4,Portraits comiques
secondaire,3S,3ème année secondaire,السنة الثالثة ثانوي,LET,Lettres,آداب,3eme-lettres,FRAN,Français,الفرنسية,fr,False,,5,Écrits autobiographiques
secondaire,3S,3ème année secondaire,السنة الثالثة ثانوي,LET,Lettres,آداب,3eme-lettres,FRAN,Français,الفرنسية,fr,False,,6,Défense d’entrer
secondaire,3S,3ème année secondaire,السنة الثالثة ثانوي,LET,Lettres,آداب,3eme-lettres,ANGL,Anglais,الإنجليزية,en,False,,1,"In time of test, family is best"
secondaire,3S,3ème année secondaire,السنة الثالثة ثانوي,LET,Lettres,آداب,3eme-lettres,ANGL,Anglais,الإنجليزية,en,False,,2,"We learn to give, share and care"
secondaire,3S,3ème année secondaire,السنة الثالثة ثانوي,LET,Lettres,آداب,3eme-lettres,ANGL,Anglais,الإنجليزية,en,False,,3,A change is as good as a rest
secondaire,3S,3ème année secondaire,السنة الثالثة ثانوي,LET,Lettres,آداب,3eme-lettres,ANGL,Anglais,الإنجليزية,en,False,,4,Science and technology: a blessing or a curse?
secondaire,3S,3ème année secondaire,السنة الثالثة ثانوي,LET,Lettres,آداب,3eme-lettres,ANGL,Anglais,الإنجليزية,en,False,,5,Education is not filling a bucket but lighting a fire
secondaire,3S,3ème année secondaire,السنة الثالثة ثانوي,LET,Lettres,آداب,3eme-lettres,ANGL,Anglais,الإنجليزية,en,False,,6,Nature: any future without it?
secondaire,3S,3ème année secondaire,السنة الثالثة ثانوي,LET,Lettres,آداب,3eme-lettres,PHILO,Philosophie,الفلسفة,ar,False,,1,اليومي
secondaire,3S,3ème année secondaire,السنة الثالثة ثانوي,LET,Lettres,آداب,3eme-lettres,PHILO,Philosophie,الفلسفة,ar,False,,2,مقتضيات التفكير
secondaire,3S,3ème année secondaire,السنة الثالثة ثانوي,LET,Lettres,آداب,3eme-lettres,PHILO,Philosophie,الفلسفة,ar,False,,3,تجربة الالتزام: شخصيات فكرية
secondaire,3S,3ème année secondaire,السنة الثالثة ثانوي,LET,Lettres,آداب,3eme-lettres,HIST,Histoire,التاريخ,ar,False,,1,أوروبا والعالم المتوسطي في القرن السادس عشر
secondaire,3S,3ème année secondaire,السنة الثالثة ثانوي,LET,Lettres,آداب,3eme-lettres,HIST,Histoire,التاريخ,ar,False,,2,تحولات العالم الغربي في القرنين السابع عشر والثامن عشر
secondaire,3S,3ème année secondaire,السنة الثالثة ثانوي,LET,Lettres,آداب,3eme-lettres,HIST,Histoire,التاريخ,ar,False,,3,الإمبراطورية العثمانية والمغرب العربي في القرن الثامن عشر
secondaire,3S,3ème année secondaire,السنة الثالثة ثانوي,LET,Lettres,آداب,3eme-lettres,HIST,Histoire,التاريخ,ar,False,,4,الثورة الصناعية وتركيز الاقتصاد الرأسمالي في القرن التاسع عشر
secondaire,3S,3ème année secondaire,السنة الثالثة ثانوي,LET,Lettres,آداب,3eme-lettres,HIST,Histoire,التاريخ,ar,False,,5,النهضة العربية الحديثة وتطور الإيالة التونسية في القرن التاسع عشر
secondaire,3S,3ème année secondaire,السنة الثالثة ثانوي,LET,Lettres,آداب,3eme-lettres,GEO,Géographie,الجغرافيا,ar,False,,1,المجال والتنمية في العالم العربي
secondaire,3S,3ème année secondaire,السنة الثالثة ثانوي,LET,Lettres,آداب,3eme-lettres,GEO,Géographie,الجغرافيا,ar,False,,2,المجال والتنمية بالبلاد التونسية
secondaire,3S,3ème année secondaire,السنة الثالثة ثانوي,LET,Lettres,آداب,3eme-lettres,GEO,Géographie,الجغرافيا,ar,False,,3,أقاليم البلاد التونسية
secondaire,3S,3ème année secondaire,السنة الثالثة ثانوي,LET,Lettres,آداب,3eme-lettres,ISLAM,Éducation islamique,التربية الإسلامية,ar,False,,1,التوحيد والمجتمع
secondaire,3S,3ème année secondaire,السنة الثالثة ثانوي,LET,Lettres,آداب,3eme-lettres,ISLAM,Éducation islamique,التربية الإسلامية,ar,False,,2,تسخير الكون ومسؤولية الإنسان
secondaire,3S,3ème année secondaire,السنة الثالثة ثانوي,LET,Lettres,آداب,3eme-lettres,ISLAM,Éducation islamique,التربية الإسلامية,ar,False,,3,النص والتاريخ
secondaire,3S,3ème année secondaire,السنة الثالثة ثانوي,LET,Lettres,آداب,3eme-lettres,CIVIQ,Éducation civique,التربية المدنية,ar,False,المجتمع الدولي,1,المجتمع الدولي ومبادئه
secondaire,3S,3ème année secondaire,السنة الثالثة ثانوي,LET,Lettres,آداب,3eme-lettres,CIVIQ,Éducation civique,التربية المدنية,ar,False,المواطن صاحب حقوق على المستوى الدولي,2,حقوق الإنسان
secondaire,3S,3ème année secondaire,السنة الثالثة ثانوي,LET,Lettres,آداب,3eme-lettres,CIVIQ,Éducation civique,التربية المدنية,ar,False,المواطن صاحب حقوق على المستوى الدولي,3,حقوق الإنسان بين الكونية والخصوصية
secondaire,3S,3ème année secondaire,السنة الثالثة ثانوي,LET,Lettres,آداب,3eme-lettres,CIVIQ,Éducation civique,التربية المدنية,ar,False,المواطن صاحب حقوق على المستوى الدولي,4,حقوق الإنسان والتنمية المستدامة
secondaire,3S,3ème année secondaire,السنة الثالثة ثانوي,LET,Lettres,آداب,3eme-lettres,CIVIQ,Éducation civique,التربية المدنية,ar,False,المواطن أمام التحديات الدولية الراهنة,5,التفاوت بين الدول في الممارسة الديمقراطية
secondaire,3S,3ème année secondaire,السنة الثالثة ثانوي,LET,Lettres,آداب,3eme-lettres,CIVIQ,Éducation civique,التربية المدنية,ar,False,المواطن أمام التحديات الدولية الراهنة,6,التفاوت العلمي والتكنولوجي
secondaire,3S,3ème année secondaire,السنة الثالثة ثانوي,LET,Lettres,آداب,3eme-lettres,CIVIQ,Éducation civique,التربية المدنية,ar,False,المواطن أمام التحديات الدولية الراهنة,7,الفقر
secondaire,3S,3ème année secondaire,السنة الثالثة ثانوي,LET,Lettres,آداب,3eme-lettres,CIVIQ,Éducation civique,التربية المدنية,ar,False,المواطن أمام التحديات الدولية الراهنة,8,النزاعات
secondaire,3S,3ème année secondaire,السنة الثالثة ثانوي,LET,Lettres,آداب,3eme-lettres,CIVIQ,Éducation civique,التربية المدنية,ar,False,المواطن أمام التحديات الدولية الراهنة,9,التدهور البيئي
secondaire,3S,3ème année secondaire,السنة الثالثة ثانوي,LET,Lettres,آداب,3eme-lettres,MATH,Mathématiques,الرياضيات,fr,True,,1,Problèmes du second degré
secondaire,3S,3ème année secondaire,السنة الثالثة ثانوي,LET,Lettres,آداب,3eme-lettres,MATH,Mathématiques,الرياضيات,fr,True,,2,Dérivation et applications
secondaire,3S,3ème année secondaire,السنة الثالثة ثانوي,LET,Lettres,آداب,3eme-lettres,MATH,Mathématiques,الرياضيات,fr,True,,3,Exemples de fonctions polynômes
secondaire,3S,3ème année secondaire,السنة الثالثة ثانوي,LET,Lettres,آداب,3eme-lettres,MATH,Mathématiques,الرياضيات,fr,True,,4,Exemples de fonctions homographiques
secondaire,3S,3ème année secondaire,السنة الثالثة ثانوي,LET,Lettres,آداب,3eme-lettres,MATH,Mathématiques,الرياضيات,fr,True,,5,Suites réelles
secondaire,3S,3ème année secondaire,السنة الثالثة ثانوي,LET,Lettres,آداب,3eme-lettres,MATH,Mathématiques,الرياضيات,fr,True,,6,Statistiques
secondaire,3S,3ème année secondaire,السنة الثالثة ثانوي,LET,Lettres,آداب,3eme-lettres,MATH,Mathématiques,الرياضيات,fr,True,,7,Probabilités
secondaire,3S,3ème année secondaire,السنة الثالثة ثانوي,LET,Lettres,آداب,3eme-lettres,SVT,Sciences de la vie et de la terre,علوم الحياة والأرض,fr,True,"Les êtres vivants : unité d'organisation, reproduction conforme",1,"La cellule, unité de structure des êtres vivants"
secondaire,3S,3ème année secondaire,السنة الثالثة ثانوي,LET,Lettres,آداب,3eme-lettres,SVT,Sciences de la vie et de la terre,علوم الحياة والأرض,fr,True,"Les êtres vivants : unité d'organisation, reproduction conforme",2,"La mitose, mécanisme de reproduction conforme"
secondaire,3S,3ème année secondaire,السنة الثالثة ثانوي,LET,Lettres,آداب,3eme-lettres,SVT,Sciences de la vie et de la terre,علوم الحياة والأرض,fr,True,L'information génétique et la diversité biologique,3,"Les caractères héréditaires : espèce, lignée, individu"
secondaire,3S,3ème année secondaire,السنة الثالثة ثانوي,LET,Lettres,آداب,3eme-lettres,SVT,Sciences de la vie et de la terre,علوم الحياة والأرض,fr,True,L'information génétique et la diversité biologique,4,L'information génétique : sa nature et sa structure
secondaire,3S,3ème année secondaire,السنة الثالثة ثانوي,LET,Lettres,آداب,3eme-lettres,SVT,Sciences de la vie et de la terre,علوم الحياة والأرض,fr,True,L'information génétique et la diversité biologique,5,Origine de la diversité génétique : mutation et reproduction sexuée
secondaire,3S,3ème année secondaire,السنة الثالثة ثانوي,LET,Lettres,آداب,3eme-lettres,SVT,Sciences de la vie et de la terre,علوم الحياة والأرض,fr,True,La génétique humaine,6,Mécanisme de la transmission des caractères héréditaires chez l'espèce humaine
secondaire,3S,3ème année secondaire,السنة الثالثة ثانوي,LET,Lettres,آداب,3eme-lettres,SVT,Sciences de la vie et de la terre,علوم الحياة والأرض,fr,True,La génétique humaine,7,La prévention des maladies héréditaires
secondaire,3S,3ème année secondaire,السنة الثالثة ثانوي,LET,Lettres,آداب,3eme-lettres,ALLEM,Allemand,الألمانية,de,True,,1,Soziale Beziehungen / Gegenseitiges Kennenlernen
secondaire,3S,3ème année secondaire,السنة الثالثة ثانوي,LET,Lettres,آداب,3eme-lettres,ALLEM,Allemand,الألمانية,de,True,,2,Schule
secondaire,3S,3ème année secondaire,السنة الثالثة ثانوي,LET,Lettres,آداب,3eme-lettres,ALLEM,Allemand,الألمانية,de,True,,3,Wohnen
secondaire,3S,3ème année secondaire,السنة الثالثة ثانوي,LET,Lettres,آداب,3eme-lettres,ALLEM,Allemand,الألمانية,de,True,,4,Essen und Trinken
secondaire,3S,3ème année secondaire,السنة الثالثة ثانوي,LET,Lettres,آداب,3eme-lettres,ALLEM,Allemand,الألمانية,de,True,,5,Alltag und Freizeit
secondaire,3S,3ème année secondaire,السنة الثالثة ثانوي,LET,Lettres,آداب,3eme-lettres,ALLEM,Allemand,الألمانية,de,True,,6,Gesundheit
secondaire,3S,3ème année secondaire,السنة الثالثة ثانوي,LET,Lettres,آداب,3eme-lettres,ESPA,Espagnol,الإسبانية,es,True,,1,¡Hola!
secondaire,3S,3ème année secondaire,السنة الثالثة ثانوي,LET,Lettres,آداب,3eme-lettres,ESPA,Espagnol,الإسبانية,es,True,,2,"¡Soy francesa, de París!"
secondaire,3S,3ème année secondaire,السنة الثالثة ثانوي,LET,Lettres,آداب,3eme-lettres,ESPA,Espagnol,الإسبانية,es,True,,3,¿A qué te dedicas?
secondaire,3S,3ème année secondaire,السنة الثالثة ثانوي,LET,Lettres,آداب,3eme-lettres,ESPA,Espagnol,الإسبانية,es,True,,4,Le presento al señor Alonso
secondaire,3S,3ème année secondaire,السنة الثالثة ثانوي,LET,Lettres,آداب,3eme-lettres,ESPA,Espagnol,الإسبانية,es,True,,5,Mi familia
secondaire,3S,3ème année secondaire,السنة الثالثة ثانوي,LET,Lettres,آداب,3eme-lettres,ESPA,Espagnol,الإسبانية,es,True,,6,¿Cómo es?
secondaire,3S,3ème année secondaire,السنة الثالثة ثانوي,LET,Lettres,آداب,3eme-lettres,ESPA,Espagnol,الإسبانية,es,True,,7,¿Qué es esto?
secondaire,3S,3ème année secondaire,السنة الثالثة ثانوي,LET,Lettres,آداب,3eme-lettres,ESPA,Espagnol,الإسبانية,es,True,,8,España está en el sur
secondaire,3S,3ème année secondaire,السنة الثالثة ثانوي,LET,Lettres,آداب,3eme-lettres,ESPA,Espagnol,الإسبانية,es,True,,9,¿Dónde está la plaza Cibeles?
secondaire,3S,3ème année secondaire,السنة الثالثة ثانوي,LET,Lettres,آداب,3eme-lettres,ESPA,Espagnol,الإسبانية,es,True,,10,¡Qué ciudad tan bonita!
secondaire,3S,3ème année secondaire,السنة الثالثة ثانوي,LET,Lettres,آداب,3eme-lettres,ESPA,Espagnol,الإسبانية,es,True,,11,Vivo en una casa pequeña
secondaire,3S,3ème année secondaire,السنة الثالثة ثانوي,LET,Lettres,آداب,3eme-lettres,ESPA,Espagnol,الإسبانية,es,True,,12,Tengo un ordenador portátil
secondaire,3S,3ème année secondaire,السنة الثالثة ثانوي,LET,Lettres,آداب,3eme-lettres,ESPA,Espagnol,الإسبانية,es,True,,13,¿Cuánto vale?
secondaire,3S,3ème année secondaire,السنة الثالثة ثانوي,LET,Lettres,آداب,3eme-lettres,ESPA,Espagnol,الإسبانية,es,True,,14,"¡Yo, prefiero éste!"
secondaire,3S,3ème année secondaire,السنة الثالثة ثانوي,LET,Lettres,آداب,3eme-lettres,ITAL,Italien,الإيطالية,it,True,,1,"Ciao, mi presento"
secondaire,3S,3ème année secondaire,السنة الثالثة ثانوي,LET,Lettres,آداب,3eme-lettres,ITAL,Italien,الإيطالية,it,True,,2,Andiamo a lezione
secondaire,3S,3ème année secondaire,السنة الثالثة ثانوي,LET,Lettres,آداب,3eme-lettres,ITAL,Italien,الإيطالية,it,True,,3,"Casa, dolce casa"
secondaire,3S,3ème année secondaire,السنة الثالثة ثانوي,LET,Lettres,آداب,3eme-lettres,ITAL,Italien,الإيطالية,it,True,,4,Vi presento un amico
secondaire,3S,3ème année secondaire,السنة الثالثة ثانوي,LET,Lettres,آداب,3eme-lettres,ITAL,Italien,الإيطالية,it,True,,5,I mestieri
secondaire,3S,3ème année secondaire,السنة الثالثة ثانوي,LET,Lettres,آداب,3eme-lettres,ITAL,Italien,الإيطالية,it,True,,6,Tempo libero
secondaire,3S,3ème année secondaire,السنة الثالثة ثانوي,LET,Lettres,آداب,3eme-lettres,RUSSE,Russe,الروسية,ru,True,,1,Как вас зовут? Кто это? Что это?
secondaire,3S,3ème année secondaire,السنة الثالثة ثانوي,LET,Lettres,آداب,3eme-lettres,RUSSE,Russe,الروسية,ru,True,,2,Школа
secondaire,3S,3ème année secondaire,السنة الثالثة ثانوي,LET,Lettres,آداب,3eme-lettres,RUSSE,Russe,الروسية,ru,True,,3,Семья и дом
secondaire,3S,3ème année secondaire,السنة الثالثة ثانوي,LET,Lettres,آداب,3eme-lettres,RUSSE,Russe,الروسية,ru,True,,4,Мой день
secondaire,3S,3ème année secondaire,السنة الثالثة ثانوي,LET,Lettres,آداب,3eme-lettres,RUSSE,Russe,الروسية,ru,True,,5,Город
secondaire,3S,3ème année secondaire,السنة الثالثة ثانوي,LET,Lettres,آداب,3eme-lettres,RUSSE,Russe,الروسية,ru,True,,6,В гостях
secondaire,3S,3ème année secondaire,السنة الثالثة ثانوي,LET,Lettres,آداب,3eme-lettres,RUSSE,Russe,الروسية,ru,True,,7,Профессия
secondaire,3S,3ème année secondaire,السنة الثالثة ثانوي,LET,Lettres,آداب,3eme-lettres,RUSSE,Russe,الروسية,ru,True,,8,Транспорт
secondaire,3S,3ème année secondaire,السنة الثالثة ثانوي,LET,Lettres,آداب,3eme-lettres,RUSSE,Russe,الروسية,ru,True,,9,Погода
secondaire,3S,3ème année secondaire,السنة الثالثة ثانوي,LET,Lettres,آداب,3eme-lettres,RUSSE,Russe,الروسية,ru,True,,10,Спорт
secondaire,3S,3ème année secondaire,السنة الثالثة ثانوي,LET,Lettres,آداب,3eme-lettres,CHIN,Chinois,الصينية,zh,True,,1,你好
secondaire,3S,3ème année secondaire,السنة الثالثة ثانوي,LET,Lettres,آداب,3eme-lettres,CHIN,Chinois,الصينية,zh,True,,2,你是哪国人
secondaire,3S,3ème année secondaire,السنة الثالثة ثانوي,LET,Lettres,آداب,3eme-lettres,CHIN,Chinois,الصينية,zh,True,,3,认识你们很高兴
secondaire,3S,3ème année secondaire,السنة الثالثة ثانوي,LET,Lettres,آداب,3eme-lettres,CHIN,Chinois,الصينية,zh,True,,4,现在上课
secondaire,3S,3ème année secondaire,السنة الثالثة ثانوي,LET,Lettres,آداب,3eme-lettres,CHIN,Chinois,الصينية,zh,True,,5,你们班的学生多吗
secondaire,3S,3ème année secondaire,السنة الثالثة ثانوي,LET,Lettres,آداب,3eme-lettres,CHIN,Chinois,الصينية,zh,True,,6,我们常常锻炼身体
secondaire,3S,3ème année secondaire,السنة الثالثة ثانوي,LET,Lettres,آداب,3eme-lettres,CHIN,Chinois,الصينية,zh,True,,7,我家人口很少
secondaire,3S,3ème année secondaire,السنة الثالثة ثانوي,LET,Lettres,آداب,3eme-lettres,CHIN,Chinois,الصينية,zh,True,,8,图书馆在哪儿
secondaire,3S,3ème année secondaire,السنة الثالثة ثانوي,LET,Lettres,آداب,3eme-lettres,CHIN,Chinois,الصينية,zh,True,,9,去学生食堂
secondaire,3S,3ème année secondaire,السنة الثالثة ثانوي,LET,Lettres,آداب,3eme-lettres,CHIN,Chinois,الصينية,zh,True,,10,星期六我回家
secondaire,3S,3ème année secondaire,السنة الثالثة ثانوي,LET,Lettres,آداب,3eme-lettres,CHIN,Chinois,الصينية,zh,True,,11,进城买东西
secondaire,3S,3ème année secondaire,السنة الثالثة ثانوي,MATH,Mathématiques,رياضيات,3eme-mathematiques,ARAB,Arabe,العربية,ar,False,,1,الفكاهة والهزل في القص العربي القديم
secondaire,3S,3ème année secondaire,السنة الثالثة ثانوي,MATH,Mathématiques,رياضيات,3eme-mathematiques,ARAB,Arabe,العربية,ar,False,,2,صور ونصوص
secondaire,3S,3ème année secondaire,السنة الثالثة ثانوي,MATH,Mathématiques,رياضيات,3eme-mathematiques,ARAB,Arabe,العربية,ar,False,,3,شواغل المرأة بقلم المرأة
secondaire,3S,3ème année secondaire,السنة الثالثة ثانوي,MATH,Mathématiques,رياضيات,3eme-mathematiques,ARAB,Arabe,العربية,ar,False,,4,العدل والإنصاف
secondaire,3S,3ème année secondaire,السنة الثالثة ثانوي,MATH,Mathématiques,رياضيات,3eme-mathematiques,ARAB,Arabe,العربية,ar,False,,5,حرية التعبير
secondaire,3S,3ème année secondaire,السنة الثالثة ثانوي,MATH,Mathématiques,رياضيات,3eme-mathematiques,ARAB,Arabe,العربية,ar,False,,6,الإنسان والمكان
secondaire,3S,3ème année secondaire,السنة الثالثة ثانوي,MATH,Mathématiques,رياضيات,3eme-mathematiques,FRAN,Français,الفرنسية,fr,False,,1,Invitation au voyage
secondaire,3S,3ème année secondaire,السنة الثالثة ثانوي,MATH,Mathématiques,رياضيات,3eme-mathematiques,FRAN,Français,الفرنسية,fr,False,,2,Le mythe aujourd’hui
secondaire,3S,3ème année secondaire,السنة الثالثة ثانوي,MATH,Mathématiques,رياضيات,3eme-mathematiques,FRAN,Français,الفرنسية,fr,False,,3,Le droit à la différence
secondaire,3S,3ème année secondaire,السنة الثالثة ثانوي,MATH,Mathématiques,رياضيات,3eme-mathematiques,FRAN,Français,الفرنسية,fr,False,,4,Module de lecture : Celui qui n’avait jamais vu la mer
secondaire,3S,3ème année secondaire,السنة الثالثة ثانوي,MATH,Mathématiques,رياضيات,3eme-mathematiques,FRAN,Français,الفرنسية,fr,False,,5,Scènes comiques
secondaire,3S,3ème année secondaire,السنة الثالثة ثانوي,MATH,Mathématiques,رياضيات,3eme-mathematiques,FRAN,Français,الفرنسية,fr,False,,6,Le pouvoir de l’image
secondaire,3S,3ème année secondaire,السنة الثالثة ثانوي,MATH,Mathématiques,رياضيات,3eme-mathematiques,ANGL,Anglais,الإنجليزية,en,False,,1,"In time of test, family is best"
secondaire,3S,3ème année secondaire,السنة الثالثة ثانوي,MATH,Mathématiques,رياضيات,3eme-mathematiques,ANGL,Anglais,الإنجليزية,en,False,,2,"We learn to give, share and care"
secondaire,3S,3ème année secondaire,السنة الثالثة ثانوي,MATH,Mathématiques,رياضيات,3eme-mathematiques,ANGL,Anglais,الإنجليزية,en,False,,3,A change is as good as a rest
secondaire,3S,3ème année secondaire,السنة الثالثة ثانوي,MATH,Mathématiques,رياضيات,3eme-mathematiques,ANGL,Anglais,الإنجليزية,en,False,,4,Science and technology: a blessing or a curse?
secondaire,3S,3ème année secondaire,السنة الثالثة ثانوي,MATH,Mathématiques,رياضيات,3eme-mathematiques,ANGL,Anglais,الإنجليزية,en,False,,5,Education is not filling a bucket but lighting a fire
secondaire,3S,3ème année secondaire,السنة الثالثة ثانوي,MATH,Mathématiques,رياضيات,3eme-mathematiques,ANGL,Anglais,الإنجليزية,en,False,,6,Nature: any future without it?
secondaire,3S,3ème année secondaire,السنة الثالثة ثانوي,MATH,Mathématiques,رياضيات,3eme-mathematiques,MATH,Mathématiques,الرياضيات,fr,False,,1,Généralités sur les fonctions
secondaire,3S,3ème année secondaire,السنة الثالثة ثانوي,MATH,Mathématiques,رياضيات,3eme-mathematiques,MATH,Mathématiques,الرياضيات,fr,False,,2,Continuité
secondaire,3S,3ème année secondaire,السنة الثالثة ثانوي,MATH,Mathématiques,رياضيات,3eme-mathematiques,MATH,Mathématiques,الرياضيات,fr,False,,3,Limites et continuité
secondaire,3S,3ème année secondaire,السنة الثالثة ثانوي,MATH,Mathématiques,رياضيات,3eme-mathematiques,MATH,Mathématiques,الرياضيات,fr,False,,4,Limites et comportements asymptotiques
secondaire,3S,3ème année secondaire,السنة الثالثة ثانوي,MATH,Mathématiques,رياضيات,3eme-mathematiques,MATH,Mathématiques,الرياضيات,fr,False,,5,Nombre dérivé
secondaire,3S,3ème année secondaire,السنة الثالثة ثانوي,MATH,Mathématiques,رياضيات,3eme-mathematiques,MATH,Mathématiques,الرياضيات,fr,False,,6,Fonction dérivée
secondaire,3S,3ème année secondaire,السنة الثالثة ثانوي,MATH,Mathématiques,رياضيات,3eme-mathematiques,MATH,Mathématiques,الرياضيات,fr,False,,7,Exemples d'étude de fonctions
secondaire,3S,3ème année secondaire,السنة الثالثة ثانوي,MATH,Mathématiques,رياضيات,3eme-mathematiques,MATH,Mathématiques,الرياضيات,fr,False,,8,Fonctions trigonométriques
secondaire,3S,3ème année secondaire,السنة الثالثة ثانوي,MATH,Mathématiques,رياضيات,3eme-mathematiques,MATH,Mathématiques,الرياضيات,fr,False,,9,Suites réelles
secondaire,3S,3ème année secondaire,السنة الثالثة ثانوي,MATH,Mathématiques,رياضيات,3eme-mathematiques,MATH,Mathématiques,الرياضيات,fr,False,,10,Limites de suites réelles
secondaire,3S,3ème année secondaire,السنة الثالثة ثانوي,MATH,Mathématiques,رياضيات,3eme-mathematiques,MATH,Mathématiques,الرياضيات,fr,False,,11,Statistiques
secondaire,3S,3ème année secondaire,السنة الثالثة ثانوي,MATH,Mathématiques,رياضيات,3eme-mathematiques,MATH,Mathématiques,الرياضيات,fr,False,,12,Probabilités
secondaire,3S,3ème année secondaire,السنة الثالثة ثانوي,MATH,Mathématiques,رياضيات,3eme-mathematiques,MATH,Mathématiques,الرياضيات,fr,False,,13,Produit scalaire dans le plan
secondaire,3S,3ème année secondaire,السنة الثالثة ثانوي,MATH,Mathématiques,رياضيات,3eme-mathematiques,MATH,Mathématiques,الرياضيات,fr,False,,14,Angles orientés
secondaire,3S,3ème année secondaire,السنة الثالثة ثانوي,MATH,Mathématiques,رياضيات,3eme-mathematiques,MATH,Mathématiques,الرياضيات,fr,False,,15,Trigonométrie
secondaire,3S,3ème année secondaire,السنة الثالثة ثانوي,MATH,Mathématiques,رياضيات,3eme-mathematiques,MATH,Mathématiques,الرياضيات,fr,False,,16,Rotations
secondaire,3S,3ème année secondaire,السنة الثالثة ثانوي,MATH,Mathématiques,رياضيات,3eme-mathematiques,MATH,Mathématiques,الرياضيات,fr,False,,17,Nombres complexes
secondaire,3S,3ème année secondaire,السنة الثالثة ثانوي,MATH,Mathématiques,رياضيات,3eme-mathematiques,MATH,Mathématiques,الرياضيات,fr,False,,18,Dénombrement
secondaire,3S,3ème année secondaire,السنة الثالثة ثانوي,MATH,Mathématiques,رياضيات,3eme-mathematiques,MATH,Mathématiques,الرياضيات,fr,False,,19,Divisibilité dans ℤ
secondaire,3S,3ème année secondaire,السنة الثالثة ثانوي,MATH,Mathématiques,رياضيات,3eme-mathematiques,MATH,Mathématiques,الرياضيات,fr,False,,20,Nombres premiers
secondaire,3S,3ème année secondaire,السنة الثالثة ثانوي,MATH,Mathématiques,رياضيات,3eme-mathematiques,MATH,Mathématiques,الرياضيات,fr,False,,21,Vecteurs de l'espace
secondaire,3S,3ème année secondaire,السنة الثالثة ثانوي,MATH,Mathématiques,رياضيات,3eme-mathematiques,MATH,Mathématiques,الرياضيات,fr,False,,22,Produit scalaire et produit vectoriel dans l'espace
secondaire,3S,3ème année secondaire,السنة الثالثة ثانوي,MATH,Mathématiques,رياضيات,3eme-mathematiques,MATH,Mathématiques,الرياضيات,fr,False,,23,Equations de droites et de plans. Equation d'une sphère
secondaire,3S,3ème année secondaire,السنة الثالثة ثانوي,MATH,Mathématiques,رياضيات,3eme-mathematiques,PHYS,Sciences physiques,العلوم الفيزيائية,fr,False,Physique > Interactions dans l'univers,1,Interaction électrique
secondaire,3S,3ème année secondaire,السنة الثالثة ثانوي,MATH,Mathématiques,رياضيات,3eme-mathematiques,PHYS,Sciences physiques,العلوم الفيزيائية,fr,False,Physique > Interactions dans l'univers,2,Interaction magnétique
secondaire,3S,3ème année secondaire,السنة الثالثة ثانوي,MATH,Mathématiques,رياضيات,3eme-mathematiques,PHYS,Sciences physiques,العلوم الفيزيائية,fr,False,Physique > Interactions dans l'univers,3,Force de Laplace
secondaire,3S,3ème année secondaire,السنة الثالثة ثانوي,MATH,Mathématiques,رياضيات,3eme-mathematiques,PHYS,Sciences physiques,العلوم الفيزيائية,fr,False,Physique > Interactions dans l'univers,4,Interaction gravitationnelle et interaction forte
secondaire,3S,3ème année secondaire,السنة الثالثة ثانوي,MATH,Mathématiques,رياضيات,3eme-mathematiques,PHYS,Sciences physiques,العلوم الفيزيائية,fr,False,Physique > Mouvements dans les champs,5,Etude cinématique d'un solide en mouvement de translation
secondaire,3S,3ème année secondaire,السنة الثالثة ثانوي,MATH,Mathématiques,رياضيات,3eme-mathematiques,PHYS,Sciences physiques,العلوم الفيزيائية,fr,False,Physique > Mouvements dans les champs,6,Etude dynamique d'un solide en mouvement de translation
secondaire,3S,3ème année secondaire,السنة الثالثة ثانوي,MATH,Mathématiques,رياضيات,3eme-mathematiques,PHYS,Sciences physiques,العلوم الفيزيائية,fr,False,Physique > Mouvements dans les champs,7,Solide en mouvement de rotation
secondaire,3S,3ème année secondaire,السنة الثالثة ثانوي,MATH,Mathématiques,رياضيات,3eme-mathematiques,PHYS,Sciences physiques,العلوم الفيزيائية,fr,False,Physique > Mouvements dans les champs,8,Energie cinétique
secondaire,3S,3ème année secondaire,السنة الثالثة ثانوي,MATH,Mathématiques,رياضيات,3eme-mathematiques,PHYS,Sciences physiques,العلوم الفيزيائية,fr,False,Physique > Mouvements dans les champs,9,Mouvement dans un champ gravitationnel
secondaire,3S,3ème année secondaire,السنة الثالثة ثانوي,MATH,Mathématiques,رياضيات,3eme-mathematiques,PHYS,Sciences physiques,العلوم الفيزيائية,fr,False,Physique > Mouvements dans les champs,10,Mouvement dans un champ électrique uniforme
secondaire,3S,3ème année secondaire,السنة الثالثة ثانوي,MATH,Mathématiques,رياضيات,3eme-mathematiques,PHYS,Sciences physiques,العلوم الفيزيائية,fr,False,Physique > Mouvements dans les champs,11,Mouvement dans un champ magnétique uniforme
secondaire,3S,3ème année secondaire,السنة الثالثة ثانوي,MATH,Mathématiques,رياضيات,3eme-mathematiques,PHYS,Sciences physiques,العلوم الفيزيائية,fr,False,Physique > Optique,12,Lentilles minces
secondaire,3S,3ème année secondaire,السنة الثالثة ثانوي,MATH,Mathématiques,رياضيات,3eme-mathematiques,PHYS,Sciences physiques,العلوم الفيزيائية,fr,False,Physique > Optique,13,Instruments d'optique
secondaire,3S,3ème année secondaire,السنة الثالثة ثانوي,MATH,Mathématiques,رياضيات,3eme-mathematiques,PHYS,Sciences physiques,العلوم الفيزيائية,fr,False,Chimie > Les réactions d'oxydoréduction,14,Les réactions d'oxydoréduction
secondaire,3S,3ème année secondaire,السنة الثالثة ثانوي,MATH,Mathématiques,رياضيات,3eme-mathematiques,PHYS,Sciences physiques,العلوم الفيزيائية,fr,False,Chimie > Les réactions d'oxydoréduction,15,Classification électrochimique des métaux par rapport au dihydrogène
secondaire,3S,3ème année secondaire,السنة الثالثة ثانوي,MATH,Mathématiques,رياضيات,3eme-mathematiques,PHYS,Sciences physiques,العلوم الفيزيائية,fr,False,Chimie > Les réactions d'oxydoréduction,16,Etude de quelques réactions d'oxydoréduction
secondaire,3S,3ème année secondaire,السنة الثالثة ثانوي,MATH,Mathématiques,رياضيات,3eme-mathematiques,PHYS,Sciences physiques,العلوم الفيزيائية,fr,False,Chimie > Les acides et les bases de Bronsted,17,Les acides et les bases de Bronsted
secondaire,3S,3ème année secondaire,السنة الثالثة ثانوي,MATH,Mathématiques,رياضيات,3eme-mathematiques,PHYS,Sciences physiques,العلوم الفيزيائية,fr,False,Chimie > Les acides et les bases de Bronsted,18,Les couples acide base et les réactions acide base
secondaire,3S,3ème année secondaire,السنة الثالثة ثانوي,MATH,Mathématiques,رياضيات,3eme-mathematiques,PHYS,Sciences physiques,العلوم الفيزيائية,fr,False,Chimie > La chimie organique,19,Analyse des composés organiques
secondaire,3S,3ème année secondaire,السنة الثالثة ثانوي,MATH,Mathématiques,رياضيات,3eme-mathematiques,PHYS,Sciences physiques,العلوم الفيزيائية,fr,False,Chimie > La chimie organique,20,Les alcools aliphatiques saturés
secondaire,3S,3ème année secondaire,السنة الثالثة ثانوي,MATH,Mathématiques,رياضيات,3eme-mathematiques,PHYS,Sciences physiques,العلوم الفيزيائية,fr,False,Chimie > La chimie organique,21,Les acides carboxyliques aliphatiques saturés
secondaire,3S,3ème année secondaire,السنة الثالثة ثانوي,MATH,Mathématiques,رياضيات,3eme-mathematiques,PHYS,Sciences physiques,العلوم الفيزيائية,fr,False,Chimie > La chimie organique,22,Notions de fonction organique
secondaire,3S,3ème année secondaire,السنة الثالثة ثانوي,MATH,Mathématiques,رياضيات,3eme-mathematiques,PHYS,Sciences physiques,العلوم الفيزيائية,fr,False,Chimie > La mesure en chimie,23,Détermination d'une quantité de matière à l'aide d'une réaction chimique
secondaire,3S,3ème année secondaire,السنة الثالثة ثانوي,MATH,Mathématiques,رياضيات,3eme-mathematiques,PHYS,Sciences physiques,العلوم الفيزيائية,fr,False,Chimie > La mesure en chimie,24,Détermination d'une quantité de matière par mesure d'une grandeur physique
secondaire,3S,3ème année secondaire,السنة الثالثة ثانوي,MATH,Mathématiques,رياضيات,3eme-mathematiques,PHYS,Sciences physiques,العلوم الفيزيائية,fr,False,Chimie > La mesure en chimie,25,Détermination d'une quantité de matière par utilisation de l'équation d'état des gaz parfaits
secondaire,3S,3ème année secondaire,السنة الثالثة ثانوي,MATH,Mathématiques,رياضيات,3eme-mathematiques,SVT,Sciences de la vie et de la terre,علوم الحياة والأرض,fr,False,Nutrition et santé,1,La malnutrition
secondaire,3S,3ème année secondaire,السنة الثالثة ثانوي,MATH,Mathématiques,رياضيات,3eme-mathematiques,SVT,Sciences de la vie et de la terre,علوم الحياة والأرض,fr,False,Nutrition et santé,2,Les besoins nutritionnels de l'Homme
secondaire,3S,3ème année secondaire,السنة الثالثة ثانوي,MATH,Mathématiques,رياضيات,3eme-mathematiques,SVT,Sciences de la vie et de la terre,علوم الحياة والأرض,fr,False,Nutrition et santé,3,La ration alimentaire équilibrée
secondaire,3S,3ème année secondaire,السنة الثالثة ثانوي,MATH,Mathématiques,رياضيات,3eme-mathematiques,SVT,Sciences de la vie et de la terre,علوم الحياة والأرض,fr,False,Nutrition et santé,4,L'alimentation et le développement durable : l'agriculture biologique
secondaire,3S,3ème année secondaire,السنة الثالثة ثانوي,MATH,Mathématiques,رياضيات,3eme-mathematiques,SVT,Sciences de la vie et de la terre,علوم الحياة والأرض,fr,False,Nutrition et santé,5,La régulation de la glycémie
secondaire,3S,3ème année secondaire,السنة الثالثة ثانوي,MATH,Mathématiques,رياضيات,3eme-mathematiques,SVT,Sciences de la vie et de la terre,علوم الحياة والأرض,fr,False,Génétique,6,L'information génétique : des caractères aux gènes
secondaire,3S,3ème année secondaire,السنة الثالثة ثانوي,MATH,Mathématiques,رياضيات,3eme-mathematiques,SVT,Sciences de la vie et de la terre,علوم الحياة والأرض,fr,False,Génétique,7,L'information génétique : mécanisme de l'expression
secondaire,3S,3ème année secondaire,السنة الثالثة ثانوي,MATH,Mathématiques,رياضيات,3eme-mathematiques,SVT,Sciences de la vie et de la terre,علوم الحياة والأرض,fr,False,Génétique,8,L'information génétique : origine de la diversité
secondaire,3S,3ème année secondaire,السنة الثالثة ثانوي,MATH,Mathématiques,رياضيات,3eme-mathematiques,SVT,Sciences de la vie et de la terre,علوم الحياة والأرض,fr,False,Génétique,9,L'information génétique : sa transmission
secondaire,3S,3ème année secondaire,السنة الثالثة ثانوي,MATH,Mathématiques,رياضيات,3eme-mathematiques,HIST,Histoire,التاريخ,ar,False,التحولات الفكرية والاقتصادية والاجتماعية في أوروبا في العصر الحديث (القرنان الثامن عشر والتاسع عشر),1,فكر التنوير
secondaire,3S,3ème année secondaire,السنة الثالثة ثانوي,MATH,Mathématiques,رياضيات,3eme-mathematiques,HIST,Histoire,التاريخ,ar,False,التحولات الفكرية والاقتصادية والاجتماعية في أوروبا في العصر الحديث (القرنان الثامن عشر والتاسع عشر),2,الثورة الفرنسية وانتصار المبادئ الجديدة
secondaire,3S,3ème année secondaire,السنة الثالثة ثانوي,MATH,Mathématiques,رياضيات,3eme-mathematiques,HIST,Histoire,التاريخ,ar,False,التحولات الفكرية والاقتصادية والاجتماعية في أوروبا في العصر الحديث (القرنان الثامن عشر والتاسع عشر),3,الثورة الصناعية: أهم مظاهرها
secondaire,3S,3ème année secondaire,السنة الثالثة ثانوي,MATH,Mathématiques,رياضيات,3eme-mathematiques,HIST,Histoire,التاريخ,ar,False,التحولات الفكرية والاقتصادية والاجتماعية في أوروبا في العصر الحديث (القرنان الثامن عشر والتاسع عشر),4,التحولات الاقتصادية والاجتماعية في أوروبا الغربية في القرن التاسع عشر
secondaire,3S,3ème année secondaire,السنة الثالثة ثانوي,MATH,Mathématiques,رياضيات,3eme-mathematiques,HIST,Histoire,التاريخ,ar,False,التحولات الفكرية والاقتصادية والاجتماعية في أوروبا في العصر الحديث (القرنان الثامن عشر والتاسع عشر),5,التيارات الفكرية والسياسية في أوروبا الغربية في القرن التاسع عشر
secondaire,3S,3ème année secondaire,السنة الثالثة ثانوي,MATH,Mathématiques,رياضيات,3eme-mathematiques,HIST,Histoire,التاريخ,ar,False,التحولات الفكرية والاقتصادية والاجتماعية في أوروبا في العصر الحديث (القرنان الثامن عشر والتاسع عشر),6,التوسع الاستعماري واقتسام العالم في القرن التاسع عشر
secondaire,3S,3ème année secondaire,السنة الثالثة ثانوي,MATH,Mathématiques,رياضيات,3eme-mathematiques,HIST,Histoire,التاريخ,ar,False,أزمة الإيالة التونسية في القرن التاسع عشر,7,الأزمة في تونس ومحاولات الإصلاح
secondaire,3S,3ème année secondaire,السنة الثالثة ثانوي,MATH,Mathématiques,رياضيات,3eme-mathematiques,HIST,Histoire,التاريخ,ar,False,أزمة الإيالة التونسية في القرن التاسع عشر,8,انتصاب الحماية الفرنسية بتونس وردود الفعل الأولى
secondaire,3S,3ème année secondaire,السنة الثالثة ثانوي,MATH,Mathématiques,رياضيات,3eme-mathematiques,HIST,Histoire,التاريخ,ar,False,أزمات القرن العشرين وتحولاته,9,الحرب العالمية الأولى
secondaire,3S,3ème année secondaire,السنة الثالثة ثانوي,MATH,Mathématiques,رياضيات,3eme-mathematiques,HIST,Histoire,التاريخ,ar,False,أزمات القرن العشرين وتحولاته,10,توتر العلاقات الدولية بين الحربين العالميتين
secondaire,3S,3ème année secondaire,السنة الثالثة ثانوي,MATH,Mathématiques,رياضيات,3eme-mathematiques,HIST,Histoire,التاريخ,ar,False,أزمات القرن العشرين وتحولاته,11,نتائج الحرب العالمية الثانية
secondaire,3S,3ème année secondaire,السنة الثالثة ثانوي,MATH,Mathématiques,رياضيات,3eme-mathematiques,HIST,Histoire,التاريخ,ar,False,أزمات القرن العشرين وتحولاته,12,تحرر الشعوب المستعمرة
secondaire,3S,3ème année secondaire,السنة الثالثة ثانوي,MATH,Mathématiques,رياضيات,3eme-mathematiques,HIST,Histoire,التاريخ,ar,False,أزمات القرن العشرين وتحولاته,13,الحركة الوطنية التونسية قبل الحرب العالمية الثانية: طور التأسيس
secondaire,3S,3ème année secondaire,السنة الثالثة ثانوي,MATH,Mathématiques,رياضيات,3eme-mathematiques,HIST,Histoire,التاريخ,ar,False,أزمات القرن العشرين وتحولاته,14,الحركة الوطنية التونسية منذ الحرب العالمية الثانية إلى الاستقلال التام 1956: طور النضج والحسم
secondaire,3S,3ème année secondaire,السنة الثالثة ثانوي,MATH,Mathématiques,رياضيات,3eme-mathematiques,HIST,Histoire,التاريخ,ar,False,أزمات القرن العشرين وتحولاته,15,تونس من 1956 إلى 1987
secondaire,3S,3ème année secondaire,السنة الثالثة ثانوي,MATH,Mathématiques,رياضيات,3eme-mathematiques,HIST,Histoire,التاريخ,ar,False,أزمات القرن العشرين وتحولاته,16,القضية الفلسطينية
secondaire,3S,3ème année secondaire,السنة الثالثة ثانوي,MATH,Mathématiques,رياضيات,3eme-mathematiques,GEO,Géographie,الجغرافيا,ar,False,مجال عالمي مترابط ومتفاوت,1,الأدفاق التجارية
secondaire,3S,3ème année secondaire,السنة الثالثة ثانوي,MATH,Mathématiques,رياضيات,3eme-mathematiques,GEO,Géographie,الجغرافيا,ar,False,مجال عالمي مترابط ومتفاوت,2,الأدفاق المالية
secondaire,3S,3ème année secondaire,السنة الثالثة ثانوي,MATH,Mathématiques,رياضيات,3eme-mathematiques,GEO,Géographie,الجغرافيا,ar,False,مجال عالمي مترابط ومتفاوت,3,أدفاق الإعلام
secondaire,3S,3ème année secondaire,السنة الثالثة ثانوي,MATH,Mathématiques,رياضيات,3eme-mathematiques,GEO,Géographie,الجغرافيا,ar,False,مجال عالمي مترابط ومتفاوت,4,المجال العالمي: التفاوت في التقدم وتركيبة العالم
secondaire,3S,3ème année secondaire,السنة الثالثة ثانوي,MATH,Mathématiques,رياضيات,3eme-mathematiques,GEO,Géographie,الجغرافيا,ar,False,الشمال: الأقطاب المتحكمة في المجال العالمي,5,الولايات المتحدة الأمريكية: قوة عالمية عظمى
secondaire,3S,3ème année secondaire,السنة الثالثة ثانوي,MATH,Mathématiques,رياضيات,3eme-mathematiques,GEO,Géographie,الجغرافيا,ar,False,الشمال: الأقطاب المتحكمة في المجال العالمي,6,الاتحاد الأوروبي: تكتل اقتصادي قوي
secondaire,3S,3ème année secondaire,السنة الثالثة ثانوي,MATH,Mathématiques,رياضيات,3eme-mathematiques,GEO,Géographie,الجغرافيا,ar,False,الجنوب,7,البرازيل: بلد صناعي جديد
secondaire,3S,3ème année secondaire,السنة الثالثة ثانوي,MATH,Mathématiques,رياضيات,3eme-mathematiques,GEO,Géographie,الجغرافيا,ar,False,الجنوب,8,البلدان الأقل تقدما بالساحل الإفريقي
secondaire,3S,3ème année secondaire,السنة الثالثة ثانوي,MATH,Mathématiques,رياضيات,3eme-mathematiques,ISLAM,Éducation islamique,التربية الإسلامية,ar,False,,1,التفكير فريضة إسلامية
secondaire,3S,3ème année secondaire,السنة الثالثة ثانوي,MATH,Mathématiques,رياضيات,3eme-mathematiques,ISLAM,Éducation islamique,التربية الإسلامية,ar,False,,2,الإنسان والقرآن
secondaire,3S,3ème année secondaire,السنة الثالثة ثانوي,MATH,Mathématiques,رياضيات,3eme-mathematiques,ISLAM,Éducation islamique,التربية الإسلامية,ar,False,,3,الإنسان والكون
secondaire,3S,3ème année secondaire,السنة الثالثة ثانوي,MATH,Mathématiques,رياضيات,3eme-mathematiques,PHILO,Philosophie,الفلسفة,ar,False,,1,اليومي
secondaire,3S,3ème année secondaire,السنة الثالثة ثانوي,MATH,Mathématiques,رياضيات,3eme-mathematiques,PHILO,Philosophie,الفلسفة,ar,False,,2,مقتضيات التفكير
secondaire,3S,3ème année secondaire,السنة الثالثة ثانوي,MATH,Mathématiques,رياضيات,3eme-mathematiques,PHILO,Philosophie,الفلسفة,ar,False,,3,تجربة الالتزام
secondaire,3S,3ème année secondaire,السنة الثالثة ثانوي,MATH,Mathématiques,رياضيات,3eme-mathematiques,ALLEM,Allemand,الألمانية,de,True,,1,Soziale Beziehungen / Gegenseitiges Kennenlernen
secondaire,3S,3ème année secondaire,السنة الثالثة ثانوي,MATH,Mathématiques,رياضيات,3eme-mathematiques,ALLEM,Allemand,الألمانية,de,True,,2,Schule
secondaire,3S,3ème année secondaire,السنة الثالثة ثانوي,MATH,Mathématiques,رياضيات,3eme-mathematiques,ALLEM,Allemand,الألمانية,de,True,,3,Wohnen
secondaire,3S,3ème année secondaire,السنة الثالثة ثانوي,MATH,Mathématiques,رياضيات,3eme-mathematiques,ALLEM,Allemand,الألمانية,de,True,,4,Essen und Trinken
secondaire,3S,3ème année secondaire,السنة الثالثة ثانوي,MATH,Mathématiques,رياضيات,3eme-mathematiques,ALLEM,Allemand,الألمانية,de,True,,5,Alltag und Freizeit
secondaire,3S,3ème année secondaire,السنة الثالثة ثانوي,MATH,Mathématiques,رياضيات,3eme-mathematiques,ALLEM,Allemand,الألمانية,de,True,,6,Gesundheit
secondaire,3S,3ème année secondaire,السنة الثالثة ثانوي,MATH,Mathématiques,رياضيات,3eme-mathematiques,ESPA,Espagnol,الإسبانية,es,True,,1,¡Hola!
secondaire,3S,3ème année secondaire,السنة الثالثة ثانوي,MATH,Mathématiques,رياضيات,3eme-mathematiques,ESPA,Espagnol,الإسبانية,es,True,,2,"¡Soy francesa, de París!"
secondaire,3S,3ème année secondaire,السنة الثالثة ثانوي,MATH,Mathématiques,رياضيات,3eme-mathematiques,ESPA,Espagnol,الإسبانية,es,True,,3,¿A qué te dedicas?
secondaire,3S,3ème année secondaire,السنة الثالثة ثانوي,MATH,Mathématiques,رياضيات,3eme-mathematiques,ESPA,Espagnol,الإسبانية,es,True,,4,Le presento al señor Alonso
secondaire,3S,3ème année secondaire,السنة الثالثة ثانوي,MATH,Mathématiques,رياضيات,3eme-mathematiques,ESPA,Espagnol,الإسبانية,es,True,,5,Mi familia
secondaire,3S,3ème année secondaire,السنة الثالثة ثانوي,MATH,Mathématiques,رياضيات,3eme-mathematiques,ESPA,Espagnol,الإسبانية,es,True,,6,¿Cómo es?
secondaire,3S,3ème année secondaire,السنة الثالثة ثانوي,MATH,Mathématiques,رياضيات,3eme-mathematiques,ESPA,Espagnol,الإسبانية,es,True,,7,¿Qué es esto?
secondaire,3S,3ème année secondaire,السنة الثالثة ثانوي,MATH,Mathématiques,رياضيات,3eme-mathematiques,ESPA,Espagnol,الإسبانية,es,True,,8,España está en el sur
secondaire,3S,3ème année secondaire,السنة الثالثة ثانوي,MATH,Mathématiques,رياضيات,3eme-mathematiques,ESPA,Espagnol,الإسبانية,es,True,,9,¿Dónde está la plaza Cibeles?
secondaire,3S,3ème année secondaire,السنة الثالثة ثانوي,MATH,Mathématiques,رياضيات,3eme-mathematiques,ESPA,Espagnol,الإسبانية,es,True,,10,¡Qué ciudad tan bonita!
secondaire,3S,3ème année secondaire,السنة الثالثة ثانوي,MATH,Mathématiques,رياضيات,3eme-mathematiques,ESPA,Espagnol,الإسبانية,es,True,,11,Vivo en una casa pequeña
secondaire,3S,3ème année secondaire,السنة الثالثة ثانوي,MATH,Mathématiques,رياضيات,3eme-mathematiques,ESPA,Espagnol,الإسبانية,es,True,,12,Tengo un ordenador portátil
secondaire,3S,3ème année secondaire,السنة الثالثة ثانوي,MATH,Mathématiques,رياضيات,3eme-mathematiques,ESPA,Espagnol,الإسبانية,es,True,,13,¿Cuánto vale?
secondaire,3S,3ème année secondaire,السنة الثالثة ثانوي,MATH,Mathématiques,رياضيات,3eme-mathematiques,ESPA,Espagnol,الإسبانية,es,True,,14,"¡Yo, prefiero éste!"
secondaire,3S,3ème année secondaire,السنة الثالثة ثانوي,MATH,Mathématiques,رياضيات,3eme-mathematiques,ITAL,Italien,الإيطالية,it,True,,1,"Ciao, mi presento"
secondaire,3S,3ème année secondaire,السنة الثالثة ثانوي,MATH,Mathématiques,رياضيات,3eme-mathematiques,ITAL,Italien,الإيطالية,it,True,,2,Andiamo a lezione
secondaire,3S,3ème année secondaire,السنة الثالثة ثانوي,MATH,Mathématiques,رياضيات,3eme-mathematiques,ITAL,Italien,الإيطالية,it,True,,3,"Casa, dolce casa"
secondaire,3S,3ème année secondaire,السنة الثالثة ثانوي,MATH,Mathématiques,رياضيات,3eme-mathematiques,ITAL,Italien,الإيطالية,it,True,,4,Vi presento un amico
secondaire,3S,3ème année secondaire,السنة الثالثة ثانوي,MATH,Mathématiques,رياضيات,3eme-mathematiques,ITAL,Italien,الإيطالية,it,True,,5,I mestieri
secondaire,3S,3ème année secondaire,السنة الثالثة ثانوي,MATH,Mathématiques,رياضيات,3eme-mathematiques,ITAL,Italien,الإيطالية,it,True,,6,Tempo libero
secondaire,3S,3ème année secondaire,السنة الثالثة ثانوي,MATH,Mathématiques,رياضيات,3eme-mathematiques,RUSSE,Russe,الروسية,ru,True,,1,Как вас зовут? Кто это? Что это?
secondaire,3S,3ème année secondaire,السنة الثالثة ثانوي,MATH,Mathématiques,رياضيات,3eme-mathematiques,RUSSE,Russe,الروسية,ru,True,,2,Школа
secondaire,3S,3ème année secondaire,السنة الثالثة ثانوي,MATH,Mathématiques,رياضيات,3eme-mathematiques,RUSSE,Russe,الروسية,ru,True,,3,Семья и дом
secondaire,3S,3ème année secondaire,السنة الثالثة ثانوي,MATH,Mathématiques,رياضيات,3eme-mathematiques,RUSSE,Russe,الروسية,ru,True,,4,Мой день
secondaire,3S,3ème année secondaire,السنة الثالثة ثانوي,MATH,Mathématiques,رياضيات,3eme-mathematiques,RUSSE,Russe,الروسية,ru,True,,5,Город
secondaire,3S,3ème année secondaire,السنة الثالثة ثانوي,MATH,Mathématiques,رياضيات,3eme-mathematiques,RUSSE,Russe,الروسية,ru,True,,6,В гостях
secondaire,3S,3ème année secondaire,السنة الثالثة ثانوي,MATH,Mathématiques,رياضيات,3eme-mathematiques,RUSSE,Russe,الروسية,ru,True,,7,Профессия
secondaire,3S,3ème année secondaire,السنة الثالثة ثانوي,MATH,Mathématiques,رياضيات,3eme-mathematiques,RUSSE,Russe,الروسية,ru,True,,8,Транспорт
secondaire,3S,3ème année secondaire,السنة الثالثة ثانوي,MATH,Mathématiques,رياضيات,3eme-mathematiques,RUSSE,Russe,الروسية,ru,True,,9,Погода
secondaire,3S,3ème année secondaire,السنة الثالثة ثانوي,MATH,Mathématiques,رياضيات,3eme-mathematiques,RUSSE,Russe,الروسية,ru,True,,10,Спорт
secondaire,3S,3ème année secondaire,السنة الثالثة ثانوي,MATH,Mathématiques,رياضيات,3eme-mathematiques,CHIN,Chinois,الصينية,zh,True,,1,你好
secondaire,3S,3ème année secondaire,السنة الثالثة ثانوي,MATH,Mathématiques,رياضيات,3eme-mathematiques,CHIN,Chinois,الصينية,zh,True,,2,你是哪国人
secondaire,3S,3ème année secondaire,السنة الثالثة ثانوي,MATH,Mathématiques,رياضيات,3eme-mathematiques,CHIN,Chinois,الصينية,zh,True,,3,认识你们很高兴
secondaire,3S,3ème année secondaire,السنة الثالثة ثانوي,MATH,Mathématiques,رياضيات,3eme-mathematiques,CHIN,Chinois,الصينية,zh,True,,4,现在上课
secondaire,3S,3ème année secondaire,السنة الثالثة ثانوي,MATH,Mathématiques,رياضيات,3eme-mathematiques,CHIN,Chinois,الصينية,zh,True,,5,你们班的学生多吗
secondaire,3S,3ème année secondaire,السنة الثالثة ثانوي,MATH,Mathématiques,رياضيات,3eme-mathematiques,CHIN,Chinois,الصينية,zh,True,,6,我们常常锻炼身体
secondaire,3S,3ème année secondaire,السنة الثالثة ثانوي,MATH,Mathématiques,رياضيات,3eme-mathematiques,CHIN,Chinois,الصينية,zh,True,,7,我家人口很少
secondaire,3S,3ème année secondaire,السنة الثالثة ثانوي,MATH,Mathématiques,رياضيات,3eme-mathematiques,CHIN,Chinois,الصينية,zh,True,,8,图书馆在哪儿
secondaire,3S,3ème année secondaire,السنة الثالثة ثانوي,MATH,Mathématiques,رياضيات,3eme-mathematiques,CHIN,Chinois,الصينية,zh,True,,9,去学生食堂
secondaire,3S,3ème année secondaire,السنة الثالثة ثانوي,MATH,Mathématiques,رياضيات,3eme-mathematiques,CHIN,Chinois,الصينية,zh,True,,10,星期六我回家
secondaire,3S,3ème année secondaire,السنة الثالثة ثانوي,MATH,Mathématiques,رياضيات,3eme-mathematiques,CHIN,Chinois,الصينية,zh,True,,11,进城买东西
secondaire,3S,3ème année secondaire,السنة الثالثة ثانوي,SCEXP,Sciences expérimentales,علوم تجريبية,3eme-sciences-experimentales,ARAB,Arabe,العربية,ar,False,,1,الفكاهة والهزل في القص العربي القديم
secondaire,3S,3ème année secondaire,السنة الثالثة ثانوي,SCEXP,Sciences expérimentales,علوم تجريبية,3eme-sciences-experimentales,ARAB,Arabe,العربية,ar,False,,2,صور ونصوص
secondaire,3S,3ème année secondaire,السنة الثالثة ثانوي,SCEXP,Sciences expérimentales,علوم تجريبية,3eme-sciences-experimentales,ARAB,Arabe,العربية,ar,False,,3,شواغل المرأة بقلم المرأة
secondaire,3S,3ème année secondaire,السنة الثالثة ثانوي,SCEXP,Sciences expérimentales,علوم تجريبية,3eme-sciences-experimentales,ARAB,Arabe,العربية,ar,False,,4,العدل والإنصاف
secondaire,3S,3ème année secondaire,السنة الثالثة ثانوي,SCEXP,Sciences expérimentales,علوم تجريبية,3eme-sciences-experimentales,ARAB,Arabe,العربية,ar,False,,5,حرية التعبير
secondaire,3S,3ème année secondaire,السنة الثالثة ثانوي,SCEXP,Sciences expérimentales,علوم تجريبية,3eme-sciences-experimentales,ARAB,Arabe,العربية,ar,False,,6,الإنسان والمكان
secondaire,3S,3ème année secondaire,السنة الثالثة ثانوي,SCEXP,Sciences expérimentales,علوم تجريبية,3eme-sciences-experimentales,FRAN,Français,الفرنسية,fr,False,,1,Invitation au voyage
secondaire,3S,3ème année secondaire,السنة الثالثة ثانوي,SCEXP,Sciences expérimentales,علوم تجريبية,3eme-sciences-experimentales,FRAN,Français,الفرنسية,fr,False,,2,Le mythe aujourd’hui
secondaire,3S,3ème année secondaire,السنة الثالثة ثانوي,SCEXP,Sciences expérimentales,علوم تجريبية,3eme-sciences-experimentales,FRAN,Français,الفرنسية,fr,False,,3,Le droit à la différence
secondaire,3S,3ème année secondaire,السنة الثالثة ثانوي,SCEXP,Sciences expérimentales,علوم تجريبية,3eme-sciences-experimentales,FRAN,Français,الفرنسية,fr,False,,4,Module de lecture : Celui qui n’avait jamais vu la mer
secondaire,3S,3ème année secondaire,السنة الثالثة ثانوي,SCEXP,Sciences expérimentales,علوم تجريبية,3eme-sciences-experimentales,FRAN,Français,الفرنسية,fr,False,,5,Scènes comiques
secondaire,3S,3ème année secondaire,السنة الثالثة ثانوي,SCEXP,Sciences expérimentales,علوم تجريبية,3eme-sciences-experimentales,FRAN,Français,الفرنسية,fr,False,,6,Le pouvoir de l’image
secondaire,3S,3ème année secondaire,السنة الثالثة ثانوي,SCEXP,Sciences expérimentales,علوم تجريبية,3eme-sciences-experimentales,ANGL,Anglais,الإنجليزية,en,False,,1,"In time of test, family is best"
secondaire,3S,3ème année secondaire,السنة الثالثة ثانوي,SCEXP,Sciences expérimentales,علوم تجريبية,3eme-sciences-experimentales,ANGL,Anglais,الإنجليزية,en,False,,2,"We learn to give, share and care"
secondaire,3S,3ème année secondaire,السنة الثالثة ثانوي,SCEXP,Sciences expérimentales,علوم تجريبية,3eme-sciences-experimentales,ANGL,Anglais,الإنجليزية,en,False,,3,A change is as good as a rest
secondaire,3S,3ème année secondaire,السنة الثالثة ثانوي,SCEXP,Sciences expérimentales,علوم تجريبية,3eme-sciences-experimentales,ANGL,Anglais,الإنجليزية,en,False,,4,Science and technology: a blessing or a curse?
secondaire,3S,3ème année secondaire,السنة الثالثة ثانوي,SCEXP,Sciences expérimentales,علوم تجريبية,3eme-sciences-experimentales,ANGL,Anglais,الإنجليزية,en,False,,5,Education is not filling a bucket but lighting a fire
secondaire,3S,3ème année secondaire,السنة الثالثة ثانوي,SCEXP,Sciences expérimentales,علوم تجريبية,3eme-sciences-experimentales,ANGL,Anglais,الإنجليزية,en,False,,6,Nature: any future without it?
secondaire,3S,3ème année secondaire,السنة الثالثة ثانوي,SCEXP,Sciences expérimentales,علوم تجريبية,3eme-sciences-experimentales,SVT,Sciences de la vie et de la terre,علوم الحياة والأرض,fr,False,Nutrition et santé,1,La malnutrition
secondaire,3S,3ème année secondaire,السنة الثالثة ثانوي,SCEXP,Sciences expérimentales,علوم تجريبية,3eme-sciences-experimentales,SVT,Sciences de la vie et de la terre,علوم الحياة والأرض,fr,False,Nutrition et santé,2,Les besoins nutritionnels de l'Homme
secondaire,3S,3ème année secondaire,السنة الثالثة ثانوي,SCEXP,Sciences expérimentales,علوم تجريبية,3eme-sciences-experimentales,SVT,Sciences de la vie et de la terre,علوم الحياة والأرض,fr,False,Nutrition et santé,3,Des aliments aux nutriments : la digestion
secondaire,3S,3ème année secondaire,السنة الثالثة ثانوي,SCEXP,Sciences expérimentales,علوم تجريبية,3eme-sciences-experimentales,SVT,Sciences de la vie et de la terre,علوم الحياة والأرض,fr,False,Nutrition et santé,4,Dégradation des nutriments : la respiration
secondaire,3S,3ème année secondaire,السنة الثالثة ثانوي,SCEXP,Sciences expérimentales,علوم تجريبية,3eme-sciences-experimentales,SVT,Sciences de la vie et de la terre,علوم الحياة والأرض,fr,False,Nutrition et santé,5,Les risques liés à la consommation des aliments contaminés
secondaire,3S,3ème année secondaire,السنة الثالثة ثانوي,SCEXP,Sciences expérimentales,علوم تجريبية,3eme-sciences-experimentales,SVT,Sciences de la vie et de la terre,علوم الحياة والأرض,fr,False,Nutrition et santé,6,Des microorganismes au service de la production des aliments
secondaire,3S,3ème année secondaire,السنة الثالثة ثانوي,SCEXP,Sciences expérimentales,علوم تجريبية,3eme-sciences-experimentales,SVT,Sciences de la vie et de la terre,علوم الحياة والأرض,fr,False,Nutrition et santé,7,Le milieu intérieur et ses caractéristiques
secondaire,3S,3ème année secondaire,السنة الثالثة ثانوي,SCEXP,Sciences expérimentales,علوم تجريبية,3eme-sciences-experimentales,SVT,Sciences de la vie et de la terre,علوم الحياة والأرض,fr,False,Nutrition et santé,8,L'excrétion urinaire
secondaire,3S,3ème année secondaire,السنة الثالثة ثانوي,SCEXP,Sciences expérimentales,علوم تجريبية,3eme-sciences-experimentales,SVT,Sciences de la vie et de la terre,علوم الحياة والأرض,fr,False,Nutrition et santé,9,La régulation de la glycémie
secondaire,3S,3ème année secondaire,السنة الثالثة ثانوي,SCEXP,Sciences expérimentales,علوم تجريبية,3eme-sciences-experimentales,SVT,Sciences de la vie et de la terre,علوم الحياة والأرض,fr,False,Génétique,10,L'information génétique : des caractères aux gènes
secondaire,3S,3ème année secondaire,السنة الثالثة ثانوي,SCEXP,Sciences expérimentales,علوم تجريبية,3eme-sciences-experimentales,SVT,Sciences de la vie et de la terre,علوم الحياة والأرض,fr,False,Génétique,11,L'information génétique : mécanisme de l'expression
secondaire,3S,3ème année secondaire,السنة الثالثة ثانوي,SCEXP,Sciences expérimentales,علوم تجريبية,3eme-sciences-experimentales,SVT,Sciences de la vie et de la terre,علوم الحياة والأرض,fr,False,Génétique,12,L'information génétique : ses manipulations en génie génétique
secondaire,3S,3ème année secondaire,السنة الثالثة ثانوي,SCEXP,Sciences expérimentales,علوم تجريبية,3eme-sciences-experimentales,SVT,Sciences de la vie et de la terre,علوم الحياة والأرض,fr,False,Génétique,13,L'information génétique : origine de la diversité
secondaire,3S,3ème année secondaire,السنة الثالثة ثانوي,SCEXP,Sciences expérimentales,علوم تجريبية,3eme-sciences-experimentales,SVT,Sciences de la vie et de la terre,علوم الحياة والأرض,fr,False,Génétique,14,L'information génétique : sa transmission
secondaire,3S,3ème année secondaire,السنة الثالثة ثانوي,SCEXP,Sciences expérimentales,علوم تجريبية,3eme-sciences-experimentales,SVT,Sciences de la vie et de la terre,علوم الحياة والأرض,fr,False,Dynamique du globe terrestre et évolution,15,Structure et composition du globe terrestre
secondaire,3S,3ème année secondaire,السنة الثالثة ثانوي,SCEXP,Sciences expérimentales,علوم تجريبية,3eme-sciences-experimentales,SVT,Sciences de la vie et de la terre,علوم الحياة والأرض,fr,False,Dynamique du globe terrestre et évolution,16,Tectonique des plaques
secondaire,3S,3ème année secondaire,السنة الثالثة ثانوي,SCEXP,Sciences expérimentales,علوم تجريبية,3eme-sciences-experimentales,SVT,Sciences de la vie et de la terre,علوم الحياة والأرض,fr,False,Dynamique du globe terrestre et évolution,17,L'évolution biologique
secondaire,3S,3ème année secondaire,السنة الثالثة ثانوي,SCEXP,Sciences expérimentales,علوم تجريبية,3eme-sciences-experimentales,PHYS,Sciences physiques,العلوم الفيزيائية,fr,False,Physique > Les interactions dans l'univers,1,Interaction électrique
secondaire,3S,3ème année secondaire,السنة الثالثة ثانوي,SCEXP,Sciences expérimentales,علوم تجريبية,3eme-sciences-experimentales,PHYS,Sciences physiques,العلوم الفيزيائية,fr,False,Physique > Les interactions dans l'univers,2,Interaction magnétique
secondaire,3S,3ème année secondaire,السنة الثالثة ثانوي,SCEXP,Sciences expérimentales,علوم تجريبية,3eme-sciences-experimentales,PHYS,Sciences physiques,العلوم الفيزيائية,fr,False,Physique > Les interactions dans l'univers,3,Interaction gravitationnelle
secondaire,3S,3ème année secondaire,السنة الثالثة ثانوي,SCEXP,Sciences expérimentales,علوم تجريبية,3eme-sciences-experimentales,PHYS,Sciences physiques,العلوم الفيزيائية,fr,False,Physique > Les interactions dans l'univers,4,Interaction forte
secondaire,3S,3ème année secondaire,السنة الثالثة ثانوي,SCEXP,Sciences expérimentales,علوم تجريبية,3eme-sciences-experimentales,PHYS,Sciences physiques,العلوم الفيزيائية,fr,False,Physique > Mouvements de translation,5,Etude cinématique d'un solide en mouvement de translation
secondaire,3S,3ème année secondaire,السنة الثالثة ثانوي,SCEXP,Sciences expérimentales,علوم تجريبية,3eme-sciences-experimentales,PHYS,Sciences physiques,العلوم الفيزيائية,fr,False,Physique > Mouvements de translation,6,Etude dynamique d'un solide en mouvement de translation
secondaire,3S,3ème année secondaire,السنة الثالثة ثانوي,SCEXP,Sciences expérimentales,علوم تجريبية,3eme-sciences-experimentales,PHYS,Sciences physiques,العلوم الفيزيائية,fr,False,Physique > Mouvements de translation,7,Energie cinétique
secondaire,3S,3ème année secondaire,السنة الثالثة ثانوي,SCEXP,Sciences expérimentales,علوم تجريبية,3eme-sciences-experimentales,PHYS,Sciences physiques,العلوم الفيزيائية,fr,False,Physique > Mouvements de translation,8,Mouvements dans les champs
secondaire,3S,3ème année secondaire,السنة الثالثة ثانوي,SCEXP,Sciences expérimentales,علوم تجريبية,3eme-sciences-experimentales,PHYS,Sciences physiques,العلوم الفيزيائية,fr,False,Physique > Systèmes optiques et images,9,Lentilles minces
secondaire,3S,3ème année secondaire,السنة الثالثة ثانوي,SCEXP,Sciences expérimentales,علوم تجريبية,3eme-sciences-experimentales,PHYS,Sciences physiques,العلوم الفيزيائية,fr,False,Physique > Systèmes optiques et images,10,Instruments d'optique
secondaire,3S,3ème année secondaire,السنة الثالثة ثانوي,SCEXP,Sciences expérimentales,علوم تجريبية,3eme-sciences-experimentales,PHYS,Sciences physiques,العلوم الفيزيائية,fr,False,Chimie > Les réactions d'oxydoréduction,11,Les réactions d'oxydoréduction
secondaire,3S,3ème année secondaire,السنة الثالثة ثانوي,SCEXP,Sciences expérimentales,علوم تجريبية,3eme-sciences-experimentales,PHYS,Sciences physiques,العلوم الفيزيائية,fr,False,Chimie > Les réactions d'oxydoréduction,12,Classification électrochimique des métaux par rapport au dihydrogène
secondaire,3S,3ème année secondaire,السنة الثالثة ثانوي,SCEXP,Sciences expérimentales,علوم تجريبية,3eme-sciences-experimentales,PHYS,Sciences physiques,العلوم الفيزيائية,fr,False,Chimie > Les réactions d'oxydoréduction,13,Etude de quelques réactions d'oxydoréduction
secondaire,3S,3ème année secondaire,السنة الثالثة ثانوي,SCEXP,Sciences expérimentales,علوم تجريبية,3eme-sciences-experimentales,PHYS,Sciences physiques,العلوم الفيزيائية,fr,False,Chimie > Les acides et les bases de Bronsted,14,Les acides et les bases de Bronsted
secondaire,3S,3ème année secondaire,السنة الثالثة ثانوي,SCEXP,Sciences expérimentales,علوم تجريبية,3eme-sciences-experimentales,PHYS,Sciences physiques,العلوم الفيزيائية,fr,False,Chimie > Les acides et les bases de Bronsted,15,Les couples acide base et les réactions acide base
secondaire,3S,3ème année secondaire,السنة الثالثة ثانوي,SCEXP,Sciences expérimentales,علوم تجريبية,3eme-sciences-experimentales,PHYS,Sciences physiques,العلوم الفيزيائية,fr,False,Chimie > La chimie organique,16,Analyse des composés organiques
secondaire,3S,3ème année secondaire,السنة الثالثة ثانوي,SCEXP,Sciences expérimentales,علوم تجريبية,3eme-sciences-experimentales,PHYS,Sciences physiques,العلوم الفيزيائية,fr,False,Chimie > La chimie organique,17,Les alcools aliphatiques saturés
secondaire,3S,3ème année secondaire,السنة الثالثة ثانوي,SCEXP,Sciences expérimentales,علوم تجريبية,3eme-sciences-experimentales,PHYS,Sciences physiques,العلوم الفيزيائية,fr,False,Chimie > La chimie organique,18,Les acides carboxyliques aliphatiques saturés
secondaire,3S,3ème année secondaire,السنة الثالثة ثانوي,SCEXP,Sciences expérimentales,علوم تجريبية,3eme-sciences-experimentales,PHYS,Sciences physiques,العلوم الفيزيائية,fr,False,Chimie > La chimie organique,19,Les amines aliphatiques
secondaire,3S,3ème année secondaire,السنة الثالثة ثانوي,SCEXP,Sciences expérimentales,علوم تجريبية,3eme-sciences-experimentales,PHYS,Sciences physiques,العلوم الفيزيائية,fr,False,Chimie > La chimie organique,20,Les acides aminés aliphatiques et les protéines
secondaire,3S,3ème année secondaire,السنة الثالثة ثانوي,SCEXP,Sciences expérimentales,علوم تجريبية,3eme-sciences-experimentales,PHYS,Sciences physiques,العلوم الفيزيائية,fr,False,Chimie > La chimie organique,21,Notion de fonction organique
secondaire,3S,3ème année secondaire,السنة الثالثة ثانوي,SCEXP,Sciences expérimentales,علوم تجريبية,3eme-sciences-experimentales,PHYS,Sciences physiques,العلوم الفيزيائية,fr,False,Chimie > La mesure en chimie,22,Détermination d'une quantité de matière à l'aide d'une réaction chimique
secondaire,3S,3ème année secondaire,السنة الثالثة ثانوي,SCEXP,Sciences expérimentales,علوم تجريبية,3eme-sciences-experimentales,PHYS,Sciences physiques,العلوم الفيزيائية,fr,False,Chimie > La mesure en chimie,23,Détermination d'une quantité de matière par mesure d'une grandeur physique
secondaire,3S,3ème année secondaire,السنة الثالثة ثانوي,SCEXP,Sciences expérimentales,علوم تجريبية,3eme-sciences-experimentales,PHYS,Sciences physiques,العلوم الفيزيائية,fr,False,Chimie > Evolution d'un système chimique,24,Avancement d'une réaction chimique. Transformation totale et transformation limitée
secondaire,3S,3ème année secondaire,السنة الثالثة ثانوي,SCEXP,Sciences expérimentales,علوم تجريبية,3eme-sciences-experimentales,MATH,Mathématiques,الرياضيات,fr,False,,1,Généralités sur les fonctions
secondaire,3S,3ème année secondaire,السنة الثالثة ثانوي,SCEXP,Sciences expérimentales,علوم تجريبية,3eme-sciences-experimentales,MATH,Mathématiques,الرياضيات,fr,False,,2,Continuité
secondaire,3S,3ème année secondaire,السنة الثالثة ثانوي,SCEXP,Sciences expérimentales,علوم تجريبية,3eme-sciences-experimentales,MATH,Mathématiques,الرياضيات,fr,False,,3,Limites et continuité
secondaire,3S,3ème année secondaire,السنة الثالثة ثانوي,SCEXP,Sciences expérimentales,علوم تجريبية,3eme-sciences-experimentales,MATH,Mathématiques,الرياضيات,fr,False,,4,Limites et comportements asymptotiques
secondaire,3S,3ème année secondaire,السنة الثالثة ثانوي,SCEXP,Sciences expérimentales,علوم تجريبية,3eme-sciences-experimentales,MATH,Mathématiques,الرياضيات,fr,False,,5,Nombre dérivé
secondaire,3S,3ème année secondaire,السنة الثالثة ثانوي,SCEXP,Sciences expérimentales,علوم تجريبية,3eme-sciences-experimentales,MATH,Mathématiques,الرياضيات,fr,False,,6,Fonction dérivée
secondaire,3S,3ème année secondaire,السنة الثالثة ثانوي,SCEXP,Sciences expérimentales,علوم تجريبية,3eme-sciences-experimentales,MATH,Mathématiques,الرياضيات,fr,False,,7,Exemples d'étude de fonctions
secondaire,3S,3ème année secondaire,السنة الثالثة ثانوي,SCEXP,Sciences expérimentales,علوم تجريبية,3eme-sciences-experimentales,MATH,Mathématiques,الرياضيات,fr,False,,8,Fonctions trigonométriques
secondaire,3S,3ème année secondaire,السنة الثالثة ثانوي,SCEXP,Sciences expérimentales,علوم تجريبية,3eme-sciences-experimentales,MATH,Mathématiques,الرياضيات,fr,False,,9,Suites réelles
secondaire,3S,3ème année secondaire,السنة الثالثة ثانوي,SCEXP,Sciences expérimentales,علوم تجريبية,3eme-sciences-experimentales,MATH,Mathématiques,الرياضيات,fr,False,,10,Limites de suites réelles
secondaire,3S,3ème année secondaire,السنة الثالثة ثانوي,SCEXP,Sciences expérimentales,علوم تجريبية,3eme-sciences-experimentales,MATH,Mathématiques,الرياضيات,fr,False,,11,Produit scalaire dans le plan
secondaire,3S,3ème année secondaire,السنة الثالثة ثانوي,SCEXP,Sciences expérimentales,علوم تجريبية,3eme-sciences-experimentales,MATH,Mathématiques,الرياضيات,fr,False,,12,Angles orientés
secondaire,3S,3ème année secondaire,السنة الثالثة ثانوي,SCEXP,Sciences expérimentales,علوم تجريبية,3eme-sciences-experimentales,MATH,Mathématiques,الرياضيات,fr,False,,13,Trigonométrie
secondaire,3S,3ème année secondaire,السنة الثالثة ثانوي,SCEXP,Sciences expérimentales,علوم تجريبية,3eme-sciences-experimentales,MATH,Mathématiques,الرياضيات,fr,False,,14,Nombres complexes
secondaire,3S,3ème année secondaire,السنة الثالثة ثانوي,SCEXP,Sciences expérimentales,علوم تجريبية,3eme-sciences-experimentales,MATH,Mathématiques,الرياضيات,fr,False,,15,Vecteurs de l'espace
secondaire,3S,3ème année secondaire,السنة الثالثة ثانوي,SCEXP,Sciences expérimentales,علوم تجريبية,3eme-sciences-experimentales,MATH,Mathématiques,الرياضيات,fr,False,,16,Produit scalaire dans l'espace
secondaire,3S,3ème année secondaire,السنة الثالثة ثانوي,SCEXP,Sciences expérimentales,علوم تجريبية,3eme-sciences-experimentales,MATH,Mathématiques,الرياضيات,fr,False,,17,Equations de droites et de plans
secondaire,3S,3ème année secondaire,السنة الثالثة ثانوي,SCEXP,Sciences expérimentales,علوم تجريبية,3eme-sciences-experimentales,MATH,Mathématiques,الرياضيات,fr,False,,18,Dénombrement
secondaire,3S,3ème année secondaire,السنة الثالثة ثانوي,SCEXP,Sciences expérimentales,علوم تجريبية,3eme-sciences-experimentales,MATH,Mathématiques,الرياضيات,fr,False,,19,Statistiques
secondaire,3S,3ème année secondaire,السنة الثالثة ثانوي,SCEXP,Sciences expérimentales,علوم تجريبية,3eme-sciences-experimentales,MATH,Mathématiques,الرياضيات,fr,False,,20,Probabilités
secondaire,3S,3ème année secondaire,السنة الثالثة ثانوي,SCEXP,Sciences expérimentales,علوم تجريبية,3eme-sciences-experimentales,HIST,Histoire,التاريخ,ar,False,التحولات الفكرية والاقتصادية والاجتماعية في أوروبا في العصر الحديث (القرنان الثامن عشر والتاسع عشر),1,فكر التنوير
secondaire,3S,3ème année secondaire,السنة الثالثة ثانوي,SCEXP,Sciences expérimentales,علوم تجريبية,3eme-sciences-experimentales,HIST,Histoire,التاريخ,ar,False,التحولات الفكرية والاقتصادية والاجتماعية في أوروبا في العصر الحديث (القرنان الثامن عشر والتاسع عشر),2,الثورة الفرنسية وانتصار المبادئ الجديدة
secondaire,3S,3ème année secondaire,السنة الثالثة ثانوي,SCEXP,Sciences expérimentales,علوم تجريبية,3eme-sciences-experimentales,HIST,Histoire,التاريخ,ar,False,التحولات الفكرية والاقتصادية والاجتماعية في أوروبا في العصر الحديث (القرنان الثامن عشر والتاسع عشر),3,الثورة الصناعية: أهم مظاهرها
secondaire,3S,3ème année secondaire,السنة الثالثة ثانوي,SCEXP,Sciences expérimentales,علوم تجريبية,3eme-sciences-experimentales,HIST,Histoire,التاريخ,ar,False,التحولات الفكرية والاقتصادية والاجتماعية في أوروبا في العصر الحديث (القرنان الثامن عشر والتاسع عشر),4,التحولات الاقتصادية والاجتماعية في أوروبا الغربية في القرن التاسع عشر
secondaire,3S,3ème année secondaire,السنة الثالثة ثانوي,SCEXP,Sciences expérimentales,علوم تجريبية,3eme-sciences-experimentales,HIST,Histoire,التاريخ,ar,False,التحولات الفكرية والاقتصادية والاجتماعية في أوروبا في العصر الحديث (القرنان الثامن عشر والتاسع عشر),5,التيارات الفكرية والسياسية في أوروبا الغربية في القرن التاسع عشر
secondaire,3S,3ème année secondaire,السنة الثالثة ثانوي,SCEXP,Sciences expérimentales,علوم تجريبية,3eme-sciences-experimentales,HIST,Histoire,التاريخ,ar,False,التحولات الفكرية والاقتصادية والاجتماعية في أوروبا في العصر الحديث (القرنان الثامن عشر والتاسع عشر),6,التوسع الاستعماري واقتسام العالم في القرن التاسع عشر
secondaire,3S,3ème année secondaire,السنة الثالثة ثانوي,SCEXP,Sciences expérimentales,علوم تجريبية,3eme-sciences-experimentales,HIST,Histoire,التاريخ,ar,False,أزمة الإيالة التونسية في القرن التاسع عشر,7,الأزمة في تونس ومحاولات الإصلاح
secondaire,3S,3ème année secondaire,السنة الثالثة ثانوي,SCEXP,Sciences expérimentales,علوم تجريبية,3eme-sciences-experimentales,HIST,Histoire,التاريخ,ar,False,أزمة الإيالة التونسية في القرن التاسع عشر,8,انتصاب الحماية الفرنسية بتونس وردود الفعل الأولى
secondaire,3S,3ème année secondaire,السنة الثالثة ثانوي,SCEXP,Sciences expérimentales,علوم تجريبية,3eme-sciences-experimentales,HIST,Histoire,التاريخ,ar,False,أزمات القرن العشرين وتحولاته,9,الحرب العالمية الأولى
secondaire,3S,3ème année secondaire,السنة الثالثة ثانوي,SCEXP,Sciences expérimentales,علوم تجريبية,3eme-sciences-experimentales,HIST,Histoire,التاريخ,ar,False,أزمات القرن العشرين وتحولاته,10,توتر العلاقات الدولية بين الحربين العالميتين
secondaire,3S,3ème année secondaire,السنة الثالثة ثانوي,SCEXP,Sciences expérimentales,علوم تجريبية,3eme-sciences-experimentales,HIST,Histoire,التاريخ,ar,False,أزمات القرن العشرين وتحولاته,11,نتائج الحرب العالمية الثانية
secondaire,3S,3ème année secondaire,السنة الثالثة ثانوي,SCEXP,Sciences expérimentales,علوم تجريبية,3eme-sciences-experimentales,HIST,Histoire,التاريخ,ar,False,أزمات القرن العشرين وتحولاته,12,تحرر الشعوب المستعمرة
secondaire,3S,3ème année secondaire,السنة الثالثة ثانوي,SCEXP,Sciences expérimentales,علوم تجريبية,3eme-sciences-experimentales,HIST,Histoire,التاريخ,ar,False,أزمات القرن العشرين وتحولاته,13,الحركة الوطنية التونسية قبل الحرب العالمية الثانية: طور التأسيس
secondaire,3S,3ème année secondaire,السنة الثالثة ثانوي,SCEXP,Sciences expérimentales,علوم تجريبية,3eme-sciences-experimentales,HIST,Histoire,التاريخ,ar,False,أزمات القرن العشرين وتحولاته,14,الحركة الوطنية التونسية منذ الحرب العالمية الثانية إلى الاستقلال التام 1956: طور النضج والحسم
secondaire,3S,3ème année secondaire,السنة الثالثة ثانوي,SCEXP,Sciences expérimentales,علوم تجريبية,3eme-sciences-experimentales,HIST,Histoire,التاريخ,ar,False,أزمات القرن العشرين وتحولاته,15,تونس من 1956 إلى 1987
secondaire,3S,3ème année secondaire,السنة الثالثة ثانوي,SCEXP,Sciences expérimentales,علوم تجريبية,3eme-sciences-experimentales,HIST,Histoire,التاريخ,ar,False,أزمات القرن العشرين وتحولاته,16,القضية الفلسطينية
secondaire,3S,3ème année secondaire,السنة الثالثة ثانوي,SCEXP,Sciences expérimentales,علوم تجريبية,3eme-sciences-experimentales,GEO,Géographie,الجغرافيا,ar,False,مجال عالمي مترابط ومتفاوت,1,الأدفاق التجارية
secondaire,3S,3ème année secondaire,السنة الثالثة ثانوي,SCEXP,Sciences expérimentales,علوم تجريبية,3eme-sciences-experimentales,GEO,Géographie,الجغرافيا,ar,False,مجال عالمي مترابط ومتفاوت,2,الأدفاق المالية
secondaire,3S,3ème année secondaire,السنة الثالثة ثانوي,SCEXP,Sciences expérimentales,علوم تجريبية,3eme-sciences-experimentales,GEO,Géographie,الجغرافيا,ar,False,مجال عالمي مترابط ومتفاوت,3,أدفاق الإعلام
secondaire,3S,3ème année secondaire,السنة الثالثة ثانوي,SCEXP,Sciences expérimentales,علوم تجريبية,3eme-sciences-experimentales,GEO,Géographie,الجغرافيا,ar,False,مجال عالمي مترابط ومتفاوت,4,المجال العالمي: التفاوت في التقدم وتركيبة العالم
secondaire,3S,3ème année secondaire,السنة الثالثة ثانوي,SCEXP,Sciences expérimentales,علوم تجريبية,3eme-sciences-experimentales,GEO,Géographie,الجغرافيا,ar,False,الشمال: الأقطاب المتحكمة في المجال العالمي,5,الولايات المتحدة الأمريكية: قوة عالمية عظمى
secondaire,3S,3ème année secondaire,السنة الثالثة ثانوي,SCEXP,Sciences expérimentales,علوم تجريبية,3eme-sciences-experimentales,GEO,Géographie,الجغرافيا,ar,False,الشمال: الأقطاب المتحكمة في المجال العالمي,6,الاتحاد الأوروبي: تكتل اقتصادي قوي
secondaire,3S,3ème année secondaire,السنة الثالثة ثانوي,SCEXP,Sciences expérimentales,علوم تجريبية,3eme-sciences-experimentales,GEO,Géographie,الجغرافيا,ar,False,الجنوب,7,البرازيل: بلد صناعي جديد
secondaire,3S,3ème année secondaire,السنة الثالثة ثانوي,SCEXP,Sciences expérimentales,علوم تجريبية,3eme-sciences-experimentales,GEO,Géographie,الجغرافيا,ar,False,الجنوب,8,البلدان الأقل تقدما بالساحل الإفريقي
secondaire,3S,3ème année secondaire,السنة الثالثة ثانوي,SCEXP,Sciences expérimentales,علوم تجريبية,3eme-sciences-experimentales,ISLAM,Éducation islamique,التربية الإسلامية,ar,False,,1,التفكير فريضة إسلامية
secondaire,3S,3ème année secondaire,السنة الثالثة ثانوي,SCEXP,Sciences expérimentales,علوم تجريبية,3eme-sciences-experimentales,ISLAM,Éducation islamique,التربية الإسلامية,ar,False,,2,الإنسان والقرآن
secondaire,3S,3ème année secondaire,السنة الثالثة ثانوي,SCEXP,Sciences expérimentales,علوم تجريبية,3eme-sciences-experimentales,ISLAM,Éducation islamique,التربية الإسلامية,ar,False,,3,الإنسان والكون
secondaire,3S,3ème année secondaire,السنة الثالثة ثانوي,SCEXP,Sciences expérimentales,علوم تجريبية,3eme-sciences-experimentales,PHILO,Philosophie,الفلسفة,ar,False,,1,اليومي
secondaire,3S,3ème année secondaire,السنة الثالثة ثانوي,SCEXP,Sciences expérimentales,علوم تجريبية,3eme-sciences-experimentales,PHILO,Philosophie,الفلسفة,ar,False,,2,مقتضيات التفكير
secondaire,3S,3ème année secondaire,السنة الثالثة ثانوي,SCEXP,Sciences expérimentales,علوم تجريبية,3eme-sciences-experimentales,PHILO,Philosophie,الفلسفة,ar,False,,3,تجربة الالتزام
secondaire,3S,3ème année secondaire,السنة الثالثة ثانوي,SCEXP,Sciences expérimentales,علوم تجريبية,3eme-sciences-experimentales,ALLEM,Allemand,الألمانية,de,True,,1,Soziale Beziehungen / Gegenseitiges Kennenlernen
secondaire,3S,3ème année secondaire,السنة الثالثة ثانوي,SCEXP,Sciences expérimentales,علوم تجريبية,3eme-sciences-experimentales,ALLEM,Allemand,الألمانية,de,True,,2,Schule
secondaire,3S,3ème année secondaire,السنة الثالثة ثانوي,SCEXP,Sciences expérimentales,علوم تجريبية,3eme-sciences-experimentales,ALLEM,Allemand,الألمانية,de,True,,3,Wohnen
secondaire,3S,3ème année secondaire,السنة الثالثة ثانوي,SCEXP,Sciences expérimentales,علوم تجريبية,3eme-sciences-experimentales,ALLEM,Allemand,الألمانية,de,True,,4,Essen und Trinken
secondaire,3S,3ème année secondaire,السنة الثالثة ثانوي,SCEXP,Sciences expérimentales,علوم تجريبية,3eme-sciences-experimentales,ALLEM,Allemand,الألمانية,de,True,,5,Alltag und Freizeit
secondaire,3S,3ème année secondaire,السنة الثالثة ثانوي,SCEXP,Sciences expérimentales,علوم تجريبية,3eme-sciences-experimentales,ALLEM,Allemand,الألمانية,de,True,,6,Gesundheit
secondaire,3S,3ème année secondaire,السنة الثالثة ثانوي,SCEXP,Sciences expérimentales,علوم تجريبية,3eme-sciences-experimentales,ESPA,Espagnol,الإسبانية,es,True,,1,¡Hola!
secondaire,3S,3ème année secondaire,السنة الثالثة ثانوي,SCEXP,Sciences expérimentales,علوم تجريبية,3eme-sciences-experimentales,ESPA,Espagnol,الإسبانية,es,True,,2,"¡Soy francesa, de París!"
secondaire,3S,3ème année secondaire,السنة الثالثة ثانوي,SCEXP,Sciences expérimentales,علوم تجريبية,3eme-sciences-experimentales,ESPA,Espagnol,الإسبانية,es,True,,3,¿A qué te dedicas?
secondaire,3S,3ème année secondaire,السنة الثالثة ثانوي,SCEXP,Sciences expérimentales,علوم تجريبية,3eme-sciences-experimentales,ESPA,Espagnol,الإسبانية,es,True,,4,Le presento al señor Alonso
secondaire,3S,3ème année secondaire,السنة الثالثة ثانوي,SCEXP,Sciences expérimentales,علوم تجريبية,3eme-sciences-experimentales,ESPA,Espagnol,الإسبانية,es,True,,5,Mi familia
secondaire,3S,3ème année secondaire,السنة الثالثة ثانوي,SCEXP,Sciences expérimentales,علوم تجريبية,3eme-sciences-experimentales,ESPA,Espagnol,الإسبانية,es,True,,6,¿Cómo es?
secondaire,3S,3ème année secondaire,السنة الثالثة ثانوي,SCEXP,Sciences expérimentales,علوم تجريبية,3eme-sciences-experimentales,ESPA,Espagnol,الإسبانية,es,True,,7,¿Qué es esto?
secondaire,3S,3ème année secondaire,السنة الثالثة ثانوي,SCEXP,Sciences expérimentales,علوم تجريبية,3eme-sciences-experimentales,ESPA,Espagnol,الإسبانية,es,True,,8,España está en el sur
secondaire,3S,3ème année secondaire,السنة الثالثة ثانوي,SCEXP,Sciences expérimentales,علوم تجريبية,3eme-sciences-experimentales,ESPA,Espagnol,الإسبانية,es,True,,9,¿Dónde está la plaza Cibeles?
secondaire,3S,3ème année secondaire,السنة الثالثة ثانوي,SCEXP,Sciences expérimentales,علوم تجريبية,3eme-sciences-experimentales,ESPA,Espagnol,الإسبانية,es,True,,10,¡Qué ciudad tan bonita!
secondaire,3S,3ème année secondaire,السنة الثالثة ثانوي,SCEXP,Sciences expérimentales,علوم تجريبية,3eme-sciences-experimentales,ESPA,Espagnol,الإسبانية,es,True,,11,Vivo en una casa pequeña
secondaire,3S,3ème année secondaire,السنة الثالثة ثانوي,SCEXP,Sciences expérimentales,علوم تجريبية,3eme-sciences-experimentales,ESPA,Espagnol,الإسبانية,es,True,,12,Tengo un ordenador portátil
secondaire,3S,3ème année secondaire,السنة الثالثة ثانوي,SCEXP,Sciences expérimentales,علوم تجريبية,3eme-sciences-experimentales,ESPA,Espagnol,الإسبانية,es,True,,13,¿Cuánto vale?
secondaire,3S,3ème année secondaire,السنة الثالثة ثانوي,SCEXP,Sciences expérimentales,علوم تجريبية,3eme-sciences-experimentales,ESPA,Espagnol,الإسبانية,es,True,,14,"¡Yo, prefiero éste!"
secondaire,3S,3ème année secondaire,السنة الثالثة ثانوي,SCEXP,Sciences expérimentales,علوم تجريبية,3eme-sciences-experimentales,ITAL,Italien,الإيطالية,it,True,,1,"Ciao, mi presento"
secondaire,3S,3ème année secondaire,السنة الثالثة ثانوي,SCEXP,Sciences expérimentales,علوم تجريبية,3eme-sciences-experimentales,ITAL,Italien,الإيطالية,it,True,,2,Andiamo a lezione
secondaire,3S,3ème année secondaire,السنة الثالثة ثانوي,SCEXP,Sciences expérimentales,علوم تجريبية,3eme-sciences-experimentales,ITAL,Italien,الإيطالية,it,True,,3,"Casa, dolce casa"
secondaire,3S,3ème année secondaire,السنة الثالثة ثانوي,SCEXP,Sciences expérimentales,علوم تجريبية,3eme-sciences-experimentales,ITAL,Italien,الإيطالية,it,True,,4,Vi presento un amico
secondaire,3S,3ème année secondaire,السنة الثالثة ثانوي,SCEXP,Sciences expérimentales,علوم تجريبية,3eme-sciences-experimentales,ITAL,Italien,الإيطالية,it,True,,5,I mestieri
secondaire,3S,3ème année secondaire,السنة الثالثة ثانوي,SCEXP,Sciences expérimentales,علوم تجريبية,3eme-sciences-experimentales,ITAL,Italien,الإيطالية,it,True,,6,Tempo libero
secondaire,3S,3ème année secondaire,السنة الثالثة ثانوي,SCEXP,Sciences expérimentales,علوم تجريبية,3eme-sciences-experimentales,RUSSE,Russe,الروسية,ru,True,,1,Как вас зовут? Кто это? Что это?
secondaire,3S,3ème année secondaire,السنة الثالثة ثانوي,SCEXP,Sciences expérimentales,علوم تجريبية,3eme-sciences-experimentales,RUSSE,Russe,الروسية,ru,True,,2,Школа
secondaire,3S,3ème année secondaire,السنة الثالثة ثانوي,SCEXP,Sciences expérimentales,علوم تجريبية,3eme-sciences-experimentales,RUSSE,Russe,الروسية,ru,True,,3,Семья и дом
secondaire,3S,3ème année secondaire,السنة الثالثة ثانوي,SCEXP,Sciences expérimentales,علوم تجريبية,3eme-sciences-experimentales,RUSSE,Russe,الروسية,ru,True,,4,Мой день
secondaire,3S,3ème année secondaire,السنة الثالثة ثانوي,SCEXP,Sciences expérimentales,علوم تجريبية,3eme-sciences-experimentales,RUSSE,Russe,الروسية,ru,True,,5,Город
secondaire,3S,3ème année secondaire,السنة الثالثة ثانوي,SCEXP,Sciences expérimentales,علوم تجريبية,3eme-sciences-experimentales,RUSSE,Russe,الروسية,ru,True,,6,В гостях
secondaire,3S,3ème année secondaire,السنة الثالثة ثانوي,SCEXP,Sciences expérimentales,علوم تجريبية,3eme-sciences-experimentales,RUSSE,Russe,الروسية,ru,True,,7,Профессия
secondaire,3S,3ème année secondaire,السنة الثالثة ثانوي,SCEXP,Sciences expérimentales,علوم تجريبية,3eme-sciences-experimentales,RUSSE,Russe,الروسية,ru,True,,8,Транспорт
secondaire,3S,3ème année secondaire,السنة الثالثة ثانوي,SCEXP,Sciences expérimentales,علوم تجريبية,3eme-sciences-experimentales,RUSSE,Russe,الروسية,ru,True,,9,Погода
secondaire,3S,3ème année secondaire,السنة الثالثة ثانوي,SCEXP,Sciences expérimentales,علوم تجريبية,3eme-sciences-experimentales,RUSSE,Russe,الروسية,ru,True,,10,Спорт
secondaire,3S,3ème année secondaire,السنة الثالثة ثانوي,SCEXP,Sciences expérimentales,علوم تجريبية,3eme-sciences-experimentales,CHIN,Chinois,الصينية,zh,True,,1,你好
secondaire,3S,3ème année secondaire,السنة الثالثة ثانوي,SCEXP,Sciences expérimentales,علوم تجريبية,3eme-sciences-experimentales,CHIN,Chinois,الصينية,zh,True,,2,你是哪国人
secondaire,3S,3ème année secondaire,السنة الثالثة ثانوي,SCEXP,Sciences expérimentales,علوم تجريبية,3eme-sciences-experimentales,CHIN,Chinois,الصينية,zh,True,,3,认识你们很高兴
secondaire,3S,3ème année secondaire,السنة الثالثة ثانوي,SCEXP,Sciences expérimentales,علوم تجريبية,3eme-sciences-experimentales,CHIN,Chinois,الصينية,zh,True,,4,现在上课
secondaire,3S,3ème année secondaire,السنة الثالثة ثانوي,SCEXP,Sciences expérimentales,علوم تجريبية,3eme-sciences-experimentales,CHIN,Chinois,الصينية,zh,True,,5,你们班的学生多吗
secondaire,3S,3ème année secondaire,السنة الثالثة ثانوي,SCEXP,Sciences expérimentales,علوم تجريبية,3eme-sciences-experimentales,CHIN,Chinois,الصينية,zh,True,,6,我们常常锻炼身体
secondaire,3S,3ème année secondaire,السنة الثالثة ثانوي,SCEXP,Sciences expérimentales,علوم تجريبية,3eme-sciences-experimentales,CHIN,Chinois,الصينية,zh,True,,7,我家人口很少
secondaire,3S,3ème année secondaire,السنة الثالثة ثانوي,SCEXP,Sciences expérimentales,علوم تجريبية,3eme-sciences-experimentales,CHIN,Chinois,الصينية,zh,True,,8,图书馆在哪儿
secondaire,3S,3ème année secondaire,السنة الثالثة ثانوي,SCEXP,Sciences expérimentales,علوم تجريبية,3eme-sciences-experimentales,CHIN,Chinois,الصينية,zh,True,,9,去学生食堂
secondaire,3S,3ème année secondaire,السنة الثالثة ثانوي,SCEXP,Sciences expérimentales,علوم تجريبية,3eme-sciences-experimentales,CHIN,Chinois,الصينية,zh,True,,10,星期六我回家
secondaire,3S,3ème année secondaire,السنة الثالثة ثانوي,SCEXP,Sciences expérimentales,علوم تجريبية,3eme-sciences-experimentales,CHIN,Chinois,الصينية,zh,True,,11,进城买东西
secondaire,3S,3ème année secondaire,السنة الثالثة ثانوي,SPORT,Sport,رياضة,3eme-sport,ARAB,Arabe,العربية,ar,False,,1,رحلات ومشاهد
secondaire,3S,3ème année secondaire,السنة الثالثة ثانوي,SPORT,Sport,رياضة,3eme-sport,ARAB,Arabe,العربية,ar,False,,2,الرياضة والناس
secondaire,3S,3ème année secondaire,السنة الثالثة ثانوي,SPORT,Sport,رياضة,3eme-sport,ARAB,Arabe,العربية,ar,False,,3,السيرة الذاتية
secondaire,3S,3ème année secondaire,السنة الثالثة ثانوي,SPORT,Sport,رياضة,3eme-sport,FRAN,Français,الفرنسية,fr,False,,1,Invitation au voyage
secondaire,3S,3ème année secondaire,السنة الثالثة ثانوي,SPORT,Sport,رياضة,3eme-sport,FRAN,Français,الفرنسية,fr,False,,2,Le mythe aujourd’hui
secondaire,3S,3ème année secondaire,السنة الثالثة ثانوي,SPORT,Sport,رياضة,3eme-sport,FRAN,Français,الفرنسية,fr,False,,3,Le droit à la différence
secondaire,3S,3ème année secondaire,السنة الثالثة ثانوي,SPORT,Sport,رياضة,3eme-sport,FRAN,Français,الفرنسية,fr,False,,4,Module de lecture : Celui qui n’avait jamais vu la mer
secondaire,3S,3ème année secondaire,السنة الثالثة ثانوي,SPORT,Sport,رياضة,3eme-sport,FRAN,Français,الفرنسية,fr,False,,5,Scènes comiques
secondaire,3S,3ème année secondaire,السنة الثالثة ثانوي,SPORT,Sport,رياضة,3eme-sport,FRAN,Français,الفرنسية,fr,False,,6,Le pouvoir de l’image
secondaire,3S,3ème année secondaire,السنة الثالثة ثانوي,SPORT,Sport,رياضة,3eme-sport,ANGL,Anglais,الإنجليزية,en,False,,1,"In time of test, family is best"
secondaire,3S,3ème année secondaire,السنة الثالثة ثانوي,SPORT,Sport,رياضة,3eme-sport,ANGL,Anglais,الإنجليزية,en,False,,2,"We learn to give, share and care"
secondaire,3S,3ème année secondaire,السنة الثالثة ثانوي,SPORT,Sport,رياضة,3eme-sport,ANGL,Anglais,الإنجليزية,en,False,,3,A change is as good as a rest
secondaire,3S,3ème année secondaire,السنة الثالثة ثانوي,SPORT,Sport,رياضة,3eme-sport,ANGL,Anglais,الإنجليزية,en,False,,4,Science and technology: a blessing or a curse?
secondaire,3S,3ème année secondaire,السنة الثالثة ثانوي,SPORT,Sport,رياضة,3eme-sport,ANGL,Anglais,الإنجليزية,en,False,,5,Education is not filling a bucket but lighting a fire
secondaire,3S,3ème année secondaire,السنة الثالثة ثانوي,SPORT,Sport,رياضة,3eme-sport,ANGL,Anglais,الإنجليزية,en,False,,6,Nature: any future without it?
secondaire,3S,3ème année secondaire,السنة الثالثة ثانوي,SPORT,Sport,رياضة,3eme-sport,MATH,Mathématiques,الرياضيات,fr,False,,1,Généralités sur les fonctions
secondaire,3S,3ème année secondaire,السنة الثالثة ثانوي,SPORT,Sport,رياضة,3eme-sport,MATH,Mathématiques,الرياضيات,fr,False,,2,Continuité et limites
secondaire,3S,3ème année secondaire,السنة الثالثة ثانوي,SPORT,Sport,رياضة,3eme-sport,MATH,Mathématiques,الرياضيات,fr,False,,3,Limites et comportement asymptotique
secondaire,3S,3ème année secondaire,السنة الثالثة ثانوي,SPORT,Sport,رياضة,3eme-sport,MATH,Mathématiques,الرياضيات,fr,False,,4,Dérivation et applications
secondaire,3S,3ème année secondaire,السنة الثالثة ثانوي,SPORT,Sport,رياضة,3eme-sport,MATH,Mathématiques,الرياضيات,fr,False,,5,Exemples d'étude de fonctions
secondaire,3S,3ème année secondaire,السنة الثالثة ثانوي,SPORT,Sport,رياضة,3eme-sport,MATH,Mathématiques,الرياضيات,fr,False,,6,Suites réelles
secondaire,3S,3ème année secondaire,السنة الثالثة ثانوي,SPORT,Sport,رياضة,3eme-sport,MATH,Mathématiques,الرياضيات,fr,False,,7,Dénombrement
secondaire,3S,3ème année secondaire,السنة الثالثة ثانوي,SPORT,Sport,رياضة,3eme-sport,MATH,Mathématiques,الرياضيات,fr,False,,8,Probabilités
secondaire,3S,3ème année secondaire,السنة الثالثة ثانوي,SPORT,Sport,رياضة,3eme-sport,BIO,Sciences biologiques,علوم البيولوجيا,fr,False,Le milieu intérieur et sa constance : l'homéostasie,1,Le milieu intérieur et ses caractéristiques
secondaire,3S,3ème année secondaire,السنة الثالثة ثانوي,SPORT,Sport,رياضة,3eme-sport,BIO,Sciences biologiques,علوم البيولوجيا,fr,False,Le milieu intérieur et sa constance : l'homéostasie,2,Le rôle du néphron dans la régulation de l'équilibre hydrominéral
secondaire,3S,3ème année secondaire,السنة الثالثة ثانوي,SPORT,Sport,رياضة,3eme-sport,BIO,Sciences biologiques,علوم البيولوجيا,fr,False,Le milieu intérieur et sa constance : l'homéostasie,3,La régulation de la glycémie
secondaire,3S,3ème année secondaire,السنة الثالثة ثانوي,SPORT,Sport,رياضة,3eme-sport,BIO,Sciences biologiques,علوم البيولوجيا,fr,False,Le milieu intérieur et sa constance : l'homéostasie,4,Les moyens de prévention du diabète
secondaire,3S,3ème année secondaire,السنة الثالثة ثانوي,SPORT,Sport,رياضة,3eme-sport,BIO,Sciences biologiques,علوم البيولوجيا,fr,False,Le milieu intérieur et sa constance : l'homéostasie,5,Hygiène du milieu intérieur
secondaire,3S,3ème année secondaire,السنة الثالثة ثانوي,SPORT,Sport,رياضة,3eme-sport,BIO,Sciences biologiques,علوم البيولوجيا,fr,False,Immunité : maintien de l'intégrité de l'organisme,6,Le soi et le non soi
secondaire,3S,3ème année secondaire,السنة الثالثة ثانوي,SPORT,Sport,رياضة,3eme-sport,BIO,Sciences biologiques,علوم البيولوجيا,fr,False,Immunité : maintien de l'intégrité de l'organisme,7,Les organes et les cellules de l'immunité
secondaire,3S,3ème année secondaire,السنة الثالثة ثانوي,SPORT,Sport,رياضة,3eme-sport,BIO,Sciences biologiques,علوم البيولوجيا,fr,False,Immunité : maintien de l'intégrité de l'organisme,8,Les étapes de la réponse immunitaire spécifique
secondaire,3S,3ème année secondaire,السنة الثالثة ثانوي,SPORT,Sport,رياضة,3eme-sport,BIO,Sciences biologiques,علوم البيولوجيا,fr,False,Immunité : maintien de l'intégrité de l'organisme,9,Dysfonctionnement du système immunitaire
secondaire,3S,3ème année secondaire,السنة الثالثة ثانوي,SPORT,Sport,رياضة,3eme-sport,BIO,Sciences biologiques,علوم البيولوجيا,fr,False,L'information génétique et son expression,10,"Notion de caractère héréditaire, d'information génétique, de phénotype et de génotype"
secondaire,3S,3ème année secondaire,السنة الثالثة ثانوي,SPORT,Sport,رياضة,3eme-sport,BIO,Sciences biologiques,علوم البيولوجيا,fr,False,L'information génétique et son expression,11,"Localisation, nature et structure de l'information génétique"
secondaire,3S,3ème année secondaire,السنة الثالثة ثانوي,SPORT,Sport,رياضة,3eme-sport,BIO,Sciences biologiques,علوم البيولوجيا,fr,False,L'information génétique et son expression,12,Origine de la diversité
secondaire,3S,3ème année secondaire,السنة الثالثة ثانوي,SPORT,Sport,رياضة,3eme-sport,BIO,Sciences biologiques,علوم البيولوجيا,fr,False,L'information génétique et son expression,13,Du génotype au phénotype : expression de l'information génétique
secondaire,3S,3ème année secondaire,السنة الثالثة ثانوي,SPORT,Sport,رياضة,3eme-sport,BIO,Sciences biologiques,علوم البيولوجيا,fr,False,L'information génétique et son expression,14,Transmission d'un couple d'allèles chez les diploïdes
secondaire,3S,3ème année secondaire,السنة الثالثة ثانوي,SPORT,Sport,رياضة,3eme-sport,PHILO,Philosophie,الفلسفة,ar,False,,1,اليومي
secondaire,3S,3ème année secondaire,السنة الثالثة ثانوي,SPORT,Sport,رياضة,3eme-sport,PHILO,Philosophie,الفلسفة,ar,False,,2,مقتضيات التفكير
secondaire,3S,3ème année secondaire,السنة الثالثة ثانوي,SPORT,Sport,رياضة,3eme-sport,PHILO,Philosophie,الفلسفة,ar,False,,3,تجربة الالتزام
secondaire,3S,3ème année secondaire,السنة الثالثة ثانوي,TECH,Sciences techniques,العلوم التقنية,3eme-techniques,ARAB,Arabe,العربية,ar,False,,1,الفكاهة والهزل في القص العربي القديم
secondaire,3S,3ème année secondaire,السنة الثالثة ثانوي,TECH,Sciences techniques,العلوم التقنية,3eme-techniques,ARAB,Arabe,العربية,ar,False,,2,صور ونصوص
secondaire,3S,3ème année secondaire,السنة الثالثة ثانوي,TECH,Sciences techniques,العلوم التقنية,3eme-techniques,ARAB,Arabe,العربية,ar,False,,3,شواغل المرأة بقلم المرأة
secondaire,3S,3ème année secondaire,السنة الثالثة ثانوي,TECH,Sciences techniques,العلوم التقنية,3eme-techniques,ARAB,Arabe,العربية,ar,False,,4,العدل والإنصاف
secondaire,3S,3ème année secondaire,السنة الثالثة ثانوي,TECH,Sciences techniques,العلوم التقنية,3eme-techniques,ARAB,Arabe,العربية,ar,False,,5,حرية التعبير
secondaire,3S,3ème année secondaire,السنة الثالثة ثانوي,TECH,Sciences techniques,العلوم التقنية,3eme-techniques,ARAB,Arabe,العربية,ar,False,,6,الإنسان والمكان
secondaire,3S,3ème année secondaire,السنة الثالثة ثانوي,TECH,Sciences techniques,العلوم التقنية,3eme-techniques,FRAN,Français,الفرنسية,fr,False,,1,Invitation au voyage
secondaire,3S,3ème année secondaire,السنة الثالثة ثانوي,TECH,Sciences techniques,العلوم التقنية,3eme-techniques,FRAN,Français,الفرنسية,fr,False,,2,Le mythe aujourd’hui
secondaire,3S,3ème année secondaire,السنة الثالثة ثانوي,TECH,Sciences techniques,العلوم التقنية,3eme-techniques,FRAN,Français,الفرنسية,fr,False,,3,Le droit à la différence
secondaire,3S,3ème année secondaire,السنة الثالثة ثانوي,TECH,Sciences techniques,العلوم التقنية,3eme-techniques,FRAN,Français,الفرنسية,fr,False,,4,Module de lecture : Celui qui n’avait jamais vu la mer
secondaire,3S,3ème année secondaire,السنة الثالثة ثانوي,TECH,Sciences techniques,العلوم التقنية,3eme-techniques,FRAN,Français,الفرنسية,fr,False,,5,Scènes comiques
secondaire,3S,3ème année secondaire,السنة الثالثة ثانوي,TECH,Sciences techniques,العلوم التقنية,3eme-techniques,FRAN,Français,الفرنسية,fr,False,,6,Le pouvoir de l’image
secondaire,3S,3ème année secondaire,السنة الثالثة ثانوي,TECH,Sciences techniques,العلوم التقنية,3eme-techniques,ANGL,Anglais,الإنجليزية,en,False,,1,"In time of test, family is best"
secondaire,3S,3ème année secondaire,السنة الثالثة ثانوي,TECH,Sciences techniques,العلوم التقنية,3eme-techniques,ANGL,Anglais,الإنجليزية,en,False,,2,"We learn to give, share and care"
secondaire,3S,3ème année secondaire,السنة الثالثة ثانوي,TECH,Sciences techniques,العلوم التقنية,3eme-techniques,ANGL,Anglais,الإنجليزية,en,False,,3,A change is as good as a rest
secondaire,3S,3ème année secondaire,السنة الثالثة ثانوي,TECH,Sciences techniques,العلوم التقنية,3eme-techniques,ANGL,Anglais,الإنجليزية,en,False,,4,Science and technology: a blessing or a curse?
secondaire,3S,3ème année secondaire,السنة الثالثة ثانوي,TECH,Sciences techniques,العلوم التقنية,3eme-techniques,ANGL,Anglais,الإنجليزية,en,False,,5,Education is not filling a bucket but lighting a fire
secondaire,3S,3ème année secondaire,السنة الثالثة ثانوي,TECH,Sciences techniques,العلوم التقنية,3eme-techniques,ANGL,Anglais,الإنجليزية,en,False,,6,Nature: any future without it?
secondaire,3S,3ème année secondaire,السنة الثالثة ثانوي,TECH,Sciences techniques,العلوم التقنية,3eme-techniques,TECHNO,Technologie,التكنولوجيا,fr,False,Analyse fonctionnelle,1,Analyse fonctionnelle externe et interne d'un produit
secondaire,3S,3ème année secondaire,السنة الثالثة ثانوي,TECH,Sciences techniques,العلوم التقنية,3eme-techniques,TECHNO,Technologie,التكنولوجيا,fr,False,Analyse structurelle et conception,2,Communication technique
secondaire,3S,3ème année secondaire,السنة الثالثة ثانوي,TECH,Sciences techniques,العلوم التقنية,3eme-techniques,TECHNO,Technologie,التكنولوجيا,fr,False,Analyse structurelle et conception,3,Typologie des assemblages
secondaire,3S,3ème année secondaire,السنة الثالثة ثانوي,TECH,Sciences techniques,العلوم التقنية,3eme-techniques,TECHNO,Technologie,التكنولوجيا,fr,False,Analyse structurelle et conception,4,Transmission de puissance
secondaire,3S,3ème année secondaire,السنة الثالثة ثانوي,TECH,Sciences techniques,العلوم التقنية,3eme-techniques,TECHNO,Technologie,التكنولوجيا,fr,False,Analyse structurelle et conception,5,Comportement statique du solide indéformable
secondaire,3S,3ème année secondaire,السنة الثالثة ثانوي,TECH,Sciences techniques,العلوم التقنية,3eme-techniques,TECHNO,Technologie,التكنولوجيا,fr,False,Analyse structurelle et conception,6,Comportement du solide déformable
secondaire,3S,3ème année secondaire,السنة الثالثة ثانوي,TECH,Sciences techniques,العلوم التقنية,3eme-techniques,TECHNO,Technologie,التكنولوجيا,fr,False,Réalisation et production,7,Obtention des pièces (Projet)
secondaire,3S,3ème année secondaire,السنة الثالثة ثانوي,TECH,Sciences techniques,العلوم التقنية,3eme-techniques,TECHNO,Technologie,التكنولوجيا,fr,False,,8,Réseau électrique monophasé
secondaire,3S,3ème année secondaire,السنة الثالثة ثانوي,TECH,Sciences techniques,العلوم التقنية,3eme-techniques,TECHNO,Technologie,التكنولوجيا,fr,False,,9,Conception et réalisation de carte de commande
secondaire,3S,3ème année secondaire,السنة الثالثة ثانوي,TECH,Sciences techniques,العلوم التقنية,3eme-techniques,TECHNO,Technologie,التكنولوجيا,fr,False,,10,Logique combinatoire
secondaire,3S,3ème année secondaire,السنة الثالثة ثانوي,TECH,Sciences techniques,العلوم التقنية,3eme-techniques,TECHNO,Technologie,التكنولوجيا,fr,False,,11,Logique séquentielle
secondaire,3S,3ème année secondaire,السنة الثالثة ثانوي,TECH,Sciences techniques,العلوم التقنية,3eme-techniques,TECHNO,Technologie,التكنولوجيا,fr,False,,12,Automates programmables industriels
secondaire,3S,3ème année secondaire,السنة الثالثة ثانوي,TECH,Sciences techniques,العلوم التقنية,3eme-techniques,TECHNO,Technologie,التكنولوجيا,fr,False,,13,Microcontrôleurs
secondaire,3S,3ème année secondaire,السنة الثالثة ثانوي,TECH,Sciences techniques,العلوم التقنية,3eme-techniques,TECHNO,Technologie,التكنولوجيا,fr,False,,14,Technologies de communication des objets connectés
secondaire,3S,3ème année secondaire,السنة الثالثة ثانوي,TECH,Sciences techniques,العلوم التقنية,3eme-techniques,TECHNO,Technologie,التكنولوجيا,fr,False,,15,Moteurs électriques
secondaire,3S,3ème année secondaire,السنة الثالثة ثانوي,TECH,Sciences techniques,العلوم التقنية,3eme-techniques,TECHNO,Technologie,التكنولوجيا,fr,False,,16,Moteur pas à pas à aimant permanent
secondaire,3S,3ème année secondaire,السنة الثالثة ثانوي,TECH,Sciences techniques,العلوم التقنية,3eme-techniques,MATH,Mathématiques,الرياضيات,fr,False,Première partie,1,Généralités sur les fonctions
secondaire,3S,3ème année secondaire,السنة الثالثة ثانوي,TECH,Sciences techniques,العلوم التقنية,3eme-techniques,MATH,Mathématiques,الرياضيات,fr,False,Première partie,2,Notion de limite
secondaire,3S,3ème année secondaire,السنة الثالثة ثانوي,TECH,Sciences techniques,العلوم التقنية,3eme-techniques,MATH,Mathématiques,الرياضيات,fr,False,Première partie,3,Continuité
secondaire,3S,3ème année secondaire,السنة الثالثة ثانوي,TECH,Sciences techniques,العلوم التقنية,3eme-techniques,MATH,Mathématiques,الرياضيات,fr,False,Première partie,4,Dérivabilité
secondaire,3S,3ème année secondaire,السنة الثالثة ثانوي,TECH,Sciences techniques,العلوم التقنية,3eme-techniques,MATH,Mathématiques,الرياضيات,fr,False,Première partie,5,Etude de fonctions
secondaire,3S,3ème année secondaire,السنة الثالثة ثانوي,TECH,Sciences techniques,العلوم التقنية,3eme-techniques,MATH,Mathématiques,الرياضيات,fr,False,Première partie,6,Fonctions circulaires
secondaire,3S,3ème année secondaire,السنة الثالثة ثانوي,TECH,Sciences techniques,العلوم التقنية,3eme-techniques,MATH,Mathématiques,الرياضيات,fr,False,Première partie,7,Suites réelles
secondaire,3S,3ème année secondaire,السنة الثالثة ثانوي,TECH,Sciences techniques,العلوم التقنية,3eme-techniques,MATH,Mathématiques,الرياضيات,fr,False,Première partie,8,Dénombrement
secondaire,3S,3ème année secondaire,السنة الثالثة ثانوي,TECH,Sciences techniques,العلوم التقنية,3eme-techniques,MATH,Mathématiques,الرياضيات,fr,False,Première partie,9,Probabilités
secondaire,3S,3ème année secondaire,السنة الثالثة ثانوي,TECH,Sciences techniques,العلوم التقنية,3eme-techniques,MATH,Mathématiques,الرياضيات,fr,False,Première partie,10,Statistiques
secondaire,3S,3ème année secondaire,السنة الثالثة ثانوي,TECH,Sciences techniques,العلوم التقنية,3eme-techniques,MATH,Mathématiques,الرياضيات,fr,False,Deuxième partie,11,Angles orientés
secondaire,3S,3ème année secondaire,السنة الثالثة ثانوي,TECH,Sciences techniques,العلوم التقنية,3eme-techniques,MATH,Mathématiques,الرياضيات,fr,False,Deuxième partie,12,Formules trigonométriques
secondaire,3S,3ème année secondaire,السنة الثالثة ثانوي,TECH,Sciences techniques,العلوم التقنية,3eme-techniques,MATH,Mathématiques,الرياضيات,fr,False,Deuxième partie,13,Equations et inéquations trigonométriques
secondaire,3S,3ème année secondaire,السنة الثالثة ثانوي,TECH,Sciences techniques,العلوم التقنية,3eme-techniques,MATH,Mathématiques,الرياضيات,fr,False,Deuxième partie,14,Produit scalaire dans le plan
secondaire,3S,3ème année secondaire,السنة الثالثة ثانوي,TECH,Sciences techniques,العلوم التقنية,3eme-techniques,MATH,Mathématiques,الرياضيات,fr,False,Deuxième partie,15,Nombres complexes
secondaire,3S,3ème année secondaire,السنة الثالثة ثانوي,TECH,Sciences techniques,العلوم التقنية,3eme-techniques,MATH,Mathématiques,الرياضيات,fr,False,Deuxième partie,16,"Vecteurs de l'espace, repère cartésien de l'espace"
secondaire,3S,3ème année secondaire,السنة الثالثة ثانوي,TECH,Sciences techniques,العلوم التقنية,3eme-techniques,MATH,Mathématiques,الرياضيات,fr,False,Deuxième partie,17,Droites et plans de l'espace
secondaire,3S,3ème année secondaire,السنة الثالثة ثانوي,TECH,Sciences techniques,العلوم التقنية,3eme-techniques,MATH,Mathématiques,الرياضيات,fr,False,Deuxième partie,18,Produit scalaire dans un repère orthonormé de l'espace
secondaire,3S,3ème année secondaire,السنة الثالثة ثانوي,TECH,Sciences techniques,العلوم التقنية,3eme-techniques,MATH,Mathématiques,الرياضيات,fr,False,Deuxième partie,19,Produit vectoriel. Produit mixte
secondaire,3S,3ème année secondaire,السنة الثالثة ثانوي,TECH,Sciences techniques,العلوم التقنية,3eme-techniques,PHYS,Sciences physiques,العلوم الفيزيائية,fr,False,Physique > Interaction électromagnétique,1,Loi de Coulomb
secondaire,3S,3ème année secondaire,السنة الثالثة ثانوي,TECH,Sciences techniques,العلوم التقنية,3eme-techniques,PHYS,Sciences physiques,العلوم الفيزيائية,fr,False,Physique > Interaction électromagnétique,2,Champ électrique
secondaire,3S,3ème année secondaire,السنة الثالثة ثانوي,TECH,Sciences techniques,العلوم التقنية,3eme-techniques,PHYS,Sciences physiques,العلوم الفيزيائية,fr,False,Physique > Interaction électromagnétique,3,Les différents types d'interaction magnétique
secondaire,3S,3ème année secondaire,السنة الثالثة ثانوي,TECH,Sciences techniques,العلوم التقنية,3eme-techniques,PHYS,Sciences physiques,العلوم الفيزيائية,fr,False,Physique > Interaction électromagnétique,4,Champ magnétique
secondaire,3S,3ème année secondaire,السنة الثالثة ثانوي,TECH,Sciences techniques,العلوم التقنية,3eme-techniques,PHYS,Sciences physiques,العلوم الفيزيائية,fr,False,Physique > Interaction électromagnétique,5,Force de Laplace
secondaire,3S,3ème année secondaire,السنة الثالثة ثانوي,TECH,Sciences techniques,العلوم التقنية,3eme-techniques,PHYS,Sciences physiques,العلوم الفيزيائية,fr,False,Physique > Mouvements,6,Etude cinématique d'un solide en translation
secondaire,3S,3ème année secondaire,السنة الثالثة ثانوي,TECH,Sciences techniques,العلوم التقنية,3eme-techniques,PHYS,Sciences physiques,العلوم الفيزيائية,fr,False,Physique > Mouvements,7,Etude dynamique d'un solide en mouvement de translation
secondaire,3S,3ème année secondaire,السنة الثالثة ثانوي,TECH,Sciences techniques,العلوم التقنية,3eme-techniques,PHYS,Sciences physiques,العلوم الفيزيائية,fr,False,Physique > Mouvements,8,Solide en mouvement de rotation
secondaire,3S,3ème année secondaire,السنة الثالثة ثانوي,TECH,Sciences techniques,العلوم التقنية,3eme-techniques,PHYS,Sciences physiques,العلوم الفيزيائية,fr,False,Physique > Mouvements,9,Energie cinétique
secondaire,3S,3ème année secondaire,السنة الثالثة ثانوي,TECH,Sciences techniques,العلوم التقنية,3eme-techniques,PHYS,Sciences physiques,العلوم الفيزيائية,fr,False,Physique > Mouvements,10,Mouvement dans un champ électrique uniforme
secondaire,3S,3ème année secondaire,السنة الثالثة ثانوي,TECH,Sciences techniques,العلوم التقنية,3eme-techniques,PHYS,Sciences physiques,العلوم الفيزيائية,fr,False,Physique > Mouvements,11,Mouvement dans un champ magnétique uniforme
secondaire,3S,3ème année secondaire,السنة الثالثة ثانوي,TECH,Sciences techniques,العلوم التقنية,3eme-techniques,PHYS,Sciences physiques,العلوم الفيزيائية,fr,False,Physique > Les amplificateurs opérationnels,12,Amplificateur opérationnel
secondaire,3S,3ème année secondaire,السنة الثالثة ثانوي,TECH,Sciences techniques,العلوم التقنية,3eme-techniques,PHYS,Sciences physiques,العلوم الفيزيائية,fr,False,Physique > Optique,13,Lentilles minces
secondaire,3S,3ème année secondaire,السنة الثالثة ثانوي,TECH,Sciences techniques,العلوم التقنية,3eme-techniques,PHYS,Sciences physiques,العلوم الفيزيائية,fr,False,Chimie > L'oxydoréduction,14,Phénomène d'oxydoréduction
secondaire,3S,3ème année secondaire,السنة الثالثة ثانوي,TECH,Sciences techniques,العلوم التقنية,3eme-techniques,PHYS,Sciences physiques,العلوم الفيزيائية,fr,False,Chimie > L'oxydoréduction,15,Classification électrochimique des métaux par rapport au dihydrogène
secondaire,3S,3ème année secondaire,السنة الثالثة ثانوي,TECH,Sciences techniques,العلوم التقنية,3eme-techniques,PHYS,Sciences physiques,العلوم الفيزيائية,fr,False,Chimie > L'oxydoréduction,16,Etude de quelques réactions d'oxydoréduction
secondaire,3S,3ème année secondaire,السنة الثالثة ثانوي,TECH,Sciences techniques,العلوم التقنية,3eme-techniques,PHYS,Sciences physiques,العلوم الفيزيائية,fr,False,Chimie > L'oxydoréduction,17,Corrosion des métaux
secondaire,3S,3ème année secondaire,السنة الثالثة ثانوي,TECH,Sciences techniques,العلوم التقنية,3eme-techniques,PHYS,Sciences physiques,العلوم الفيزيائية,fr,False,Chimie > Les acides et les bases de Bronsted,18,Les acides et les bases de Bronsted
secondaire,3S,3ème année secondaire,السنة الثالثة ثانوي,TECH,Sciences techniques,العلوم التقنية,3eme-techniques,PHYS,Sciences physiques,العلوم الفيزيائية,fr,False,Chimie > Les acides et les bases de Bronsted,19,Les couples acide base et les réactions acide base
secondaire,3S,3ème année secondaire,السنة الثالثة ثانوي,TECH,Sciences techniques,العلوم التقنية,3eme-techniques,PHYS,Sciences physiques,العلوم الفيزيائية,fr,False,Chimie > Mesure d'une quantité de matière,20,Détermination d'une quantité de matière à l'aide d'une réaction chimique
secondaire,3S,3ème année secondaire,السنة الثالثة ثانوي,TECH,Sciences techniques,العلوم التقنية,3eme-techniques,PHYS,Sciences physiques,العلوم الفيزيائية,fr,False,Chimie > Mesure d'une quantité de matière,21,Détermination d'une quantité de matière par mesure d'une grandeur physique
secondaire,3S,3ème année secondaire,السنة الثالثة ثانوي,TECH,Sciences techniques,العلوم التقنية,3eme-techniques,PHYS,Sciences physiques,العلوم الفيزيائية,fr,False,Chimie > La chimie organique,22,Analyse des composés organiques
secondaire,3S,3ème année secondaire,السنة الثالثة ثانوي,TECH,Sciences techniques,العلوم التقنية,3eme-techniques,PHYS,Sciences physiques,العلوم الفيزيائية,fr,False,Chimie > La chimie organique,23,Les alcools aliphatiques saturés
secondaire,3S,3ème année secondaire,السنة الثالثة ثانوي,TECH,Sciences techniques,العلوم التقنية,3eme-techniques,PHYS,Sciences physiques,العلوم الفيزيائية,fr,False,Chimie > La chimie organique,24,Les acides carboxyliques
secondaire,3S,3ème année secondaire,السنة الثالثة ثانوي,TECH,Sciences techniques,العلوم التقنية,3eme-techniques,PHYS,Sciences physiques,العلوم الفيزيائية,fr,False,Chimie > La chimie organique,25,Notion de fonction organique
secondaire,3S,3ème année secondaire,السنة الثالثة ثانوي,TECH,Sciences techniques,العلوم التقنية,3eme-techniques,HIST,Histoire,التاريخ,ar,False,التحولات الفكرية والاقتصادية والاجتماعية في أوروبا في العصر الحديث (القرنان الثامن عشر والتاسع عشر),1,فكر التنوير
secondaire,3S,3ème année secondaire,السنة الثالثة ثانوي,TECH,Sciences techniques,العلوم التقنية,3eme-techniques,HIST,Histoire,التاريخ,ar,False,التحولات الفكرية والاقتصادية والاجتماعية في أوروبا في العصر الحديث (القرنان الثامن عشر والتاسع عشر),2,الثورة الفرنسية وانتصار المبادئ الجديدة
secondaire,3S,3ème année secondaire,السنة الثالثة ثانوي,TECH,Sciences techniques,العلوم التقنية,3eme-techniques,HIST,Histoire,التاريخ,ar,False,التحولات الفكرية والاقتصادية والاجتماعية في أوروبا في العصر الحديث (القرنان الثامن عشر والتاسع عشر),3,الثورة الصناعية: أهم مظاهرها
secondaire,3S,3ème année secondaire,السنة الثالثة ثانوي,TECH,Sciences techniques,العلوم التقنية,3eme-techniques,HIST,Histoire,التاريخ,ar,False,التحولات الفكرية والاقتصادية والاجتماعية في أوروبا في العصر الحديث (القرنان الثامن عشر والتاسع عشر),4,التحولات الاقتصادية والاجتماعية في أوروبا الغربية في القرن التاسع عشر
secondaire,3S,3ème année secondaire,السنة الثالثة ثانوي,TECH,Sciences techniques,العلوم التقنية,3eme-techniques,HIST,Histoire,التاريخ,ar,False,التحولات الفكرية والاقتصادية والاجتماعية في أوروبا في العصر الحديث (القرنان الثامن عشر والتاسع عشر),5,التيارات الفكرية والسياسية في أوروبا الغربية في القرن التاسع عشر
secondaire,3S,3ème année secondaire,السنة الثالثة ثانوي,TECH,Sciences techniques,العلوم التقنية,3eme-techniques,HIST,Histoire,التاريخ,ar,False,التحولات الفكرية والاقتصادية والاجتماعية في أوروبا في العصر الحديث (القرنان الثامن عشر والتاسع عشر),6,التوسع الاستعماري واقتسام العالم في القرن التاسع عشر
secondaire,3S,3ème année secondaire,السنة الثالثة ثانوي,TECH,Sciences techniques,العلوم التقنية,3eme-techniques,HIST,Histoire,التاريخ,ar,False,أزمة الإيالة التونسية في القرن التاسع عشر,7,الأزمة في تونس ومحاولات الإصلاح
secondaire,3S,3ème année secondaire,السنة الثالثة ثانوي,TECH,Sciences techniques,العلوم التقنية,3eme-techniques,HIST,Histoire,التاريخ,ar,False,أزمة الإيالة التونسية في القرن التاسع عشر,8,انتصاب الحماية الفرنسية بتونس وردود الفعل الأولى
secondaire,3S,3ème année secondaire,السنة الثالثة ثانوي,TECH,Sciences techniques,العلوم التقنية,3eme-techniques,HIST,Histoire,التاريخ,ar,False,أزمات القرن العشرين وتحولاته,9,الحرب العالمية الأولى
secondaire,3S,3ème année secondaire,السنة الثالثة ثانوي,TECH,Sciences techniques,العلوم التقنية,3eme-techniques,HIST,Histoire,التاريخ,ar,False,أزمات القرن العشرين وتحولاته,10,توتر العلاقات الدولية بين الحربين العالميتين
secondaire,3S,3ème année secondaire,السنة الثالثة ثانوي,TECH,Sciences techniques,العلوم التقنية,3eme-techniques,HIST,Histoire,التاريخ,ar,False,أزمات القرن العشرين وتحولاته,11,نتائج الحرب العالمية الثانية
secondaire,3S,3ème année secondaire,السنة الثالثة ثانوي,TECH,Sciences techniques,العلوم التقنية,3eme-techniques,HIST,Histoire,التاريخ,ar,False,أزمات القرن العشرين وتحولاته,12,تحرر الشعوب المستعمرة
secondaire,3S,3ème année secondaire,السنة الثالثة ثانوي,TECH,Sciences techniques,العلوم التقنية,3eme-techniques,HIST,Histoire,التاريخ,ar,False,أزمات القرن العشرين وتحولاته,13,الحركة الوطنية التونسية قبل الحرب العالمية الثانية: طور التأسيس
secondaire,3S,3ème année secondaire,السنة الثالثة ثانوي,TECH,Sciences techniques,العلوم التقنية,3eme-techniques,HIST,Histoire,التاريخ,ar,False,أزمات القرن العشرين وتحولاته,14,الحركة الوطنية التونسية منذ الحرب العالمية الثانية إلى الاستقلال التام 1956: طور النضج والحسم
secondaire,3S,3ème année secondaire,السنة الثالثة ثانوي,TECH,Sciences techniques,العلوم التقنية,3eme-techniques,HIST,Histoire,التاريخ,ar,False,أزمات القرن العشرين وتحولاته,15,تونس من 1956 إلى 1987
secondaire,3S,3ème année secondaire,السنة الثالثة ثانوي,TECH,Sciences techniques,العلوم التقنية,3eme-techniques,HIST,Histoire,التاريخ,ar,False,أزمات القرن العشرين وتحولاته,16,القضية الفلسطينية
secondaire,3S,3ème année secondaire,السنة الثالثة ثانوي,TECH,Sciences techniques,العلوم التقنية,3eme-techniques,GEO,Géographie,الجغرافيا,ar,False,مجال عالمي مترابط ومتفاوت,1,الأدفاق التجارية
secondaire,3S,3ème année secondaire,السنة الثالثة ثانوي,TECH,Sciences techniques,العلوم التقنية,3eme-techniques,GEO,Géographie,الجغرافيا,ar,False,مجال عالمي مترابط ومتفاوت,2,الأدفاق المالية
secondaire,3S,3ème année secondaire,السنة الثالثة ثانوي,TECH,Sciences techniques,العلوم التقنية,3eme-techniques,GEO,Géographie,الجغرافيا,ar,False,مجال عالمي مترابط ومتفاوت,3,أدفاق الإعلام
secondaire,3S,3ème année secondaire,السنة الثالثة ثانوي,TECH,Sciences techniques,العلوم التقنية,3eme-techniques,GEO,Géographie,الجغرافيا,ar,False,مجال عالمي مترابط ومتفاوت,4,المجال العالمي: التفاوت في التقدم وتركيبة العالم
secondaire,3S,3ème année secondaire,السنة الثالثة ثانوي,TECH,Sciences techniques,العلوم التقنية,3eme-techniques,GEO,Géographie,الجغرافيا,ar,False,الشمال: الأقطاب المتحكمة في المجال العالمي,5,الولايات المتحدة الأمريكية: قوة عالمية عظمى
secondaire,3S,3ème année secondaire,السنة الثالثة ثانوي,TECH,Sciences techniques,العلوم التقنية,3eme-techniques,GEO,Géographie,الجغرافيا,ar,False,الشمال: الأقطاب المتحكمة في المجال العالمي,6,الاتحاد الأوروبي: تكتل اقتصادي قوي
secondaire,3S,3ème année secondaire,السنة الثالثة ثانوي,TECH,Sciences techniques,العلوم التقنية,3eme-techniques,GEO,Géographie,الجغرافيا,ar,False,الجنوب,7,البرازيل: بلد صناعي جديد
secondaire,3S,3ème année secondaire,السنة الثالثة ثانوي,TECH,Sciences techniques,العلوم التقنية,3eme-techniques,GEO,Géographie,الجغرافيا,ar,False,الجنوب,8,البلدان الأقل تقدما بالساحل الإفريقي
secondaire,3S,3ème année secondaire,السنة الثالثة ثانوي,TECH,Sciences techniques,العلوم التقنية,3eme-techniques,PHILO,Philosophie,الفلسفة,ar,False,,1,اليومي
secondaire,3S,3ème année secondaire,السنة الثالثة ثانوي,TECH,Sciences techniques,العلوم التقنية,3eme-techniques,PHILO,Philosophie,الفلسفة,ar,False,,2,مقتضيات التفكير
secondaire,3S,3ème année secondaire,السنة الثالثة ثانوي,TECH,Sciences techniques,العلوم التقنية,3eme-techniques,PHILO,Philosophie,الفلسفة,ar,False,,3,تجربة الالتزام
secondaire,3S,3ème année secondaire,السنة الثالثة ثانوي,TECH,Sciences techniques,العلوم التقنية,3eme-techniques,ALLEM,Allemand,الألمانية,de,True,,1,Soziale Beziehungen / Gegenseitiges Kennenlernen
secondaire,3S,3ème année secondaire,السنة الثالثة ثانوي,TECH,Sciences techniques,العلوم التقنية,3eme-techniques,ALLEM,Allemand,الألمانية,de,True,,2,Schule
secondaire,3S,3ème année secondaire,السنة الثالثة ثانوي,TECH,Sciences techniques,العلوم التقنية,3eme-techniques,ALLEM,Allemand,الألمانية,de,True,,3,Wohnen
secondaire,3S,3ème année secondaire,السنة الثالثة ثانوي,TECH,Sciences techniques,العلوم التقنية,3eme-techniques,ALLEM,Allemand,الألمانية,de,True,,4,Essen und Trinken
secondaire,3S,3ème année secondaire,السنة الثالثة ثانوي,TECH,Sciences techniques,العلوم التقنية,3eme-techniques,ALLEM,Allemand,الألمانية,de,True,,5,Alltag und Freizeit
secondaire,3S,3ème année secondaire,السنة الثالثة ثانوي,TECH,Sciences techniques,العلوم التقنية,3eme-techniques,ALLEM,Allemand,الألمانية,de,True,,6,Gesundheit
secondaire,3S,3ème année secondaire,السنة الثالثة ثانوي,TECH,Sciences techniques,العلوم التقنية,3eme-techniques,ESPA,Espagnol,الإسبانية,es,True,,1,¡Hola!
secondaire,3S,3ème année secondaire,السنة الثالثة ثانوي,TECH,Sciences techniques,العلوم التقنية,3eme-techniques,ESPA,Espagnol,الإسبانية,es,True,,2,"¡Soy francesa, de París!"
secondaire,3S,3ème année secondaire,السنة الثالثة ثانوي,TECH,Sciences techniques,العلوم التقنية,3eme-techniques,ESPA,Espagnol,الإسبانية,es,True,,3,¿A qué te dedicas?
secondaire,3S,3ème année secondaire,السنة الثالثة ثانوي,TECH,Sciences techniques,العلوم التقنية,3eme-techniques,ESPA,Espagnol,الإسبانية,es,True,,4,Le presento al señor Alonso
secondaire,3S,3ème année secondaire,السنة الثالثة ثانوي,TECH,Sciences techniques,العلوم التقنية,3eme-techniques,ESPA,Espagnol,الإسبانية,es,True,,5,Mi familia
secondaire,3S,3ème année secondaire,السنة الثالثة ثانوي,TECH,Sciences techniques,العلوم التقنية,3eme-techniques,ESPA,Espagnol,الإسبانية,es,True,,6,¿Cómo es?
secondaire,3S,3ème année secondaire,السنة الثالثة ثانوي,TECH,Sciences techniques,العلوم التقنية,3eme-techniques,ESPA,Espagnol,الإسبانية,es,True,,7,¿Qué es esto?
secondaire,3S,3ème année secondaire,السنة الثالثة ثانوي,TECH,Sciences techniques,العلوم التقنية,3eme-techniques,ESPA,Espagnol,الإسبانية,es,True,,8,España está en el sur
secondaire,3S,3ème année secondaire,السنة الثالثة ثانوي,TECH,Sciences techniques,العلوم التقنية,3eme-techniques,ESPA,Espagnol,الإسبانية,es,True,,9,¿Dónde está la plaza Cibeles?
secondaire,3S,3ème année secondaire,السنة الثالثة ثانوي,TECH,Sciences techniques,العلوم التقنية,3eme-techniques,ESPA,Espagnol,الإسبانية,es,True,,10,¡Qué ciudad tan bonita!
secondaire,3S,3ème année secondaire,السنة الثالثة ثانوي,TECH,Sciences techniques,العلوم التقنية,3eme-techniques,ESPA,Espagnol,الإسبانية,es,True,,11,Vivo en una casa pequeña
secondaire,3S,3ème année secondaire,السنة الثالثة ثانوي,TECH,Sciences techniques,العلوم التقنية,3eme-techniques,ESPA,Espagnol,الإسبانية,es,True,,12,Tengo un ordenador portátil
secondaire,3S,3ème année secondaire,السنة الثالثة ثانوي,TECH,Sciences techniques,العلوم التقنية,3eme-techniques,ESPA,Espagnol,الإسبانية,es,True,,13,¿Cuánto vale?
secondaire,3S,3ème année secondaire,السنة الثالثة ثانوي,TECH,Sciences techniques,العلوم التقنية,3eme-techniques,ESPA,Espagnol,الإسبانية,es,True,,14,"¡Yo, prefiero éste!"
secondaire,3S,3ème année secondaire,السنة الثالثة ثانوي,TECH,Sciences techniques,العلوم التقنية,3eme-techniques,ITAL,Italien,الإيطالية,it,True,,1,"Ciao, mi presento"
secondaire,3S,3ème année secondaire,السنة الثالثة ثانوي,TECH,Sciences techniques,العلوم التقنية,3eme-techniques,ITAL,Italien,الإيطالية,it,True,,2,Andiamo a lezione
secondaire,3S,3ème année secondaire,السنة الثالثة ثانوي,TECH,Sciences techniques,العلوم التقنية,3eme-techniques,ITAL,Italien,الإيطالية,it,True,,3,"Casa, dolce casa"
secondaire,3S,3ème année secondaire,السنة الثالثة ثانوي,TECH,Sciences techniques,العلوم التقنية,3eme-techniques,ITAL,Italien,الإيطالية,it,True,,4,Vi presento un amico
secondaire,3S,3ème année secondaire,السنة الثالثة ثانوي,TECH,Sciences techniques,العلوم التقنية,3eme-techniques,ITAL,Italien,الإيطالية,it,True,,5,I mestieri
secondaire,3S,3ème année secondaire,السنة الثالثة ثانوي,TECH,Sciences techniques,العلوم التقنية,3eme-techniques,ITAL,Italien,الإيطالية,it,True,,6,Tempo libero
secondaire,3S,3ème année secondaire,السنة الثالثة ثانوي,TECH,Sciences techniques,العلوم التقنية,3eme-techniques,RUSSE,Russe,الروسية,ru,True,,1,Как вас зовут? Кто это? Что это?
secondaire,3S,3ème année secondaire,السنة الثالثة ثانوي,TECH,Sciences techniques,العلوم التقنية,3eme-techniques,RUSSE,Russe,الروسية,ru,True,,2,Школа
secondaire,3S,3ème année secondaire,السنة الثالثة ثانوي,TECH,Sciences techniques,العلوم التقنية,3eme-techniques,RUSSE,Russe,الروسية,ru,True,,3,Семья и дом
secondaire,3S,3ème année secondaire,السنة الثالثة ثانوي,TECH,Sciences techniques,العلوم التقنية,3eme-techniques,RUSSE,Russe,الروسية,ru,True,,4,Мой день
secondaire,3S,3ème année secondaire,السنة الثالثة ثانوي,TECH,Sciences techniques,العلوم التقنية,3eme-techniques,RUSSE,Russe,الروسية,ru,True,,5,Город
secondaire,3S,3ème année secondaire,السنة الثالثة ثانوي,TECH,Sciences techniques,العلوم التقنية,3eme-techniques,RUSSE,Russe,الروسية,ru,True,,6,В гостях
secondaire,3S,3ème année secondaire,السنة الثالثة ثانوي,TECH,Sciences techniques,العلوم التقنية,3eme-techniques,RUSSE,Russe,الروسية,ru,True,,7,Профессия
secondaire,3S,3ème année secondaire,السنة الثالثة ثانوي,TECH,Sciences techniques,العلوم التقنية,3eme-techniques,RUSSE,Russe,الروسية,ru,True,,8,Транспорт
secondaire,3S,3ème année secondaire,السنة الثالثة ثانوي,TECH,Sciences techniques,العلوم التقنية,3eme-techniques,RUSSE,Russe,الروسية,ru,True,,9,Погода
secondaire,3S,3ème année secondaire,السنة الثالثة ثانوي,TECH,Sciences techniques,العلوم التقنية,3eme-techniques,RUSSE,Russe,الروسية,ru,True,,10,Спорт
secondaire,3S,3ème année secondaire,السنة الثالثة ثانوي,TECH,Sciences techniques,العلوم التقنية,3eme-techniques,CHIN,Chinois,الصينية,zh,True,,1,你好
secondaire,3S,3ème année secondaire,السنة الثالثة ثانوي,TECH,Sciences techniques,العلوم التقنية,3eme-techniques,CHIN,Chinois,الصينية,zh,True,,2,你是哪国人
secondaire,3S,3ème année secondaire,السنة الثالثة ثانوي,TECH,Sciences techniques,العلوم التقنية,3eme-techniques,CHIN,Chinois,الصينية,zh,True,,3,认识你们很高兴
secondaire,3S,3ème année secondaire,السنة الثالثة ثانوي,TECH,Sciences techniques,العلوم التقنية,3eme-techniques,CHIN,Chinois,الصينية,zh,True,,4,现在上课
secondaire,3S,3ème année secondaire,السنة الثالثة ثانوي,TECH,Sciences techniques,العلوم التقنية,3eme-techniques,CHIN,Chinois,الصينية,zh,True,,5,你们班的学生多吗
secondaire,3S,3ème année secondaire,السنة الثالثة ثانوي,TECH,Sciences techniques,العلوم التقنية,3eme-techniques,CHIN,Chinois,الصينية,zh,True,,6,我们常常锻炼身体
secondaire,3S,3ème année secondaire,السنة الثالثة ثانوي,TECH,Sciences techniques,العلوم التقنية,3eme-techniques,CHIN,Chinois,الصينية,zh,True,,7,我家人口很少
secondaire,3S,3ème année secondaire,السنة الثالثة ثانوي,TECH,Sciences techniques,العلوم التقنية,3eme-techniques,CHIN,Chinois,الصينية,zh,True,,8,图书馆在哪儿
secondaire,3S,3ème année secondaire,السنة الثالثة ثانوي,TECH,Sciences techniques,العلوم التقنية,3eme-techniques,CHIN,Chinois,الصينية,zh,True,,9,去学生食堂
secondaire,3S,3ème année secondaire,السنة الثالثة ثانوي,TECH,Sciences techniques,العلوم التقنية,3eme-techniques,CHIN,Chinois,الصينية,zh,True,,10,星期六我回家
secondaire,3S,3ème année secondaire,السنة الثالثة ثانوي,TECH,Sciences techniques,العلوم التقنية,3eme-techniques,CHIN,Chinois,الصينية,zh,True,,11,进城买东西
secondaire,BAC,Baccalauréat (4ème année secondaire),البكالوريا (السنة الرابعة ثانوي),ECO,Économie et gestion,اقتصاد وتصرف,bac-economie-gestion,ARAB,Arabe,العربية,ar,False,,1,جوانب من الحضارة العربية الإسلامية قديما
secondaire,BAC,Baccalauréat (4ème année secondaire),البكالوريا (السنة الرابعة ثانوي),ECO,Économie et gestion,اقتصاد وتصرف,bac-economie-gestion,ARAB,Arabe,العربية,ar,False,,2,بعض شواغل الإنسان العربي المعاصر
secondaire,BAC,Baccalauréat (4ème année secondaire),البكالوريا (السنة الرابعة ثانوي),ECO,Économie et gestion,اقتصاد وتصرف,bac-economie-gestion,FRAN,Français,الفرنسية,fr,False,,1,Souvenirs et nostalgie
secondaire,BAC,Baccalauréat (4ème année secondaire),البكالوريا (السنة الرابعة ثانوي),ECO,Économie et gestion,اقتصاد وتصرف,bac-economie-gestion,FRAN,Français,الفرنسية,fr,False,,2,Histoires d'amour
secondaire,BAC,Baccalauréat (4ème année secondaire),البكالوريا (السنة الرابعة ثانوي),ECO,Économie et gestion,اقتصاد وتصرف,bac-economie-gestion,FRAN,Français,الفرنسية,fr,False,,3,"Liberté, j'écris ton nom..."
secondaire,BAC,Baccalauréat (4ème année secondaire),البكالوريا (السنة الرابعة ثانوي),ECO,Économie et gestion,اقتصاد وتصرف,bac-economie-gestion,FRAN,Français,الفرنسية,fr,False,,4,Module de lecture : Le silence de la mer
secondaire,BAC,Baccalauréat (4ème année secondaire),البكالوريا (السنة الرابعة ثانوي),ECO,Économie et gestion,اقتصاد وتصرف,bac-economie-gestion,FRAN,Français,الفرنسية,fr,False,,5,Guerre et Paix
secondaire,BAC,Baccalauréat (4ème année secondaire),البكالوريا (السنة الرابعة ثانوي),ECO,Économie et gestion,اقتصاد وتصرف,bac-economie-gestion,FRAN,Français,الفرنسية,fr,False,,6,L'Homme et la Science
secondaire,BAC,Baccalauréat (4ème année secondaire),البكالوريا (السنة الرابعة ثانوي),ECO,Économie et gestion,اقتصاد وتصرف,bac-economie-gestion,FRAN,Français,الفرنسية,fr,False,,7,Module de lecture : La Cantatrice chauve
secondaire,BAC,Baccalauréat (4ème année secondaire),البكالوريا (السنة الرابعة ثانوي),ECO,Économie et gestion,اقتصاد وتصرف,bac-economie-gestion,ANGL,Anglais,الإنجليزية,en,False,,1,First Impressions
secondaire,BAC,Baccalauréat (4ème année secondaire),البكالوريا (السنة الرابعة ثانوي),ECO,Économie et gestion,اقتصاد وتصرف,bac-economie-gestion,ANGL,Anglais,الإنجليزية,en,False,,2,Art Shows and Holidaying
secondaire,BAC,Baccalauréat (4ème année secondaire),البكالوريا (السنة الرابعة ثانوي),ECO,Économie et gestion,اقتصاد وتصرف,bac-economie-gestion,ANGL,Anglais,الإنجليزية,en,False,,3,Education Matters
secondaire,BAC,Baccalauréat (4ème année secondaire),البكالوريا (السنة الرابعة ثانوي),ECO,Économie et gestion,اقتصاد وتصرف,bac-economie-gestion,ANGL,Anglais,الإنجليزية,en,False,,4,Creative Inventive Minds
secondaire,BAC,Baccalauréat (4ème année secondaire),البكالوريا (السنة الرابعة ثانوي),ECO,Économie et gestion,اقتصاد وتصرف,bac-economie-gestion,ANGL,Anglais,الإنجليزية,en,False,,5,Life Issues
secondaire,BAC,Baccalauréat (4ème année secondaire),البكالوريا (السنة الرابعة ثانوي),ECO,Économie et gestion,اقتصاد وتصرف,bac-economie-gestion,GEST,Gestion,التصرف,ar,False,,1,Module évaluation-consolidation
secondaire,BAC,Baccalauréat (4ème année secondaire),البكالوريا (السنة الرابعة ثانوي),ECO,Économie et gestion,اقتصاد وتصرف,bac-economie-gestion,GEST,Gestion,التصرف,ar,False,,2,Gestion de l'approvisionnement
secondaire,BAC,Baccalauréat (4ème année secondaire),البكالوريا (السنة الرابعة ثانوي),ECO,Économie et gestion,اقتصاد وتصرف,bac-economie-gestion,GEST,Gestion,التصرف,ar,False,,3,Gestion de la production
secondaire,BAC,Baccalauréat (4ème année secondaire),البكالوريا (السنة الرابعة ثانوي),ECO,Économie et gestion,اقتصاد وتصرف,bac-economie-gestion,GEST,Gestion,التصرف,ar,False,,4,Gestion commerciale
secondaire,BAC,Baccalauréat (4ème année secondaire),البكالوريا (السنة الرابعة ثانوي),ECO,Économie et gestion,اقتصاد وتصرف,bac-economie-gestion,GEST,Gestion,التصرف,ar,False,,5,Gestion des ressources humaines
secondaire,BAC,Baccalauréat (4ème année secondaire),البكالوريا (السنة الرابعة ثانوي),ECO,Économie et gestion,اقتصاد وتصرف,bac-economie-gestion,GEST,Gestion,التصرف,ar,False,,6,Gestion financière
secondaire,BAC,Baccalauréat (4ème année secondaire),البكالوريا (السنة الرابعة ثانوي),ECO,Économie et gestion,اقتصاد وتصرف,bac-economie-gestion,MATH,Mathématiques,الرياضيات,fr,False,,1,Limites et continuité
secondaire,BAC,Baccalauréat (4ème année secondaire),البكالوريا (السنة الرابعة ثانوي),ECO,Économie et gestion,اقتصاد وتصرف,bac-economie-gestion,MATH,Mathématiques,الرياضيات,fr,False,,2,Dérivation - Primitives
secondaire,BAC,Baccalauréat (4ème année secondaire),البكالوريا (السنة الرابعة ثانوي),ECO,Économie et gestion,اقتصاد وتصرف,bac-economie-gestion,MATH,Mathématiques,الرياضيات,fr,False,,3,Etude de fonctions
secondaire,BAC,Baccalauréat (4ème année secondaire),البكالوريا (السنة الرابعة ثانوي),ECO,Économie et gestion,اقتصاد وتصرف,bac-economie-gestion,MATH,Mathématiques,الرياضيات,fr,False,,4,Fonction logarithme népérien - Fonctions exponentielles
secondaire,BAC,Baccalauréat (4ème année secondaire),البكالوريا (السنة الرابعة ثانوي),ECO,Économie et gestion,اقتصاد وتصرف,bac-economie-gestion,MATH,Mathématiques,الرياضيات,fr,False,,5,Intégrale d'une fonction continue
secondaire,BAC,Baccalauréat (4ème année secondaire),البكالوريا (السنة الرابعة ثانوي),ECO,Économie et gestion,اقتصاد وتصرف,bac-economie-gestion,MATH,Mathématiques,الرياضيات,fr,False,,6,Suites réelles
secondaire,BAC,Baccalauréat (4ème année secondaire),البكالوريا (السنة الرابعة ثانوي),ECO,Économie et gestion,اقتصاد وتصرف,bac-economie-gestion,MATH,Mathématiques,الرياضيات,fr,False,,7,Matrices et systèmes
secondaire,BAC,Baccalauréat (4ème année secondaire),البكالوريا (السنة الرابعة ثانوي),ECO,Économie et gestion,اقتصاد وتصرف,bac-economie-gestion,MATH,Mathématiques,الرياضيات,fr,False,,8,Statistiques
secondaire,BAC,Baccalauréat (4ème année secondaire),البكالوريا (السنة الرابعة ثانوي),ECO,Économie et gestion,اقتصاد وتصرف,bac-economie-gestion,MATH,Mathématiques,الرياضيات,fr,False,,9,Probabilités
secondaire,BAC,Baccalauréat (4ème année secondaire),البكالوريا (السنة الرابعة ثانوي),ECO,Économie et gestion,اقتصاد وتصرف,bac-economie-gestion,MATH,Mathématiques,الرياضيات,fr,False,,10,Les graphes
secondaire,BAC,Baccalauréat (4ème année secondaire),البكالوريا (السنة الرابعة ثانوي),ECO,Économie et gestion,اقتصاد وتصرف,bac-economie-gestion,HISTGEO,Histoire-Géographie,التاريخ والجغرافيا,ar,False,مجال عالمي مترابط ومتفاوت,1,الأقطاب السياحية
secondaire,BAC,Baccalauréat (4ème année secondaire),البكالوريا (السنة الرابعة ثانوي),ECO,Économie et gestion,اقتصاد وتصرف,bac-economie-gestion,HISTGEO,Histoire-Géographie,التاريخ والجغرافيا,ar,False,مجال عالمي مترابط ومتفاوت,2,الأقطاب التجارية
secondaire,BAC,Baccalauréat (4ème année secondaire),البكالوريا (السنة الرابعة ثانوي),ECO,Économie et gestion,اقتصاد وتصرف,bac-economie-gestion,HISTGEO,Histoire-Géographie,التاريخ والجغرافيا,ar,False,مجال عالمي مترابط ومتفاوت,3,الأقطاب المالية
secondaire,BAC,Baccalauréat (4ème année secondaire),البكالوريا (السنة الرابعة ثانوي),ECO,Économie et gestion,اقتصاد وتصرف,bac-economie-gestion,HISTGEO,Histoire-Géographie,التاريخ والجغرافيا,ar,False,مجال عالمي مترابط ومتفاوت,4,أقطاب الإعلام
secondaire,BAC,Baccalauréat (4ème année secondaire),البكالوريا (السنة الرابعة ثانوي),ECO,Économie et gestion,اقتصاد وتصرف,bac-economie-gestion,HISTGEO,Histoire-Géographie,التاريخ والجغرافيا,ar,False,مجال عالمي مترابط ومتفاوت,5,التفاوت في التقدم
secondaire,BAC,Baccalauréat (4ème année secondaire),البكالوريا (السنة الرابعة ثانوي),ECO,Économie et gestion,اقتصاد وتصرف,bac-economie-gestion,HISTGEO,Histoire-Géographie,التاريخ والجغرافيا,ar,False,مجال عالمي مترابط ومتفاوت,6,تركيبة المجال العالمي
secondaire,BAC,Baccalauréat (4ème année secondaire),البكالوريا (السنة الرابعة ثانوي),ECO,Économie et gestion,اقتصاد وتصرف,bac-economie-gestion,HISTGEO,Histoire-Géographie,التاريخ والجغرافيا,ar,False,الشمال,7,الولايات المتحدة الأمريكية
secondaire,BAC,Baccalauréat (4ème année secondaire),البكالوريا (السنة الرابعة ثانوي),ECO,Économie et gestion,اقتصاد وتصرف,bac-economie-gestion,HISTGEO,Histoire-Géographie,التاريخ والجغرافيا,ar,False,الشمال,8,الاتحاد الأوروبي: تكتل اقتصادي
secondaire,BAC,Baccalauréat (4ème année secondaire),البكالوريا (السنة الرابعة ثانوي),ECO,Économie et gestion,اقتصاد وتصرف,bac-economie-gestion,HISTGEO,Histoire-Géographie,التاريخ والجغرافيا,ar,False,الجنوب,9,البرازيل: بلد صناعي جديد
secondaire,BAC,Baccalauréat (4ème année secondaire),البكالوريا (السنة الرابعة ثانوي),ECO,Économie et gestion,اقتصاد وتصرف,bac-economie-gestion,HISTGEO,Histoire-Géographie,التاريخ والجغرافيا,ar,False,الجنوب,10,البلدان الأقل تقدما بالساحل الإفريقي
secondaire,BAC,Baccalauréat (4ème année secondaire),البكالوريا (السنة الرابعة ثانوي),ECO,Économie et gestion,اقتصاد وتصرف,bac-economie-gestion,HISTGEO,Histoire-Géographie,التاريخ والجغرافيا,ar,False,العالم من 1914 إلى 1945,11,الحرب العالمية الأولى
secondaire,BAC,Baccalauréat (4ème année secondaire),البكالوريا (السنة الرابعة ثانوي),ECO,Économie et gestion,اقتصاد وتصرف,bac-economie-gestion,HISTGEO,Histoire-Géographie,التاريخ والجغرافيا,ar,False,العالم من 1914 إلى 1945,12,الثورة البلشفية ونشأة الاتحاد السوفياتي إلى 1939
secondaire,BAC,Baccalauréat (4ème année secondaire),البكالوريا (السنة الرابعة ثانوي),ECO,Économie et gestion,اقتصاد وتصرف,bac-economie-gestion,HISTGEO,Histoire-Géographie,التاريخ والجغرافيا,ar,False,العالم من 1914 إلى 1945,13,أزمة الثلاثينات الاقتصادية
secondaire,BAC,Baccalauréat (4ème année secondaire),البكالوريا (السنة الرابعة ثانوي),ECO,Économie et gestion,اقتصاد وتصرف,bac-economie-gestion,HISTGEO,Histoire-Géographie,التاريخ والجغرافيا,ar,False,العالم من 1914 إلى 1945,14,الأنظمة الكليانية في أوروبا
secondaire,BAC,Baccalauréat (4ème année secondaire),البكالوريا (السنة الرابعة ثانوي),ECO,Économie et gestion,اقتصاد وتصرف,bac-economie-gestion,HISTGEO,Histoire-Géographie,التاريخ والجغرافيا,ar,False,العالم من 1914 إلى 1945,15,الحرب العالمية الثانية
secondaire,BAC,Baccalauréat (4ème année secondaire),البكالوريا (السنة الرابعة ثانوي),ECO,Économie et gestion,اقتصاد وتصرف,bac-economie-gestion,HISTGEO,Histoire-Géographie,التاريخ والجغرافيا,ar,False,العالم من 1914 إلى 1945,16,تونس في العشرينات
secondaire,BAC,Baccalauréat (4ème année secondaire),البكالوريا (السنة الرابعة ثانوي),ECO,Économie et gestion,اقتصاد وتصرف,bac-economie-gestion,HISTGEO,Histoire-Géographie,التاريخ والجغرافيا,ar,False,العالم من 1914 إلى 1945,17,تونس في الثلاثينات
secondaire,BAC,Baccalauréat (4ème année secondaire),البكالوريا (السنة الرابعة ثانوي),ECO,Économie et gestion,اقتصاد وتصرف,bac-economie-gestion,HISTGEO,Histoire-Géographie,التاريخ والجغرافيا,ar,False,العالم من 1914 إلى 1945,18,تونس أثناء الحرب العالمية الثانية
secondaire,BAC,Baccalauréat (4ème année secondaire),البكالوريا (السنة الرابعة ثانوي),ECO,Économie et gestion,اقتصاد وتصرف,bac-economie-gestion,HISTGEO,Histoire-Géographie,التاريخ والجغرافيا,ar,False,العالم المعاصر بعد 1945,19,العلاقات الدولية: من الحرب الباردة إلى انهيار الاتحاد السوفياتي
secondaire,BAC,Baccalauréat (4ème année secondaire),البكالوريا (السنة الرابعة ثانوي),ECO,Économie et gestion,اقتصاد وتصرف,bac-economie-gestion,HISTGEO,Histoire-Géographie,التاريخ والجغرافيا,ar,False,العالم المعاصر بعد 1945,20,التحولات الاقتصادية والاجتماعية والثقافية
secondaire,BAC,Baccalauréat (4ème année secondaire),البكالوريا (السنة الرابعة ثانوي),ECO,Économie et gestion,اقتصاد وتصرف,bac-economie-gestion,HISTGEO,Histoire-Géographie,التاريخ والجغرافيا,ar,False,العالم المعاصر بعد 1945,21,استقلال المستعمرات وبروز العالم الثالث
secondaire,BAC,Baccalauréat (4ème année secondaire),البكالوريا (السنة الرابعة ثانوي),ECO,Économie et gestion,اقتصاد وتصرف,bac-economie-gestion,HISTGEO,Histoire-Géographie,التاريخ والجغرافيا,ar,False,العالم المعاصر بعد 1945,22,استقلال ليبيا والمغرب الأقصى والجزائر
secondaire,BAC,Baccalauréat (4ème année secondaire),البكالوريا (السنة الرابعة ثانوي),ECO,Économie et gestion,اقتصاد وتصرف,bac-economie-gestion,HISTGEO,Histoire-Géographie,التاريخ والجغرافيا,ar,False,العالم المعاصر بعد 1945,23,القضية الفلسطينية
secondaire,BAC,Baccalauréat (4ème année secondaire),البكالوريا (السنة الرابعة ثانوي),ECO,Économie et gestion,اقتصاد وتصرف,bac-economie-gestion,HISTGEO,Histoire-Géographie,التاريخ والجغرافيا,ar,False,العالم المعاصر بعد 1945,24,تونس من 1945 إلى 1956: المسيرة نحو الاستقلال
secondaire,BAC,Baccalauréat (4ème année secondaire),البكالوريا (السنة الرابعة ثانوي),ECO,Économie et gestion,اقتصاد وتصرف,bac-economie-gestion,HISTGEO,Histoire-Géographie,التاريخ والجغرافيا,ar,False,العالم المعاصر بعد 1945,25,بناء الدولة الوطنية وتحديث المجتمع
secondaire,BAC,Baccalauréat (4ème année secondaire),البكالوريا (السنة الرابعة ثانوي),ECO,Économie et gestion,اقتصاد وتصرف,bac-economie-gestion,HISTGEO,Histoire-Géographie,التاريخ والجغرافيا,ar,False,العالم المعاصر بعد 1945,26,تطور النظام السياسي في تونس والتجارب التنموية (1956-1987)
secondaire,BAC,Baccalauréat (4ème année secondaire),البكالوريا (السنة الرابعة ثانوي),ECO,Économie et gestion,اقتصاد وتصرف,bac-economie-gestion,PHILO,Philosophie,الفلسفة,ar,False,الإنسان بين الكثرة والوحدة,1,الإنية والغيرية
secondaire,BAC,Baccalauréat (4ème année secondaire),البكالوريا (السنة الرابعة ثانوي),ECO,Économie et gestion,اقتصاد وتصرف,bac-economie-gestion,PHILO,Philosophie,الفلسفة,ar,False,الإنسان بين الكثرة والوحدة,2,الخصوصية والكونية
secondaire,BAC,Baccalauréat (4ème année secondaire),البكالوريا (السنة الرابعة ثانوي),ECO,Économie et gestion,اقتصاد وتصرف,bac-economie-gestion,PHILO,Philosophie,الفلسفة,ar,False,الحقيقة,3,العلم بين الحقيقة والنمذجة
secondaire,BAC,Baccalauréat (4ème année secondaire),البكالوريا (السنة الرابعة ثانوي),ECO,Économie et gestion,اقتصاد وتصرف,bac-economie-gestion,PHILO,Philosophie,الفلسفة,ar,False,القيم بين النسبي والمطلق,4,الدولة: السيادة والمواطنة
secondaire,BAC,Baccalauréat (4ème année secondaire),البكالوريا (السنة الرابعة ثانوي),ECO,Économie et gestion,اقتصاد وتصرف,bac-economie-gestion,PHILO,Philosophie,الفلسفة,ar,False,القيم بين النسبي والمطلق,5,الأخلاق: الخير والسعادة
secondaire,BAC,Baccalauréat (4ème année secondaire),البكالوريا (السنة الرابعة ثانوي),ECO,Économie et gestion,اقتصاد وتصرف,bac-economie-gestion,ALLEM,Allemand,الألمانية,de,True,,1,Feste und fröhliche Ereignisse
secondaire,BAC,Baccalauréat (4ème année secondaire),البكالوريا (السنة الرابعة ثانوي),ECO,Économie et gestion,اقتصاد وتصرف,bac-economie-gestion,ALLEM,Allemand,الألمانية,de,True,,2,Städte und Verkehrsmittel
secondaire,BAC,Baccalauréat (4ème année secondaire),البكالوريا (السنة الرابعة ثانوي),ECO,Économie et gestion,اقتصاد وتصرف,bac-economie-gestion,ALLEM,Allemand,الألمانية,de,True,,3,Aussehen und Charakter
secondaire,BAC,Baccalauréat (4ème année secondaire),البكالوريا (السنة الرابعة ثانوي),ECO,Économie et gestion,اقتصاد وتصرف,bac-economie-gestion,ALLEM,Allemand,الألمانية,de,True,,4,Schule und Beruf
secondaire,BAC,Baccalauréat (4ème année secondaire),البكالوريا (السنة الرابعة ثانوي),ECO,Économie et gestion,اقتصاد وتصرف,bac-economie-gestion,ALLEM,Allemand,الألمانية,de,True,,5,Massenmedien
secondaire,BAC,Baccalauréat (4ème année secondaire),البكالوريا (السنة الرابعة ثانوي),ECO,Économie et gestion,اقتصاد وتصرف,bac-economie-gestion,ESPA,Espagnol,الإسبانية,es,True,,1,¿Qué hora es?
secondaire,BAC,Baccalauréat (4ème année secondaire),البكالوريا (السنة الرابعة ثانوي),ECO,Économie et gestion,اقتصاد وتصرف,bac-economie-gestion,ESPA,Espagnol,الإسبانية,es,True,,2,¿Qué haces cada día?
secondaire,BAC,Baccalauréat (4ème année secondaire),البكالوريا (السنة الرابعة ثانوي),ECO,Économie et gestion,اقتصاد وتصرف,bac-economie-gestion,ESPA,Espagnol,الإسبانية,es,True,,3,¡Por fin el sábado!
secondaire,BAC,Baccalauréat (4ème année secondaire),البكالوريا (السنة الرابعة ثانوي),ECO,Économie et gestion,اقتصاد وتصرف,bac-economie-gestion,ESPA,Espagnol,الإسبانية,es,True,,4,¿Qué plan tienes?
secondaire,BAC,Baccalauréat (4ème année secondaire),البكالوريا (السنة الرابعة ثانوي),ECO,Économie et gestion,اقتصاد وتصرف,bac-economie-gestion,ESPA,Espagnol,الإسبانية,es,True,,5,¿Cómo quedamos?
secondaire,BAC,Baccalauréat (4ème année secondaire),البكالوريا (السنة الرابعة ثانوي),ECO,Économie et gestion,اقتصاد وتصرف,bac-economie-gestion,ESPA,Espagnol,الإسبانية,es,True,,6,¿Vienes conmigo?
secondaire,BAC,Baccalauréat (4ème année secondaire),البكالوريا (السنة الرابعة ثانوي),ECO,Économie et gestion,اقتصاد وتصرف,bac-economie-gestion,ESPA,Espagnol,الإسبانية,es,True,,7,¿Qué has hecho este fin de semana?
secondaire,BAC,Baccalauréat (4ème année secondaire),البكالوريا (السنة الرابعة ثانوي),ECO,Économie et gestion,اقتصاد وتصرف,bac-economie-gestion,ESPA,Espagnol,الإسبانية,es,True,,8,¿Dónde fuiste la semana pasada?
secondaire,BAC,Baccalauréat (4ème année secondaire),البكالوريا (السنة الرابعة ثانوي),ECO,Économie et gestion,اقتصاد وتصرف,bac-economie-gestion,ESPA,Espagnol,الإسبانية,es,True,,9,¡Qué gente tan interesante!
secondaire,BAC,Baccalauréat (4ème année secondaire),البكالوريا (السنة الرابعة ثانوي),ECO,Économie et gestion,اقتصاد وتصرف,bac-economie-gestion,ESPA,Espagnol,الإسبانية,es,True,,10,Cuando yo era niña...
secondaire,BAC,Baccalauréat (4ème année secondaire),البكالوريا (السنة الرابعة ثانوي),ECO,Économie et gestion,اقتصاد وتصرف,bac-economie-gestion,ESPA,Espagnol,الإسبانية,es,True,,11,¡Cómo cambian las cosas!
secondaire,BAC,Baccalauréat (4ème année secondaire),البكالوريا (السنة الرابعة ثانوي),ECO,Économie et gestion,اقتصاد وتصرف,bac-economie-gestion,ESPA,Espagnol,الإسبانية,es,True,,12,¿Qué te pasa?
secondaire,BAC,Baccalauréat (4ème année secondaire),البكالوريا (السنة الرابعة ثانوي),ECO,Économie et gestion,اقتصاد وتصرف,bac-economie-gestion,ITAL,Italien,الإيطالية,it,True,,1,Città o campagna
secondaire,BAC,Baccalauréat (4ème année secondaire),البكالوريا (السنة الرابعة ثانوي),ECO,Économie et gestion,اقتصاد وتصرف,bac-economie-gestion,ITAL,Italien,الإيطالية,it,True,,2,Moda e Made in Italy
secondaire,BAC,Baccalauréat (4ème année secondaire),البكالوريا (السنة الرابعة ثانوي),ECO,Économie et gestion,اقتصاد وتصرف,bac-economie-gestion,ITAL,Italien,الإيطالية,it,True,,3,Sport e benessere
secondaire,BAC,Baccalauréat (4ème année secondaire),البكالوريا (السنة الرابعة ثانوي),ECO,Économie et gestion,اقتصاد وتصرف,bac-economie-gestion,ITAL,Italien,الإيطالية,it,True,,4,Cibo e alimentazione
secondaire,BAC,Baccalauréat (4ème année secondaire),البكالوريا (السنة الرابعة ثانوي),ECO,Économie et gestion,اقتصاد وتصرف,bac-economie-gestion,ITAL,Italien,الإيطالية,it,True,,5,Mass-media e telecomunicazioni
secondaire,BAC,Baccalauréat (4ème année secondaire),البكالوريا (السنة الرابعة ثانوي),ECO,Économie et gestion,اقتصاد وتصرف,bac-economie-gestion,ITAL,Italien,الإيطالية,it,True,,6,Le feste italiane
secondaire,BAC,Baccalauréat (4ème année secondaire),البكالوريا (السنة الرابعة ثانوي),ECO,Économie et gestion,اقتصاد وتصرف,bac-economie-gestion,CHIN,Chinois,الصينية,zh,True,,1,你买了什么东西
secondaire,BAC,Baccalauréat (4ème année secondaire),البكالوريا (السنة الرابعة ثانوي),ECO,Économie et gestion,اقتصاد وتصرف,bac-economie-gestion,CHIN,Chinois,الصينية,zh,True,,2,你们去长城了没有
secondaire,BAC,Baccalauréat (4ème année secondaire),البكالوريا (السنة الرابعة ثانوي),ECO,Économie et gestion,اقتصاد وتصرف,bac-economie-gestion,CHIN,Chinois,الصينية,zh,True,,3,他不去旅行了
secondaire,BAC,Baccalauréat (4ème année secondaire),البكالوريا (السنة الرابعة ثانوي),ECO,Économie et gestion,اقتصاد وتصرف,bac-economie-gestion,CHIN,Chinois,الصينية,zh,True,,4,我上网上两个小时
secondaire,BAC,Baccalauréat (4ème année secondaire),البكالوريا (السنة الرابعة ثانوي),ECO,Économie et gestion,اقتصاد وتصرف,bac-economie-gestion,CHIN,Chinois,الصينية,zh,True,,5,你吃过烤鸭吗
secondaire,BAC,Baccalauréat (4ème année secondaire),البكالوريا (السنة الرابعة ثانوي),ECO,Économie et gestion,اقتصاد وتصرف,bac-economie-gestion,CHIN,Chinois,الصينية,zh,True,,6,我正在打电话
secondaire,BAC,Baccalauréat (4ème année secondaire),البكالوريا (السنة الرابعة ثانوي),ECO,Économie et gestion,اقتصاد وتصرف,bac-economie-gestion,CHIN,Chinois,الصينية,zh,True,,7,学校里边有医院吗
secondaire,BAC,Baccalauréat (4ème année secondaire),البكالوريا (السنة الرابعة ثانوي),ECO,Économie et gestion,اقتصاد وتصرف,bac-economie-gestion,CHIN,Chinois,الصينية,zh,True,,8,你们先进来吧
secondaire,BAC,Baccalauréat (4ème année secondaire),البكالوريا (السنة الرابعة ثانوي),ECO,Économie et gestion,اقتصاد وتصرف,bac-economie-gestion,CHIN,Chinois,الصينية,zh,True,,9,你说对了
secondaire,BAC,Baccalauréat (4ème année secondaire),البكالوريا (السنة الرابعة ثانوي),ECO,Économie et gestion,اقتصاد وتصرف,bac-economie-gestion,CHIN,Chinois,الصينية,zh,True,,10,再见
secondaire,BAC,Baccalauréat (4ème année secondaire),البكالوريا (السنة الرابعة ثانوي),INFO,Sciences de l'informatique,علوم الإعلامية,bac-informatique,ARAB,Arabe,العربية,ar,False,,1,جوانب من الحضارة العربية الإسلامية قديما
secondaire,BAC,Baccalauréat (4ème année secondaire),البكالوريا (السنة الرابعة ثانوي),INFO,Sciences de l'informatique,علوم الإعلامية,bac-informatique,ARAB,Arabe,العربية,ar,False,,2,بعض شواغل الإنسان العربي المعاصر
secondaire,BAC,Baccalauréat (4ème année secondaire),البكالوريا (السنة الرابعة ثانوي),INFO,Sciences de l'informatique,علوم الإعلامية,bac-informatique,FRAN,Français,الفرنسية,fr,False,,1,Souvenirs et nostalgie
secondaire,BAC,Baccalauréat (4ème année secondaire),البكالوريا (السنة الرابعة ثانوي),INFO,Sciences de l'informatique,علوم الإعلامية,bac-informatique,FRAN,Français,الفرنسية,fr,False,,2,Histoires d'amour
secondaire,BAC,Baccalauréat (4ème année secondaire),البكالوريا (السنة الرابعة ثانوي),INFO,Sciences de l'informatique,علوم الإعلامية,bac-informatique,FRAN,Français,الفرنسية,fr,False,,3,"Liberté, j'écris ton nom..."
secondaire,BAC,Baccalauréat (4ème année secondaire),البكالوريا (السنة الرابعة ثانوي),INFO,Sciences de l'informatique,علوم الإعلامية,bac-informatique,FRAN,Français,الفرنسية,fr,False,,4,Module de lecture : Le silence de la mer
secondaire,BAC,Baccalauréat (4ème année secondaire),البكالوريا (السنة الرابعة ثانوي),INFO,Sciences de l'informatique,علوم الإعلامية,bac-informatique,FRAN,Français,الفرنسية,fr,False,,5,Guerre et Paix
secondaire,BAC,Baccalauréat (4ème année secondaire),البكالوريا (السنة الرابعة ثانوي),INFO,Sciences de l'informatique,علوم الإعلامية,bac-informatique,FRAN,Français,الفرنسية,fr,False,,6,L'Homme et la Science
secondaire,BAC,Baccalauréat (4ème année secondaire),البكالوريا (السنة الرابعة ثانوي),INFO,Sciences de l'informatique,علوم الإعلامية,bac-informatique,FRAN,Français,الفرنسية,fr,False,,7,Module de lecture : La Cantatrice chauve
secondaire,BAC,Baccalauréat (4ème année secondaire),البكالوريا (السنة الرابعة ثانوي),INFO,Sciences de l'informatique,علوم الإعلامية,bac-informatique,ANGL,Anglais,الإنجليزية,en,False,,1,First Impressions
secondaire,BAC,Baccalauréat (4ème année secondaire),البكالوريا (السنة الرابعة ثانوي),INFO,Sciences de l'informatique,علوم الإعلامية,bac-informatique,ANGL,Anglais,الإنجليزية,en,False,,2,Art Shows and Holidaying
secondaire,BAC,Baccalauréat (4ème année secondaire),البكالوريا (السنة الرابعة ثانوي),INFO,Sciences de l'informatique,علوم الإعلامية,bac-informatique,ANGL,Anglais,الإنجليزية,en,False,,3,Education Matters
secondaire,BAC,Baccalauréat (4ème année secondaire),البكالوريا (السنة الرابعة ثانوي),INFO,Sciences de l'informatique,علوم الإعلامية,bac-informatique,ANGL,Anglais,الإنجليزية,en,False,,4,Creative Inventive Minds
secondaire,BAC,Baccalauréat (4ème année secondaire),البكالوريا (السنة الرابعة ثانوي),INFO,Sciences de l'informatique,علوم الإعلامية,bac-informatique,ANGL,Anglais,الإنجليزية,en,False,,5,Life Issues
secondaire,BAC,Baccalauréat (4ème année secondaire),البكالوريا (السنة الرابعة ثانوي),INFO,Sciences de l'informatique,علوم الإعلامية,bac-informatique,MATH,Mathématiques,الرياضيات,fr,False,,1,Suites réelles
secondaire,BAC,Baccalauréat (4ème année secondaire),البكالوريا (السنة الرابعة ثانوي),INFO,Sciences de l'informatique,علوم الإعلامية,bac-informatique,MATH,Mathématiques,الرياضيات,fr,False,,2,Limites de fonctions
secondaire,BAC,Baccalauréat (4ème année secondaire),البكالوريا (السنة الرابعة ثانوي),INFO,Sciences de l'informatique,علوم الإعلامية,bac-informatique,MATH,Mathématiques,الرياضيات,fr,False,,3,Continuité
secondaire,BAC,Baccalauréat (4ème année secondaire),البكالوريا (السنة الرابعة ثانوي),INFO,Sciences de l'informatique,علوم الإعلامية,bac-informatique,MATH,Mathématiques,الرياضيات,fr,False,,4,Dérivation – Primitives
secondaire,BAC,Baccalauréat (4ème année secondaire),البكالوريا (السنة الرابعة ثانوي),INFO,Sciences de l'informatique,علوم الإعلامية,bac-informatique,MATH,Mathématiques,الرياضيات,fr,False,,5,Etude de fonctions
secondaire,BAC,Baccalauréat (4ème année secondaire),البكالوريا (السنة الرابعة ثانوي),INFO,Sciences de l'informatique,علوم الإعلامية,bac-informatique,MATH,Mathématiques,الرياضيات,fr,False,,6,Logarithme népérien
secondaire,BAC,Baccalauréat (4ème année secondaire),البكالوريا (السنة الرابعة ثانوي),INFO,Sciences de l'informatique,علوم الإعلامية,bac-informatique,MATH,Mathématiques,الرياضيات,fr,False,,7,Fonctions exponentielles
secondaire,BAC,Baccalauréat (4ème année secondaire),البكالوريا (السنة الرابعة ثانوي),INFO,Sciences de l'informatique,علوم الإعلامية,bac-informatique,MATH,Mathématiques,الرياضيات,fr,False,,8,Calcul intégral
secondaire,BAC,Baccalauréat (4ème année secondaire),البكالوريا (السنة الرابعة ثانوي),INFO,Sciences de l'informatique,علوم الإعلامية,bac-informatique,MATH,Mathématiques,الرياضيات,fr,False,,9,Arithmétique
secondaire,BAC,Baccalauréat (4ème année secondaire),البكالوريا (السنة الرابعة ثانوي),INFO,Sciences de l'informatique,علوم الإعلامية,bac-informatique,MATH,Mathématiques,الرياضيات,fr,False,,10,Nombres complexes
secondaire,BAC,Baccalauréat (4ème année secondaire),البكالوريا (السنة الرابعة ثانوي),INFO,Sciences de l'informatique,علوم الإعلامية,bac-informatique,MATH,Mathématiques,الرياضيات,fr,False,,11,Systèmes d'équations linéaires
secondaire,BAC,Baccalauréat (4ème année secondaire),البكالوريا (السنة الرابعة ثانوي),INFO,Sciences de l'informatique,علوم الإعلامية,bac-informatique,MATH,Mathématiques,الرياضيات,fr,False,,12,Séries statistiques à deux caractères
secondaire,BAC,Baccalauréat (4ème année secondaire),البكالوريا (السنة الرابعة ثانوي),INFO,Sciences de l'informatique,علوم الإعلامية,bac-informatique,MATH,Mathématiques,الرياضيات,fr,False,,13,Probabilités
secondaire,BAC,Baccalauréat (4ème année secondaire),البكالوريا (السنة الرابعة ثانوي),INFO,Sciences de l'informatique,علوم الإعلامية,bac-informatique,PHYS,Sciences physiques,العلوم الفيزيائية,fr,False,Physique > Évolution de systèmes électriques,1,Le condensateur ; le dipôle RC
secondaire,BAC,Baccalauréat (4ème année secondaire),البكالوريا (السنة الرابعة ثانوي),INFO,Sciences de l'informatique,علوم الإعلامية,bac-informatique,PHYS,Sciences physiques,العلوم الفيزيائية,fr,False,Physique > Évolution de systèmes électriques,2,La bobine ; le dipôle RL
secondaire,BAC,Baccalauréat (4ème année secondaire),البكالوريا (السنة الرابعة ثانوي),INFO,Sciences de l'informatique,علوم الإعلامية,bac-informatique,PHYS,Sciences physiques,العلوم الفيزيائية,fr,False,Physique > Évolution de systèmes électriques,3,Oscillations électriques libres
secondaire,BAC,Baccalauréat (4ème année secondaire),البكالوريا (السنة الرابعة ثانوي),INFO,Sciences de l'informatique,علوم الإعلامية,bac-informatique,PHYS,Sciences physiques,العلوم الفيزيائية,fr,False,Physique > Évolution de systèmes électriques,4,Oscillations électriques entretenues
secondaire,BAC,Baccalauréat (4ème année secondaire),البكالوريا (السنة الرابعة ثانوي),INFO,Sciences de l'informatique,علوم الإعلامية,bac-informatique,PHYS,Sciences physiques,العلوم الفيزيائية,fr,False,Physique > Évolution de systèmes électriques,5,Oscillations électriques forcées en régime sinusoïdal
secondaire,BAC,Baccalauréat (4ème année secondaire),البكالوريا (السنة الرابعة ثانوي),INFO,Sciences de l'informatique,علوم الإعلامية,bac-informatique,PHYS,Sciences physiques,العلوم الفيزيائية,fr,False,Physique > Évolution de systèmes électriques,6,Généralités sur les filtres
secondaire,BAC,Baccalauréat (4ème année secondaire),البكالوريا (السنة الرابعة ثانوي),INFO,Sciences de l'informatique,علوم الإعلامية,bac-informatique,PHYS,Sciences physiques,العلوم الفيزيائية,fr,False,Physique > Évolution de systèmes électriques,7,Exemples de filtres
secondaire,BAC,Baccalauréat (4ème année secondaire),البكالوريا (السنة الرابعة ثانوي),INFO,Sciences de l'informatique,علوم الإعلامية,bac-informatique,PHYS,Sciences physiques,العلوم الفيزيائية,fr,False,Physique > Évolution de systèmes électriques,8,Production de signaux non sinusoïdaux
secondaire,BAC,Baccalauréat (4ème année secondaire),البكالوريا (السنة الرابعة ثانوي),INFO,Sciences de l'informatique,علوم الإعلامية,bac-informatique,PHYS,Sciences physiques,العلوم الفيزيائية,fr,False,Physique > Évolution de systèmes électriques,9,Conversion de signaux
secondaire,BAC,Baccalauréat (4ème année secondaire),البكالوريا (السنة الرابعة ثانوي),INFO,Sciences de l'informatique,علوم الإعلامية,bac-informatique,PHYS,Sciences physiques,العلوم الفيزيائية,fr,False,Physique > Ondes,10,Ondes mécaniques progressives
secondaire,BAC,Baccalauréat (4ème année secondaire),البكالوريا (السنة الرابعة ثانوي),INFO,Sciences de l'informatique,علوم الإعلامية,bac-informatique,PHYS,Sciences physiques,العلوم الفيزيائية,fr,False,Physique > Ondes,11,Interactions onde-matière
secondaire,BAC,Baccalauréat (4ème année secondaire),البكالوريا (السنة الرابعة ثانوي),INFO,Sciences de l'informatique,علوم الإعلامية,bac-informatique,PHYS,Sciences physiques,العلوم الفيزيائية,fr,False,Physique > Ondes,12,Généralités sur la transmission des signaux
secondaire,BAC,Baccalauréat (4ème année secondaire),البكالوريا (السنة الرابعة ثانوي),INFO,Sciences de l'informatique,علوم الإعلامية,bac-informatique,PHYS,Sciences physiques,العلوم الفيزيائية,fr,False,Physique > Ondes,13,Modulation et démodulation des signaux
secondaire,BAC,Baccalauréat (4ème année secondaire),البكالوريا (السنة الرابعة ثانوي),INFO,Sciences de l'informatique,علوم الإعلامية,bac-informatique,PHYS,Sciences physiques,العلوم الفيزيائية,fr,False,Chimie > Mesure d'une quantité de matière,14,Détermination d'une quantité de matière à l'aide d'une réaction chimique
secondaire,BAC,Baccalauréat (4ème année secondaire),البكالوريا (السنة الرابعة ثانوي),INFO,Sciences de l'informatique,علوم الإعلامية,bac-informatique,PHYS,Sciences physiques,العلوم الفيزيائية,fr,False,Chimie > Mesure d'une quantité de matière,15,Détermination d'une quantité de matière par mesure d'une grandeur physique
secondaire,BAC,Baccalauréat (4ème année secondaire),البكالوريا (السنة الرابعة ثانوي),INFO,Sciences de l'informatique,علوم الإعلامية,bac-informatique,PHYS,Sciences physiques,العلوم الفيزيائية,fr,False,Chimie > Électrochimie,16,Pile électrochimique : pile Daniell
secondaire,BAC,Baccalauréat (4ème année secondaire),البكالوريا (السنة الرابعة ثانوي),INFO,Sciences de l'informatique,علوم الإعلامية,bac-informatique,PHYS,Sciences physiques,العلوم الفيزيائية,fr,False,Chimie > Électrochimie,17,Électrolyse
secondaire,BAC,Baccalauréat (4ème année secondaire),البكالوريا (السنة الرابعة ثانوي),INFO,Sciences de l'informatique,علوم الإعلامية,bac-informatique,PHYS,Sciences physiques,العلوم الفيزيائية,fr,False,Chimie > La chimie organique,18,Les alcools aliphatiques saturés
secondaire,BAC,Baccalauréat (4ème année secondaire),البكالوريا (السنة الرابعة ثانوي),INFO,Sciences de l'informatique,علوم الإعلامية,bac-informatique,PHYS,Sciences physiques,العلوم الفيزيائية,fr,False,Chimie > La chimie organique,19,L'oxydation ménagée des alcools
secondaire,BAC,Baccalauréat (4ème année secondaire),البكالوريا (السنة الرابعة ثانوي),INFO,Sciences de l'informatique,علوم الإعلامية,bac-informatique,PHILO,Philosophie,الفلسفة,ar,False,الإنسان بين الكثرة والوحدة,1,الإنية والغيرية
secondaire,BAC,Baccalauréat (4ème année secondaire),البكالوريا (السنة الرابعة ثانوي),INFO,Sciences de l'informatique,علوم الإعلامية,bac-informatique,PHILO,Philosophie,الفلسفة,ar,False,الإنسان بين الكثرة والوحدة,2,الخصوصية والكونية
secondaire,BAC,Baccalauréat (4ème année secondaire),البكالوريا (السنة الرابعة ثانوي),INFO,Sciences de l'informatique,علوم الإعلامية,bac-informatique,PHILO,Philosophie,الفلسفة,ar,False,الحقيقة,3,العلم بين الحقيقة والنمذجة
secondaire,BAC,Baccalauréat (4ème année secondaire),البكالوريا (السنة الرابعة ثانوي),INFO,Sciences de l'informatique,علوم الإعلامية,bac-informatique,PHILO,Philosophie,الفلسفة,ar,False,القيم بين النسبي والمطلق,4,الدولة: السيادة والمواطنة
secondaire,BAC,Baccalauréat (4ème année secondaire),البكالوريا (السنة الرابعة ثانوي),INFO,Sciences de l'informatique,علوم الإعلامية,bac-informatique,PHILO,Philosophie,الفلسفة,ar,False,القيم بين النسبي والمطلق,5,الأخلاق: الخير والسعادة
secondaire,BAC,Baccalauréat (4ème année secondaire),البكالوريا (السنة الرابعة ثانوي),INFO,Sciences de l'informatique,علوم الإعلامية,bac-informatique,ALLEM,Allemand,الألمانية,de,True,,1,Feste und fröhliche Ereignisse
secondaire,BAC,Baccalauréat (4ème année secondaire),البكالوريا (السنة الرابعة ثانوي),INFO,Sciences de l'informatique,علوم الإعلامية,bac-informatique,ALLEM,Allemand,الألمانية,de,True,,2,Städte und Verkehrsmittel
secondaire,BAC,Baccalauréat (4ème année secondaire),البكالوريا (السنة الرابعة ثانوي),INFO,Sciences de l'informatique,علوم الإعلامية,bac-informatique,ALLEM,Allemand,الألمانية,de,True,,3,Aussehen und Charakter
secondaire,BAC,Baccalauréat (4ème année secondaire),البكالوريا (السنة الرابعة ثانوي),INFO,Sciences de l'informatique,علوم الإعلامية,bac-informatique,ALLEM,Allemand,الألمانية,de,True,,4,Schule und Beruf
secondaire,BAC,Baccalauréat (4ème année secondaire),البكالوريا (السنة الرابعة ثانوي),INFO,Sciences de l'informatique,علوم الإعلامية,bac-informatique,ALLEM,Allemand,الألمانية,de,True,,5,Massenmedien
secondaire,BAC,Baccalauréat (4ème année secondaire),البكالوريا (السنة الرابعة ثانوي),INFO,Sciences de l'informatique,علوم الإعلامية,bac-informatique,ESPA,Espagnol,الإسبانية,es,True,,1,¿Qué hora es?
secondaire,BAC,Baccalauréat (4ème année secondaire),البكالوريا (السنة الرابعة ثانوي),INFO,Sciences de l'informatique,علوم الإعلامية,bac-informatique,ESPA,Espagnol,الإسبانية,es,True,,2,¿Qué haces cada día?
secondaire,BAC,Baccalauréat (4ème année secondaire),البكالوريا (السنة الرابعة ثانوي),INFO,Sciences de l'informatique,علوم الإعلامية,bac-informatique,ESPA,Espagnol,الإسبانية,es,True,,3,¡Por fin el sábado!
secondaire,BAC,Baccalauréat (4ème année secondaire),البكالوريا (السنة الرابعة ثانوي),INFO,Sciences de l'informatique,علوم الإعلامية,bac-informatique,ESPA,Espagnol,الإسبانية,es,True,,4,¿Qué plan tienes?
secondaire,BAC,Baccalauréat (4ème année secondaire),البكالوريا (السنة الرابعة ثانوي),INFO,Sciences de l'informatique,علوم الإعلامية,bac-informatique,ESPA,Espagnol,الإسبانية,es,True,,5,¿Cómo quedamos?
secondaire,BAC,Baccalauréat (4ème année secondaire),البكالوريا (السنة الرابعة ثانوي),INFO,Sciences de l'informatique,علوم الإعلامية,bac-informatique,ESPA,Espagnol,الإسبانية,es,True,,6,¿Vienes conmigo?
secondaire,BAC,Baccalauréat (4ème année secondaire),البكالوريا (السنة الرابعة ثانوي),INFO,Sciences de l'informatique,علوم الإعلامية,bac-informatique,ESPA,Espagnol,الإسبانية,es,True,,7,¿Qué has hecho este fin de semana?
secondaire,BAC,Baccalauréat (4ème année secondaire),البكالوريا (السنة الرابعة ثانوي),INFO,Sciences de l'informatique,علوم الإعلامية,bac-informatique,ESPA,Espagnol,الإسبانية,es,True,,8,¿Dónde fuiste la semana pasada?
secondaire,BAC,Baccalauréat (4ème année secondaire),البكالوريا (السنة الرابعة ثانوي),INFO,Sciences de l'informatique,علوم الإعلامية,bac-informatique,ESPA,Espagnol,الإسبانية,es,True,,9,¡Qué gente tan interesante!
secondaire,BAC,Baccalauréat (4ème année secondaire),البكالوريا (السنة الرابعة ثانوي),INFO,Sciences de l'informatique,علوم الإعلامية,bac-informatique,ESPA,Espagnol,الإسبانية,es,True,,10,Cuando yo era niña...
secondaire,BAC,Baccalauréat (4ème année secondaire),البكالوريا (السنة الرابعة ثانوي),INFO,Sciences de l'informatique,علوم الإعلامية,bac-informatique,ESPA,Espagnol,الإسبانية,es,True,,11,¡Cómo cambian las cosas!
secondaire,BAC,Baccalauréat (4ème année secondaire),البكالوريا (السنة الرابعة ثانوي),INFO,Sciences de l'informatique,علوم الإعلامية,bac-informatique,ESPA,Espagnol,الإسبانية,es,True,,12,¿Qué te pasa?
secondaire,BAC,Baccalauréat (4ème année secondaire),البكالوريا (السنة الرابعة ثانوي),INFO,Sciences de l'informatique,علوم الإعلامية,bac-informatique,ITAL,Italien,الإيطالية,it,True,,1,Città o campagna
secondaire,BAC,Baccalauréat (4ème année secondaire),البكالوريا (السنة الرابعة ثانوي),INFO,Sciences de l'informatique,علوم الإعلامية,bac-informatique,ITAL,Italien,الإيطالية,it,True,,2,Moda e Made in Italy
secondaire,BAC,Baccalauréat (4ème année secondaire),البكالوريا (السنة الرابعة ثانوي),INFO,Sciences de l'informatique,علوم الإعلامية,bac-informatique,ITAL,Italien,الإيطالية,it,True,,3,Sport e benessere
secondaire,BAC,Baccalauréat (4ème année secondaire),البكالوريا (السنة الرابعة ثانوي),INFO,Sciences de l'informatique,علوم الإعلامية,bac-informatique,ITAL,Italien,الإيطالية,it,True,,4,Cibo e alimentazione
secondaire,BAC,Baccalauréat (4ème année secondaire),البكالوريا (السنة الرابعة ثانوي),INFO,Sciences de l'informatique,علوم الإعلامية,bac-informatique,ITAL,Italien,الإيطالية,it,True,,5,Mass-media e telecomunicazioni
secondaire,BAC,Baccalauréat (4ème année secondaire),البكالوريا (السنة الرابعة ثانوي),INFO,Sciences de l'informatique,علوم الإعلامية,bac-informatique,ITAL,Italien,الإيطالية,it,True,,6,Le feste italiane
secondaire,BAC,Baccalauréat (4ème année secondaire),البكالوريا (السنة الرابعة ثانوي),INFO,Sciences de l'informatique,علوم الإعلامية,bac-informatique,CHIN,Chinois,الصينية,zh,True,,1,你买了什么东西
secondaire,BAC,Baccalauréat (4ème année secondaire),البكالوريا (السنة الرابعة ثانوي),INFO,Sciences de l'informatique,علوم الإعلامية,bac-informatique,CHIN,Chinois,الصينية,zh,True,,2,你们去长城了没有
secondaire,BAC,Baccalauréat (4ème année secondaire),البكالوريا (السنة الرابعة ثانوي),INFO,Sciences de l'informatique,علوم الإعلامية,bac-informatique,CHIN,Chinois,الصينية,zh,True,,3,他不去旅行了
secondaire,BAC,Baccalauréat (4ème année secondaire),البكالوريا (السنة الرابعة ثانوي),INFO,Sciences de l'informatique,علوم الإعلامية,bac-informatique,CHIN,Chinois,الصينية,zh,True,,4,我上网上两个小时
secondaire,BAC,Baccalauréat (4ème année secondaire),البكالوريا (السنة الرابعة ثانوي),INFO,Sciences de l'informatique,علوم الإعلامية,bac-informatique,CHIN,Chinois,الصينية,zh,True,,5,你吃过烤鸭吗
secondaire,BAC,Baccalauréat (4ème année secondaire),البكالوريا (السنة الرابعة ثانوي),INFO,Sciences de l'informatique,علوم الإعلامية,bac-informatique,CHIN,Chinois,الصينية,zh,True,,6,我正在打电话
secondaire,BAC,Baccalauréat (4ème année secondaire),البكالوريا (السنة الرابعة ثانوي),INFO,Sciences de l'informatique,علوم الإعلامية,bac-informatique,CHIN,Chinois,الصينية,zh,True,,7,学校里边有医院吗
secondaire,BAC,Baccalauréat (4ème année secondaire),البكالوريا (السنة الرابعة ثانوي),INFO,Sciences de l'informatique,علوم الإعلامية,bac-informatique,CHIN,Chinois,الصينية,zh,True,,8,你们先进来吧
secondaire,BAC,Baccalauréat (4ème année secondaire),البكالوريا (السنة الرابعة ثانوي),INFO,Sciences de l'informatique,علوم الإعلامية,bac-informatique,CHIN,Chinois,الصينية,zh,True,,9,你说对了
secondaire,BAC,Baccalauréat (4ème année secondaire),البكالوريا (السنة الرابعة ثانوي),INFO,Sciences de l'informatique,علوم الإعلامية,bac-informatique,CHIN,Chinois,الصينية,zh,True,,10,再见
secondaire,BAC,Baccalauréat (4ème année secondaire),البكالوريا (السنة الرابعة ثانوي),LET,Lettres,آداب,bac-lettres,ARAB,Arabe,العربية,ar,False,,1,شعر الحماسة في القرنين الثالث والرابع للهجرة
secondaire,BAC,Baccalauréat (4ème année secondaire),البكالوريا (السنة الرابعة ثانوي),LET,Lettres,آداب,bac-lettres,ARAB,Arabe,العربية,ar,False,,2,المنزع العقلي في الأدب العربي القديم
secondaire,BAC,Baccalauréat (4ème année secondaire),البكالوريا (السنة الرابعة ثانوي),LET,Lettres,آداب,bac-lettres,ARAB,Arabe,العربية,ar,False,,3,من أشكال القص في الأدب العربي القديم: رسالة الغفران
secondaire,BAC,Baccalauréat (4ème année secondaire),البكالوريا (السنة الرابعة ثانوي),LET,Lettres,آداب,bac-lettres,ARAB,Arabe,العربية,ar,False,,4,الرواية العربية
secondaire,BAC,Baccalauréat (4ème année secondaire),البكالوريا (السنة الرابعة ثانوي),LET,Lettres,آداب,bac-lettres,ARAB,Arabe,العربية,ar,False,,5,المسرحية
secondaire,BAC,Baccalauréat (4ème année secondaire),البكالوريا (السنة الرابعة ثانوي),LET,Lettres,آداب,bac-lettres,FRAN,Français,الفرنسية,fr,False,,1,Partage
secondaire,BAC,Baccalauréat (4ème année secondaire),البكالوريا (السنة الرابعة ثانوي),LET,Lettres,آداب,bac-lettres,FRAN,Français,الفرنسية,fr,False,,2,L'engagement en littérature
secondaire,BAC,Baccalauréat (4ème année secondaire),البكالوريا (السنة الرابعة ثانوي),LET,Lettres,آداب,bac-lettres,FRAN,Français,الفرنسية,fr,False,,3,L'appel de la modernité
secondaire,BAC,Baccalauréat (4ème année secondaire),البكالوريا (السنة الرابعة ثانوي),LET,Lettres,آداب,bac-lettres,FRAN,Français,الفرنسية,fr,False,,4,À la lumière de la raison
secondaire,BAC,Baccalauréat (4ème année secondaire),البكالوريا (السنة الرابعة ثانوي),LET,Lettres,آداب,bac-lettres,FRAN,Français,الفرنسية,fr,False,,5,Poésies
secondaire,BAC,Baccalauréat (4ème année secondaire),البكالوريا (السنة الرابعة ثانوي),LET,Lettres,آداب,bac-lettres,FRAN,Français,الفرنسية,fr,False,,6,Lecture d'une œuvre complète
secondaire,BAC,Baccalauréat (4ème année secondaire),البكالوريا (السنة الرابعة ثانوي),LET,Lettres,آداب,bac-lettres,ANGL,Anglais,الإنجليزية,en,False,,1,First Impressions
secondaire,BAC,Baccalauréat (4ème année secondaire),البكالوريا (السنة الرابعة ثانوي),LET,Lettres,آداب,bac-lettres,ANGL,Anglais,الإنجليزية,en,False,,2,Art Shows and Holidaying
secondaire,BAC,Baccalauréat (4ème année secondaire),البكالوريا (السنة الرابعة ثانوي),LET,Lettres,آداب,bac-lettres,ANGL,Anglais,الإنجليزية,en,False,,3,Education Matters
secondaire,BAC,Baccalauréat (4ème année secondaire),البكالوريا (السنة الرابعة ثانوي),LET,Lettres,آداب,bac-lettres,ANGL,Anglais,الإنجليزية,en,False,,4,Creative Inventive Minds
secondaire,BAC,Baccalauréat (4ème année secondaire),البكالوريا (السنة الرابعة ثانوي),LET,Lettres,آداب,bac-lettres,ANGL,Anglais,الإنجليزية,en,False,,5,Life Issues
secondaire,BAC,Baccalauréat (4ème année secondaire),البكالوريا (السنة الرابعة ثانوي),LET,Lettres,آداب,bac-lettres,PHILO,Philosophie,الفلسفة,ar,False,,1,الإنية والغيرية
secondaire,BAC,Baccalauréat (4ème année secondaire),البكالوريا (السنة الرابعة ثانوي),LET,Lettres,آداب,bac-lettres,PHILO,Philosophie,الفلسفة,ar,False,,2,التواصل والأنظمة الرمزية
secondaire,BAC,Baccalauréat (4ème année secondaire),البكالوريا (السنة الرابعة ثانوي),LET,Lettres,آداب,bac-lettres,PHILO,Philosophie,الفلسفة,ar,False,,3,الخصوصية والكونية
secondaire,BAC,Baccalauréat (4ème année secondaire),البكالوريا (السنة الرابعة ثانوي),LET,Lettres,آداب,bac-lettres,PHILO,Philosophie,الفلسفة,ar,False,,4,العلم بين الحقيقة والنمذجة
secondaire,BAC,Baccalauréat (4ème année secondaire),البكالوريا (السنة الرابعة ثانوي),LET,Lettres,آداب,bac-lettres,PHILO,Philosophie,الفلسفة,ar,False,,5,العمل: النجاعة والعدالة
secondaire,BAC,Baccalauréat (4ème année secondaire),البكالوريا (السنة الرابعة ثانوي),LET,Lettres,آداب,bac-lettres,PHILO,Philosophie,الفلسفة,ar,False,,6,الدولة: السيادة والمواطنة
secondaire,BAC,Baccalauréat (4ème année secondaire),البكالوريا (السنة الرابعة ثانوي),LET,Lettres,آداب,bac-lettres,PHILO,Philosophie,الفلسفة,ar,False,,7,الأخلاق: الخير والسعادة
secondaire,BAC,Baccalauréat (4ème année secondaire),البكالوريا (السنة الرابعة ثانوي),LET,Lettres,آداب,bac-lettres,PHILO,Philosophie,الفلسفة,ar,False,,8,الفن: الجمال والحقيقة
secondaire,BAC,Baccalauréat (4ème année secondaire),البكالوريا (السنة الرابعة ثانوي),LET,Lettres,آداب,bac-lettres,HISTGEO,Histoire-Géographie,التاريخ والجغرافيا,ar,False,مجال عالمي مترابط ومتفاوت,1,الأقطاب السياحية
secondaire,BAC,Baccalauréat (4ème année secondaire),البكالوريا (السنة الرابعة ثانوي),LET,Lettres,آداب,bac-lettres,HISTGEO,Histoire-Géographie,التاريخ والجغرافيا,ar,False,مجال عالمي مترابط ومتفاوت,2,الأقطاب التجارية
secondaire,BAC,Baccalauréat (4ème année secondaire),البكالوريا (السنة الرابعة ثانوي),LET,Lettres,آداب,bac-lettres,HISTGEO,Histoire-Géographie,التاريخ والجغرافيا,ar,False,مجال عالمي مترابط ومتفاوت,3,الأقطاب المالية
secondaire,BAC,Baccalauréat (4ème année secondaire),البكالوريا (السنة الرابعة ثانوي),LET,Lettres,آداب,bac-lettres,HISTGEO,Histoire-Géographie,التاريخ والجغرافيا,ar,False,مجال عالمي مترابط ومتفاوت,4,أقطاب الإعلام
secondaire,BAC,Baccalauréat (4ème année secondaire),البكالوريا (السنة الرابعة ثانوي),LET,Lettres,آداب,bac-lettres,HISTGEO,Histoire-Géographie,التاريخ والجغرافيا,ar,False,مجال عالمي مترابط ومتفاوت,5,التفاوت في التقدم
secondaire,BAC,Baccalauréat (4ème année secondaire),البكالوريا (السنة الرابعة ثانوي),LET,Lettres,آداب,bac-lettres,HISTGEO,Histoire-Géographie,التاريخ والجغرافيا,ar,False,مجال عالمي مترابط ومتفاوت,6,تركيبة المجال العالمي
secondaire,BAC,Baccalauréat (4ème année secondaire),البكالوريا (السنة الرابعة ثانوي),LET,Lettres,آداب,bac-lettres,HISTGEO,Histoire-Géographie,التاريخ والجغرافيا,ar,False,الشمال,7,الولايات المتحدة الأمريكية
secondaire,BAC,Baccalauréat (4ème année secondaire),البكالوريا (السنة الرابعة ثانوي),LET,Lettres,آداب,bac-lettres,HISTGEO,Histoire-Géographie,التاريخ والجغرافيا,ar,False,الشمال,8,الاتحاد الأوروبي: تكتل اقتصادي
secondaire,BAC,Baccalauréat (4ème année secondaire),البكالوريا (السنة الرابعة ثانوي),LET,Lettres,آداب,bac-lettres,HISTGEO,Histoire-Géographie,التاريخ والجغرافيا,ar,False,الجنوب,9,البرازيل: بلد صناعي جديد
secondaire,BAC,Baccalauréat (4ème année secondaire),البكالوريا (السنة الرابعة ثانوي),LET,Lettres,آداب,bac-lettres,HISTGEO,Histoire-Géographie,التاريخ والجغرافيا,ar,False,الجنوب,10,البلدان الأقل تقدما بالساحل الإفريقي
secondaire,BAC,Baccalauréat (4ème année secondaire),البكالوريا (السنة الرابعة ثانوي),LET,Lettres,آداب,bac-lettres,HISTGEO,Histoire-Géographie,التاريخ والجغرافيا,ar,False,العالم من 1914 إلى 1945,11,الحرب العالمية الأولى
secondaire,BAC,Baccalauréat (4ème année secondaire),البكالوريا (السنة الرابعة ثانوي),LET,Lettres,آداب,bac-lettres,HISTGEO,Histoire-Géographie,التاريخ والجغرافيا,ar,False,العالم من 1914 إلى 1945,12,الثورة البلشفية ونشأة الاتحاد السوفياتي إلى 1939
secondaire,BAC,Baccalauréat (4ème année secondaire),البكالوريا (السنة الرابعة ثانوي),LET,Lettres,آداب,bac-lettres,HISTGEO,Histoire-Géographie,التاريخ والجغرافيا,ar,False,العالم من 1914 إلى 1945,13,أزمة الثلاثينات الاقتصادية
secondaire,BAC,Baccalauréat (4ème année secondaire),البكالوريا (السنة الرابعة ثانوي),LET,Lettres,آداب,bac-lettres,HISTGEO,Histoire-Géographie,التاريخ والجغرافيا,ar,False,العالم من 1914 إلى 1945,14,الأنظمة الكليانية في أوروبا
secondaire,BAC,Baccalauréat (4ème année secondaire),البكالوريا (السنة الرابعة ثانوي),LET,Lettres,آداب,bac-lettres,HISTGEO,Histoire-Géographie,التاريخ والجغرافيا,ar,False,العالم من 1914 إلى 1945,15,الحرب العالمية الثانية
secondaire,BAC,Baccalauréat (4ème année secondaire),البكالوريا (السنة الرابعة ثانوي),LET,Lettres,آداب,bac-lettres,HISTGEO,Histoire-Géographie,التاريخ والجغرافيا,ar,False,العالم من 1914 إلى 1945,16,تونس في العشرينات
secondaire,BAC,Baccalauréat (4ème année secondaire),البكالوريا (السنة الرابعة ثانوي),LET,Lettres,آداب,bac-lettres,HISTGEO,Histoire-Géographie,التاريخ والجغرافيا,ar,False,العالم من 1914 إلى 1945,17,تونس في الثلاثينات
secondaire,BAC,Baccalauréat (4ème année secondaire),البكالوريا (السنة الرابعة ثانوي),LET,Lettres,آداب,bac-lettres,HISTGEO,Histoire-Géographie,التاريخ والجغرافيا,ar,False,العالم من 1914 إلى 1945,18,تونس أثناء الحرب العالمية الثانية
secondaire,BAC,Baccalauréat (4ème année secondaire),البكالوريا (السنة الرابعة ثانوي),LET,Lettres,آداب,bac-lettres,HISTGEO,Histoire-Géographie,التاريخ والجغرافيا,ar,False,العالم المعاصر بعد 1945,19,العلاقات الدولية: من الحرب الباردة إلى انهيار الاتحاد السوفياتي
secondaire,BAC,Baccalauréat (4ème année secondaire),البكالوريا (السنة الرابعة ثانوي),LET,Lettres,آداب,bac-lettres,HISTGEO,Histoire-Géographie,التاريخ والجغرافيا,ar,False,العالم المعاصر بعد 1945,20,التحولات الاقتصادية والاجتماعية والثقافية
secondaire,BAC,Baccalauréat (4ème année secondaire),البكالوريا (السنة الرابعة ثانوي),LET,Lettres,آداب,bac-lettres,HISTGEO,Histoire-Géographie,التاريخ والجغرافيا,ar,False,العالم المعاصر بعد 1945,21,استقلال المستعمرات وبروز العالم الثالث
secondaire,BAC,Baccalauréat (4ème année secondaire),البكالوريا (السنة الرابعة ثانوي),LET,Lettres,آداب,bac-lettres,HISTGEO,Histoire-Géographie,التاريخ والجغرافيا,ar,False,العالم المعاصر بعد 1945,22,استقلال ليبيا والمغرب الأقصى والجزائر
secondaire,BAC,Baccalauréat (4ème année secondaire),البكالوريا (السنة الرابعة ثانوي),LET,Lettres,آداب,bac-lettres,HISTGEO,Histoire-Géographie,التاريخ والجغرافيا,ar,False,العالم المعاصر بعد 1945,23,القضية الفلسطينية
secondaire,BAC,Baccalauréat (4ème année secondaire),البكالوريا (السنة الرابعة ثانوي),LET,Lettres,آداب,bac-lettres,HISTGEO,Histoire-Géographie,التاريخ والجغرافيا,ar,False,العالم المعاصر بعد 1945,24,تونس من 1945 إلى 1956: المسيرة نحو الاستقلال
secondaire,BAC,Baccalauréat (4ème année secondaire),البكالوريا (السنة الرابعة ثانوي),LET,Lettres,آداب,bac-lettres,HISTGEO,Histoire-Géographie,التاريخ والجغرافيا,ar,False,العالم المعاصر بعد 1945,25,بناء الدولة الوطنية وتحديث المجتمع
secondaire,BAC,Baccalauréat (4ème année secondaire),البكالوريا (السنة الرابعة ثانوي),LET,Lettres,آداب,bac-lettres,HISTGEO,Histoire-Géographie,التاريخ والجغرافيا,ar,False,العالم المعاصر بعد 1945,26,تطور النظام السياسي في تونس والتجارب التنموية (1956-1987)
secondaire,BAC,Baccalauréat (4ème année secondaire),البكالوريا (السنة الرابعة ثانوي),LET,Lettres,آداب,bac-lettres,ISLAM,Éducation islamique,التربية الإسلامية,ar,False,التوحيد والمجتمع,1,التوحيد والحرية
secondaire,BAC,Baccalauréat (4ème année secondaire),البكالوريا (السنة الرابعة ثانوي),LET,Lettres,آداب,bac-lettres,ISLAM,Éducation islamique,التربية الإسلامية,ar,False,التوحيد والمجتمع,2,التوحيد والكونية
secondaire,BAC,Baccalauréat (4ème année secondaire),البكالوريا (السنة الرابعة ثانوي),LET,Lettres,آداب,bac-lettres,ISLAM,Éducation islamique,التربية الإسلامية,ar,False,تسخير الكون ومسؤولية الإنسان,3,الغيب والشهادة
secondaire,BAC,Baccalauréat (4ème année secondaire),البكالوريا (السنة الرابعة ثانوي),LET,Lettres,آداب,bac-lettres,ISLAM,Éducation islamique,التربية الإسلامية,ar,False,تسخير الكون ومسؤولية الإنسان,4,الإنسان ووعي الزمن
secondaire,BAC,Baccalauréat (4ème année secondaire),البكالوريا (السنة الرابعة ثانوي),LET,Lettres,آداب,bac-lettres,ISLAM,Éducation islamique,التربية الإسلامية,ar,False,تسخير الكون ومسؤولية الإنسان,5,الإبداع والقيم
secondaire,BAC,Baccalauréat (4ème année secondaire),البكالوريا (السنة الرابعة ثانوي),LET,Lettres,آداب,bac-lettres,ISLAM,Éducation islamique,التربية الإسلامية,ar,False,النص والتاريخ,6,الإعجاز التشريعي
secondaire,BAC,Baccalauréat (4ème année secondaire),البكالوريا (السنة الرابعة ثانوي),LET,Lettres,آداب,bac-lettres,ISLAM,Éducation islamique,التربية الإسلامية,ar,False,النص والتاريخ,7,فلسفة التشريع
secondaire,BAC,Baccalauréat (4ème année secondaire),البكالوريا (السنة الرابعة ثانوي),LET,Lettres,آداب,bac-lettres,MATH,Mathématiques,الرياضيات,fr,True,,1,Dérivées et applications
secondaire,BAC,Baccalauréat (4ème année secondaire),البكالوريا (السنة الرابعة ثانوي),LET,Lettres,آداب,bac-lettres,MATH,Mathématiques,الرياضيات,fr,True,,2,Exemples de fonctions polynômes
secondaire,BAC,Baccalauréat (4ème année secondaire),البكالوريا (السنة الرابعة ثانوي),LET,Lettres,آداب,bac-lettres,MATH,Mathématiques,الرياضيات,fr,True,,3,Exemples de fonctions homographiques
secondaire,BAC,Baccalauréat (4ème année secondaire),البكالوريا (السنة الرابعة ثانوي),LET,Lettres,آداب,bac-lettres,MATH,Mathématiques,الرياضيات,fr,True,,4,Fonction logarithme népérien
secondaire,BAC,Baccalauréat (4ème année secondaire),البكالوريا (السنة الرابعة ثانوي),LET,Lettres,آداب,bac-lettres,MATH,Mathématiques,الرياضيات,fr,True,,5,Fonction exponentielle
secondaire,BAC,Baccalauréat (4ème année secondaire),البكالوريا (السنة الرابعة ثانوي),LET,Lettres,آداب,bac-lettres,MATH,Mathématiques,الرياضيات,fr,True,,6,Suites réelles
secondaire,BAC,Baccalauréat (4ème année secondaire),البكالوريا (السنة الرابعة ثانوي),LET,Lettres,آداب,bac-lettres,MATH,Mathématiques,الرياضيات,fr,True,,7,Statistiques
secondaire,BAC,Baccalauréat (4ème année secondaire),البكالوريا (السنة الرابعة ثانوي),LET,Lettres,آداب,bac-lettres,MATH,Mathématiques,الرياضيات,fr,True,,8,Probabilités
secondaire,BAC,Baccalauréat (4ème année secondaire),البكالوريا (السنة الرابعة ثانوي),LET,Lettres,آداب,bac-lettres,SVT,Sciences de la vie et de la terre,علوم الحياة والأرض,fr,True,Reproduction humaine et santé,1,La fonction reproductrice chez l'homme
secondaire,BAC,Baccalauréat (4ème année secondaire),البكالوريا (السنة الرابعة ثانوي),LET,Lettres,آداب,bac-lettres,SVT,Sciences de la vie et de la terre,علوم الحياة والأرض,fr,True,Reproduction humaine et santé,2,La fonction reproductrice chez la femme
secondaire,BAC,Baccalauréat (4ème année secondaire),البكالوريا (السنة الرابعة ثانوي),LET,Lettres,آداب,bac-lettres,SVT,Sciences de la vie et de la terre,علوم الحياة والأرض,fr,True,Reproduction humaine et santé,3,La procréation
secondaire,BAC,Baccalauréat (4ème année secondaire),البكالوريا (السنة الرابعة ثانوي),LET,Lettres,آداب,bac-lettres,SVT,Sciences de la vie et de la terre,علوم الحياة والأرض,fr,True,Neurophysiologie et hygiène du système nerveux,4,Le tissu nerveux
secondaire,BAC,Baccalauréat (4ème année secondaire),البكالوريا (السنة الرابعة ثانوي),LET,Lettres,آداب,bac-lettres,SVT,Sciences de la vie et de la terre,علوم الحياة والأرض,fr,True,Neurophysiologie et hygiène du système nerveux,5,L'activité réflexe
secondaire,BAC,Baccalauréat (4ème année secondaire),البكالوريا (السنة الرابعة ثانوي),LET,Lettres,آداب,bac-lettres,SVT,Sciences de la vie et de la terre,علوم الحياة والأرض,fr,True,Neurophysiologie et hygiène du système nerveux,6,Hygiène du système nerveux
secondaire,BAC,Baccalauréat (4ème année secondaire),البكالوريا (السنة الرابعة ثانوي),LET,Lettres,آداب,bac-lettres,SVT,Sciences de la vie et de la terre,علوم الحياة والأرض,fr,True,L'évolution biologique,7,Argumenter l'évolution par les données de la paléontologie
secondaire,BAC,Baccalauréat (4ème année secondaire),البكالوريا (السنة الرابعة ثانوي),LET,Lettres,آداب,bac-lettres,SVT,Sciences de la vie et de la terre,علوم الحياة والأرض,fr,True,L'évolution biologique,8,Argumenter l'évolution par les données de l'anatomie comparée
secondaire,BAC,Baccalauréat (4ème année secondaire),البكالوريا (السنة الرابعة ثانوي),LET,Lettres,آداب,bac-lettres,SVT,Sciences de la vie et de la terre,علوم الحياة والأرض,fr,True,L'évolution biologique,9,Expliquer le rôle des mutations dans l'évolution
secondaire,BAC,Baccalauréat (4ème année secondaire),البكالوريا (السنة الرابعة ثانوي),LET,Lettres,آداب,bac-lettres,SVT,Sciences de la vie et de la terre,علوم الحياة والأرض,fr,True,L'évolution biologique,10,Expliquer le rôle du milieu dans l'évolution biologique
secondaire,BAC,Baccalauréat (4ème année secondaire),البكالوريا (السنة الرابعة ثانوي),LET,Lettres,آداب,bac-lettres,SVT,Sciences de la vie et de la terre,علوم الحياة والأرض,fr,True,L'évolution biologique,11,Dégager les idées essentielles des théories de l'évolution
secondaire,BAC,Baccalauréat (4ème année secondaire),البكالوريا (السنة الرابعة ثانوي),LET,Lettres,آداب,bac-lettres,ALLEM,Allemand,الألمانية,de,True,,1,Feste und fröhliche Ereignisse
secondaire,BAC,Baccalauréat (4ème année secondaire),البكالوريا (السنة الرابعة ثانوي),LET,Lettres,آداب,bac-lettres,ALLEM,Allemand,الألمانية,de,True,,2,Städte und Verkehrsmittel
secondaire,BAC,Baccalauréat (4ème année secondaire),البكالوريا (السنة الرابعة ثانوي),LET,Lettres,آداب,bac-lettres,ALLEM,Allemand,الألمانية,de,True,,3,Aussehen und Charakter
secondaire,BAC,Baccalauréat (4ème année secondaire),البكالوريا (السنة الرابعة ثانوي),LET,Lettres,آداب,bac-lettres,ALLEM,Allemand,الألمانية,de,True,,4,Schule und Beruf
secondaire,BAC,Baccalauréat (4ème année secondaire),البكالوريا (السنة الرابعة ثانوي),LET,Lettres,آداب,bac-lettres,ALLEM,Allemand,الألمانية,de,True,,5,Massenmedien
secondaire,BAC,Baccalauréat (4ème année secondaire),البكالوريا (السنة الرابعة ثانوي),LET,Lettres,آداب,bac-lettres,ESPA,Espagnol,الإسبانية,es,True,,1,¿Qué hora es?
secondaire,BAC,Baccalauréat (4ème année secondaire),البكالوريا (السنة الرابعة ثانوي),LET,Lettres,آداب,bac-lettres,ESPA,Espagnol,الإسبانية,es,True,,2,¿Qué haces cada día?
secondaire,BAC,Baccalauréat (4ème année secondaire),البكالوريا (السنة الرابعة ثانوي),LET,Lettres,آداب,bac-lettres,ESPA,Espagnol,الإسبانية,es,True,,3,¡Por fin el sábado!
secondaire,BAC,Baccalauréat (4ème année secondaire),البكالوريا (السنة الرابعة ثانوي),LET,Lettres,آداب,bac-lettres,ESPA,Espagnol,الإسبانية,es,True,,4,¿Qué plan tienes?
secondaire,BAC,Baccalauréat (4ème année secondaire),البكالوريا (السنة الرابعة ثانوي),LET,Lettres,آداب,bac-lettres,ESPA,Espagnol,الإسبانية,es,True,,5,¿Cómo quedamos?
secondaire,BAC,Baccalauréat (4ème année secondaire),البكالوريا (السنة الرابعة ثانوي),LET,Lettres,آداب,bac-lettres,ESPA,Espagnol,الإسبانية,es,True,,6,¿Vienes conmigo?
secondaire,BAC,Baccalauréat (4ème année secondaire),البكالوريا (السنة الرابعة ثانوي),LET,Lettres,آداب,bac-lettres,ESPA,Espagnol,الإسبانية,es,True,,7,¿Qué has hecho este fin de semana?
secondaire,BAC,Baccalauréat (4ème année secondaire),البكالوريا (السنة الرابعة ثانوي),LET,Lettres,آداب,bac-lettres,ESPA,Espagnol,الإسبانية,es,True,,8,¿Dónde fuiste la semana pasada?
secondaire,BAC,Baccalauréat (4ème année secondaire),البكالوريا (السنة الرابعة ثانوي),LET,Lettres,آداب,bac-lettres,ESPA,Espagnol,الإسبانية,es,True,,9,¡Qué gente tan interesante!
secondaire,BAC,Baccalauréat (4ème année secondaire),البكالوريا (السنة الرابعة ثانوي),LET,Lettres,آداب,bac-lettres,ESPA,Espagnol,الإسبانية,es,True,,10,Cuando yo era niña...
secondaire,BAC,Baccalauréat (4ème année secondaire),البكالوريا (السنة الرابعة ثانوي),LET,Lettres,آداب,bac-lettres,ESPA,Espagnol,الإسبانية,es,True,,11,¡Cómo cambian las cosas!
secondaire,BAC,Baccalauréat (4ème année secondaire),البكالوريا (السنة الرابعة ثانوي),LET,Lettres,آداب,bac-lettres,ESPA,Espagnol,الإسبانية,es,True,,12,¿Qué te pasa?
secondaire,BAC,Baccalauréat (4ème année secondaire),البكالوريا (السنة الرابعة ثانوي),LET,Lettres,آداب,bac-lettres,ITAL,Italien,الإيطالية,it,True,,1,Città o campagna
secondaire,BAC,Baccalauréat (4ème année secondaire),البكالوريا (السنة الرابعة ثانوي),LET,Lettres,آداب,bac-lettres,ITAL,Italien,الإيطالية,it,True,,2,Moda e Made in Italy
secondaire,BAC,Baccalauréat (4ème année secondaire),البكالوريا (السنة الرابعة ثانوي),LET,Lettres,آداب,bac-lettres,ITAL,Italien,الإيطالية,it,True,,3,Sport e benessere
secondaire,BAC,Baccalauréat (4ème année secondaire),البكالوريا (السنة الرابعة ثانوي),LET,Lettres,آداب,bac-lettres,ITAL,Italien,الإيطالية,it,True,,4,Cibo e alimentazione
secondaire,BAC,Baccalauréat (4ème année secondaire),البكالوريا (السنة الرابعة ثانوي),LET,Lettres,آداب,bac-lettres,ITAL,Italien,الإيطالية,it,True,,5,Mass-media e telecomunicazioni
secondaire,BAC,Baccalauréat (4ème année secondaire),البكالوريا (السنة الرابعة ثانوي),LET,Lettres,آداب,bac-lettres,ITAL,Italien,الإيطالية,it,True,,6,Le feste italiane
secondaire,BAC,Baccalauréat (4ème année secondaire),البكالوريا (السنة الرابعة ثانوي),LET,Lettres,آداب,bac-lettres,CHIN,Chinois,الصينية,zh,True,,1,你买了什么东西
secondaire,BAC,Baccalauréat (4ème année secondaire),البكالوريا (السنة الرابعة ثانوي),LET,Lettres,آداب,bac-lettres,CHIN,Chinois,الصينية,zh,True,,2,你们去长城了没有
secondaire,BAC,Baccalauréat (4ème année secondaire),البكالوريا (السنة الرابعة ثانوي),LET,Lettres,آداب,bac-lettres,CHIN,Chinois,الصينية,zh,True,,3,他不去旅行了
secondaire,BAC,Baccalauréat (4ème année secondaire),البكالوريا (السنة الرابعة ثانوي),LET,Lettres,آداب,bac-lettres,CHIN,Chinois,الصينية,zh,True,,4,我上网上两个小时
secondaire,BAC,Baccalauréat (4ème année secondaire),البكالوريا (السنة الرابعة ثانوي),LET,Lettres,آداب,bac-lettres,CHIN,Chinois,الصينية,zh,True,,5,你吃过烤鸭吗
secondaire,BAC,Baccalauréat (4ème année secondaire),البكالوريا (السنة الرابعة ثانوي),LET,Lettres,آداب,bac-lettres,CHIN,Chinois,الصينية,zh,True,,6,我正在打电话
secondaire,BAC,Baccalauréat (4ème année secondaire),البكالوريا (السنة الرابعة ثانوي),LET,Lettres,آداب,bac-lettres,CHIN,Chinois,الصينية,zh,True,,7,学校里边有医院吗
secondaire,BAC,Baccalauréat (4ème année secondaire),البكالوريا (السنة الرابعة ثانوي),LET,Lettres,آداب,bac-lettres,CHIN,Chinois,الصينية,zh,True,,8,你们先进来吧
secondaire,BAC,Baccalauréat (4ème année secondaire),البكالوريا (السنة الرابعة ثانوي),LET,Lettres,آداب,bac-lettres,CHIN,Chinois,الصينية,zh,True,,9,你说对了
secondaire,BAC,Baccalauréat (4ème année secondaire),البكالوريا (السنة الرابعة ثانوي),LET,Lettres,آداب,bac-lettres,CHIN,Chinois,الصينية,zh,True,,10,再见
secondaire,BAC,Baccalauréat (4ème année secondaire),البكالوريا (السنة الرابعة ثانوي),MATH,Mathématiques,رياضيات,bac-mathematiques,ARAB,Arabe,العربية,ar,False,,1,جوانب من الحضارة العربية الإسلامية قديما
secondaire,BAC,Baccalauréat (4ème année secondaire),البكالوريا (السنة الرابعة ثانوي),MATH,Mathématiques,رياضيات,bac-mathematiques,ARAB,Arabe,العربية,ar,False,,2,بعض شواغل الإنسان العربي المعاصر
secondaire,BAC,Baccalauréat (4ème année secondaire),البكالوريا (السنة الرابعة ثانوي),MATH,Mathématiques,رياضيات,bac-mathematiques,FRAN,Français,الفرنسية,fr,False,,1,Souvenirs et nostalgie
secondaire,BAC,Baccalauréat (4ème année secondaire),البكالوريا (السنة الرابعة ثانوي),MATH,Mathématiques,رياضيات,bac-mathematiques,FRAN,Français,الفرنسية,fr,False,,2,Histoires d'amour
secondaire,BAC,Baccalauréat (4ème année secondaire),البكالوريا (السنة الرابعة ثانوي),MATH,Mathématiques,رياضيات,bac-mathematiques,FRAN,Français,الفرنسية,fr,False,,3,"Liberté, j'écris ton nom..."
secondaire,BAC,Baccalauréat (4ème année secondaire),البكالوريا (السنة الرابعة ثانوي),MATH,Mathématiques,رياضيات,bac-mathematiques,FRAN,Français,الفرنسية,fr,False,,4,Module de lecture : Le silence de la mer
secondaire,BAC,Baccalauréat (4ème année secondaire),البكالوريا (السنة الرابعة ثانوي),MATH,Mathématiques,رياضيات,bac-mathematiques,FRAN,Français,الفرنسية,fr,False,,5,Guerre et Paix
secondaire,BAC,Baccalauréat (4ème année secondaire),البكالوريا (السنة الرابعة ثانوي),MATH,Mathématiques,رياضيات,bac-mathematiques,FRAN,Français,الفرنسية,fr,False,,6,L'Homme et la Science
secondaire,BAC,Baccalauréat (4ème année secondaire),البكالوريا (السنة الرابعة ثانوي),MATH,Mathématiques,رياضيات,bac-mathematiques,FRAN,Français,الفرنسية,fr,False,,7,Module de lecture : La Cantatrice chauve
secondaire,BAC,Baccalauréat (4ème année secondaire),البكالوريا (السنة الرابعة ثانوي),MATH,Mathématiques,رياضيات,bac-mathematiques,ANGL,Anglais,الإنجليزية,en,False,,1,First Impressions
secondaire,BAC,Baccalauréat (4ème année secondaire),البكالوريا (السنة الرابعة ثانوي),MATH,Mathématiques,رياضيات,bac-mathematiques,ANGL,Anglais,الإنجليزية,en,False,,2,Art Shows and Holidaying
secondaire,BAC,Baccalauréat (4ème année secondaire),البكالوريا (السنة الرابعة ثانوي),MATH,Mathématiques,رياضيات,bac-mathematiques,ANGL,Anglais,الإنجليزية,en,False,,3,Education Matters
secondaire,BAC,Baccalauréat (4ème année secondaire),البكالوريا (السنة الرابعة ثانوي),MATH,Mathématiques,رياضيات,bac-mathematiques,ANGL,Anglais,الإنجليزية,en,False,,4,Creative Inventive Minds
secondaire,BAC,Baccalauréat (4ème année secondaire),البكالوريا (السنة الرابعة ثانوي),MATH,Mathématiques,رياضيات,bac-mathematiques,ANGL,Anglais,الإنجليزية,en,False,,5,Life Issues
secondaire,BAC,Baccalauréat (4ème année secondaire),البكالوريا (السنة الرابعة ثانوي),MATH,Mathématiques,رياضيات,bac-mathematiques,MATH,Mathématiques,الرياضيات,fr,False,,1,Continuité et limites
secondaire,BAC,Baccalauréat (4ème année secondaire),البكالوريا (السنة الرابعة ثانوي),MATH,Mathématiques,رياضيات,bac-mathematiques,MATH,Mathématiques,الرياضيات,fr,False,,2,Suites réelles
secondaire,BAC,Baccalauréat (4ème année secondaire),البكالوريا (السنة الرابعة ثانوي),MATH,Mathématiques,رياضيات,bac-mathematiques,MATH,Mathématiques,الرياضيات,fr,False,,3,Dérivabilité
secondaire,BAC,Baccalauréat (4ème année secondaire),البكالوريا (السنة الرابعة ثانوي),MATH,Mathématiques,رياضيات,bac-mathematiques,MATH,Mathématiques,الرياضيات,fr,False,,4,Fonctions réciproques
secondaire,BAC,Baccalauréat (4ème année secondaire),البكالوريا (السنة الرابعة ثانوي),MATH,Mathématiques,رياضيات,bac-mathematiques,MATH,Mathématiques,الرياضيات,fr,False,,5,Primitives
secondaire,BAC,Baccalauréat (4ème année secondaire),البكالوريا (السنة الرابعة ثانوي),MATH,Mathématiques,رياضيات,bac-mathematiques,MATH,Mathématiques,الرياضيات,fr,False,,6,Intégrales
secondaire,BAC,Baccalauréat (4ème année secondaire),البكالوريا (السنة الرابعة ثانوي),MATH,Mathématiques,رياضيات,bac-mathematiques,MATH,Mathématiques,الرياضيات,fr,False,,7,Fonction logarithme népérien
secondaire,BAC,Baccalauréat (4ème année secondaire),البكالوريا (السنة الرابعة ثانوي),MATH,Mathématiques,رياضيات,bac-mathematiques,MATH,Mathématiques,الرياضيات,fr,False,,8,Fonction exponentielle
secondaire,BAC,Baccalauréat (4ème année secondaire),البكالوريا (السنة الرابعة ثانوي),MATH,Mathématiques,رياضيات,bac-mathematiques,MATH,Mathématiques,الرياضيات,fr,False,,9,Equations différentielles
secondaire,BAC,Baccalauréat (4ème année secondaire),البكالوريا (السنة الرابعة ثانوي),MATH,Mathématiques,رياضيات,bac-mathematiques,MATH,Mathématiques,الرياضيات,fr,False,,10,Nombres complexes
secondaire,BAC,Baccalauréat (4ème année secondaire),البكالوريا (السنة الرابعة ثانوي),MATH,Mathématiques,رياضيات,bac-mathematiques,MATH,Mathématiques,الرياضيات,fr,False,,11,Isométries du plan
secondaire,BAC,Baccalauréat (4ème année secondaire),البكالوريا (السنة الرابعة ثانوي),MATH,Mathématiques,رياضيات,bac-mathematiques,MATH,Mathématiques,الرياضيات,fr,False,,12,Déplacements – Antidéplacements
secondaire,BAC,Baccalauréat (4ème année secondaire),البكالوريا (السنة الرابعة ثانوي),MATH,Mathématiques,رياضيات,bac-mathematiques,MATH,Mathématiques,الرياضيات,fr,False,,13,Similitudes
secondaire,BAC,Baccalauréat (4ème année secondaire),البكالوريا (السنة الرابعة ثانوي),MATH,Mathématiques,رياضيات,bac-mathematiques,MATH,Mathématiques,الرياضيات,fr,False,,14,Coniques
secondaire,BAC,Baccalauréat (4ème année secondaire),البكالوريا (السنة الرابعة ثانوي),MATH,Mathématiques,رياضيات,bac-mathematiques,MATH,Mathématiques,الرياضيات,fr,False,,15,Géométrie dans l'espace
secondaire,BAC,Baccalauréat (4ème année secondaire),البكالوريا (السنة الرابعة ثانوي),MATH,Mathématiques,رياضيات,bac-mathematiques,MATH,Mathématiques,الرياضيات,fr,False,,16,Divisibilité dans ℤ
secondaire,BAC,Baccalauréat (4ème année secondaire),البكالوريا (السنة الرابعة ثانوي),MATH,Mathématiques,رياضيات,bac-mathematiques,MATH,Mathématiques,الرياضيات,fr,False,,17,Identité de Bezout
secondaire,BAC,Baccalauréat (4ème année secondaire),البكالوريا (السنة الرابعة ثانوي),MATH,Mathématiques,رياضيات,bac-mathematiques,MATH,Mathématiques,الرياضيات,fr,False,,18,Probabilités
secondaire,BAC,Baccalauréat (4ème année secondaire),البكالوريا (السنة الرابعة ثانوي),MATH,Mathématiques,رياضيات,bac-mathematiques,MATH,Mathématiques,الرياضيات,fr,False,,19,Statistiques
secondaire,BAC,Baccalauréat (4ème année secondaire),البكالوريا (السنة الرابعة ثانوي),MATH,Mathématiques,رياضيات,bac-mathematiques,PHYS,Sciences physiques,العلوم الفيزيائية,fr,False,Physique > Évolution de systèmes,1,Le condensateur ; le dipôle RC
secondaire,BAC,Baccalauréat (4ème année secondaire),البكالوريا (السنة الرابعة ثانوي),MATH,Mathématiques,رياضيات,bac-mathematiques,PHYS,Sciences physiques,العلوم الفيزيائية,fr,False,Physique > Évolution de systèmes,2,La bobine ; le dipôle RL
secondaire,BAC,Baccalauréat (4ème année secondaire),البكالوريا (السنة الرابعة ثانوي),MATH,Mathématiques,رياضيات,bac-mathematiques,PHYS,Sciences physiques,العلوم الفيزيائية,fr,False,Physique > Évolution de systèmes,3,Oscillations électriques libres
secondaire,BAC,Baccalauréat (4ème année secondaire),البكالوريا (السنة الرابعة ثانوي),MATH,Mathématiques,رياضيات,bac-mathematiques,PHYS,Sciences physiques,العلوم الفيزيائية,fr,False,Physique > Évolution de systèmes,4,Oscillations électriques forcées en régime sinusoïdal
secondaire,BAC,Baccalauréat (4ème année secondaire),البكالوريا (السنة الرابعة ثانوي),MATH,Mathématiques,رياضيات,bac-mathematiques,PHYS,Sciences physiques,العلوم الفيزيائية,fr,False,Physique > Évolution de systèmes,5,Oscillations libres d'un pendule élastique
secondaire,BAC,Baccalauréat (4ème année secondaire),البكالوريا (السنة الرابعة ثانوي),MATH,Mathématiques,رياضيات,bac-mathematiques,PHYS,Sciences physiques,العلوم الفيزيائية,fr,False,Physique > Évolution de systèmes,6,Oscillations forcées d'un pendule élastique en régime sinusoïdal
secondaire,BAC,Baccalauréat (4ème année secondaire),البكالوريا (السنة الرابعة ثانوي),MATH,Mathématiques,رياضيات,bac-mathematiques,PHYS,Sciences physiques,العلوم الفيزيائية,fr,False,Physique > Ondes,7,Ondes mécaniques progressives
secondaire,BAC,Baccalauréat (4ème année secondaire),البكالوريا (السنة الرابعة ثانوي),MATH,Mathématiques,رياضيات,bac-mathematiques,PHYS,Sciences physiques,العلوم الفيزيائية,fr,False,Physique > Ondes,8,Nature ondulatoire de la lumière
secondaire,BAC,Baccalauréat (4ème année secondaire),البكالوريا (السنة الرابعة ثانوي),MATH,Mathématiques,رياضيات,bac-mathematiques,PHYS,Sciences physiques,العلوم الفيزيائية,fr,False,Physique > Physique atomique et nucléaire,9,Spectre atomique
secondaire,BAC,Baccalauréat (4ème année secondaire),البكالوريا (السنة الرابعة ثانوي),MATH,Mathématiques,رياضيات,bac-mathematiques,PHYS,Sciences physiques,العلوم الفيزيائية,fr,False,Physique > Physique atomique et nucléaire,10,Le noyau atomique
secondaire,BAC,Baccalauréat (4ème année secondaire),البكالوريا (السنة الرابعة ثانوي),MATH,Mathématiques,رياضيات,bac-mathematiques,PHYS,Sciences physiques,العلوم الفيزيائية,fr,False,Physique > Physique atomique et nucléaire,11,Réactions nucléaires
secondaire,BAC,Baccalauréat (4ème année secondaire),البكالوريا (السنة الرابعة ثانوي),MATH,Mathématiques,رياضيات,bac-mathematiques,PHYS,Sciences physiques,العلوم الفيزيائية,fr,False,Chimie > Cinétique chimique,12,Notion d'avancement d'une réaction
secondaire,BAC,Baccalauréat (4ème année secondaire),البكالوريا (السنة الرابعة ثانوي),MATH,Mathématiques,رياضيات,bac-mathematiques,PHYS,Sciences physiques,العلوم الفيزيائية,fr,False,Chimie > Cinétique chimique,13,Vitesse d'une réaction chimique
secondaire,BAC,Baccalauréat (4ème année secondaire),البكالوريا (السنة الرابعة ثانوي),MATH,Mathématiques,رياضيات,bac-mathematiques,PHYS,Sciences physiques,العلوم الفيزيائية,fr,False,Chimie > Cinétique chimique,14,Principaux facteurs cinétiques
secondaire,BAC,Baccalauréat (4ème année secondaire),البكالوريا (السنة الرابعة ثانوي),MATH,Mathématiques,رياضيات,bac-mathematiques,PHYS,Sciences physiques,العلوم الفيزيائية,fr,False,Chimie > Équilibre chimique,15,Notion d'équilibre chimique
secondaire,BAC,Baccalauréat (4ème année secondaire),البكالوريا (السنة الرابعة ثانوي),MATH,Mathématiques,رياضيات,bac-mathematiques,PHYS,Sciences physiques,العلوم الفيزيائية,fr,False,Chimie > Équilibre chimique,16,Loi d'action de masse - Conditions d'évolution spontanée
secondaire,BAC,Baccalauréat (4ème année secondaire),البكالوريا (السنة الرابعة ثانوي),MATH,Mathématiques,رياضيات,bac-mathematiques,PHYS,Sciences physiques,العلوم الفيزيائية,fr,False,Chimie > Équilibre chimique,17,Déplacement des équilibres chimiques - Loi de modération
secondaire,BAC,Baccalauréat (4ème année secondaire),البكالوريا (السنة الرابعة ثانوي),MATH,Mathématiques,رياضيات,bac-mathematiques,PHYS,Sciences physiques,العلوم الفيزيائية,fr,False,Chimie > Les réactions acide-base,18,Application de la loi d'action de masse aux réactions acide-base
secondaire,BAC,Baccalauréat (4ème année secondaire),البكالوريا (السنة الرابعة ثانوي),MATH,Mathématiques,رياضيات,bac-mathematiques,PHYS,Sciences physiques,العلوم الفيزيائية,fr,False,Chimie > Les réactions acide-base,19,pH des solutions aqueuses
secondaire,BAC,Baccalauréat (4ème année secondaire),البكالوريا (السنة الرابعة ثانوي),MATH,Mathématiques,رياضيات,bac-mathematiques,PHYS,Sciences physiques,العلوم الفيزيائية,fr,False,Chimie > Les réactions acide-base,20,Variation du pH au cours d'une réaction entre un acide et une base
secondaire,BAC,Baccalauréat (4ème année secondaire),البكالوريا (السنة الرابعة ثانوي),MATH,Mathématiques,رياضيات,bac-mathematiques,PHYS,Sciences physiques,العلوم الفيزيائية,fr,False,Chimie > Piles électrochimiques,21,Piles du type pile Daniell
secondaire,BAC,Baccalauréat (4ème année secondaire),البكالوريا (السنة الرابعة ثانوي),MATH,Mathématiques,رياضيات,bac-mathematiques,PHYS,Sciences physiques,العلوم الفيزيائية,fr,False,Chimie > Piles électrochimiques,22,Potentiel standard d'un couple redox et pouvoir oxydant de sa forme oxydée
secondaire,BAC,Baccalauréat (4ème année secondaire),البكالوريا (السنة الرابعة ثانوي),MATH,Mathématiques,رياضيات,bac-mathematiques,PHYS,Sciences physiques,العلوم الفيزيائية,fr,False,Chimie > Piles électrochimiques,23,Piles alcalines
secondaire,BAC,Baccalauréat (4ème année secondaire),البكالوريا (السنة الرابعة ثانوي),MATH,Mathématiques,رياضيات,bac-mathematiques,SVT,Sciences de la vie et de la terre,علوم الحياة والأرض,fr,False,Neurophysiologie,1,Le tissu nerveux
secondaire,BAC,Baccalauréat (4ème année secondaire),البكالوريا (السنة الرابعة ثانوي),MATH,Mathématiques,رياضيات,bac-mathematiques,SVT,Sciences de la vie et de la terre,علوم الحياة والأرض,fr,False,Neurophysiologie,2,L'activité réflexe
secondaire,BAC,Baccalauréat (4ème année secondaire),البكالوريا (السنة الرابعة ثانوي),MATH,Mathématiques,رياضيات,bac-mathematiques,SVT,Sciences de la vie et de la terre,علوم الحياة والأرض,fr,False,Neurophysiologie,3,L'hygiène du système nerveux
secondaire,BAC,Baccalauréat (4ème année secondaire),البكالوريا (السنة الرابعة ثانوي),MATH,Mathématiques,رياضيات,bac-mathematiques,SVT,Sciences de la vie et de la terre,علوم الحياة والأرض,fr,False,Reproduction humaine et santé,4,La fonction reproductrice chez l'homme
secondaire,BAC,Baccalauréat (4ème année secondaire),البكالوريا (السنة الرابعة ثانوي),MATH,Mathématiques,رياضيات,bac-mathematiques,SVT,Sciences de la vie et de la terre,علوم الحياة والأرض,fr,False,Reproduction humaine et santé,5,La fonction reproductrice chez la femme
secondaire,BAC,Baccalauréat (4ème année secondaire),البكالوريا (السنة الرابعة ثانوي),MATH,Mathématiques,رياضيات,bac-mathematiques,SVT,Sciences de la vie et de la terre,علوم الحياة والأرض,fr,False,Reproduction humaine et santé,6,La procréation
secondaire,BAC,Baccalauréat (4ème année secondaire),البكالوريا (السنة الرابعة ثانوي),MATH,Mathématiques,رياضيات,bac-mathematiques,SVT,Sciences de la vie et de la terre,علوم الحياة والأرض,fr,False,Génétique humaine,7,Déterminer le mode de transmission des tares héréditaires
secondaire,BAC,Baccalauréat (4ème année secondaire),البكالوريا (السنة الرابعة ثانوي),MATH,Mathématiques,رياضيات,bac-mathematiques,SVT,Sciences de la vie et de la terre,علوم الحياة والأرض,fr,False,Génétique humaine,8,Analyser le caryotype normal
secondaire,BAC,Baccalauréat (4ème année secondaire),البكالوريا (السنة الرابعة ثانوي),MATH,Mathématiques,رياضيات,bac-mathematiques,SVT,Sciences de la vie et de la terre,علوم الحياة والأرض,fr,False,Génétique humaine,9,Détecter les anomalies chromosomiques
secondaire,BAC,Baccalauréat (4ème année secondaire),البكالوريا (السنة الرابعة ثانوي),MATH,Mathématiques,رياضيات,bac-mathematiques,SVT,Sciences de la vie et de la terre,علوم الحياة والأرض,fr,False,Génétique humaine,10,Détecter les anomalies géniques
secondaire,BAC,Baccalauréat (4ème année secondaire),البكالوريا (السنة الرابعة ثانوي),MATH,Mathématiques,رياضيات,bac-mathematiques,PHILO,Philosophie,الفلسفة,ar,False,الإنسان بين الكثرة والوحدة,1,الإنية والغيرية
secondaire,BAC,Baccalauréat (4ème année secondaire),البكالوريا (السنة الرابعة ثانوي),MATH,Mathématiques,رياضيات,bac-mathematiques,PHILO,Philosophie,الفلسفة,ar,False,الإنسان بين الكثرة والوحدة,2,الخصوصية والكونية
secondaire,BAC,Baccalauréat (4ème année secondaire),البكالوريا (السنة الرابعة ثانوي),MATH,Mathématiques,رياضيات,bac-mathematiques,PHILO,Philosophie,الفلسفة,ar,False,الحقيقة,3,العلم بين الحقيقة والنمذجة
secondaire,BAC,Baccalauréat (4ème année secondaire),البكالوريا (السنة الرابعة ثانوي),MATH,Mathématiques,رياضيات,bac-mathematiques,PHILO,Philosophie,الفلسفة,ar,False,القيم بين النسبي والمطلق,4,الدولة: السيادة والمواطنة
secondaire,BAC,Baccalauréat (4ème année secondaire),البكالوريا (السنة الرابعة ثانوي),MATH,Mathématiques,رياضيات,bac-mathematiques,PHILO,Philosophie,الفلسفة,ar,False,القيم بين النسبي والمطلق,5,الأخلاق: الخير والسعادة
secondaire,BAC,Baccalauréat (4ème année secondaire),البكالوريا (السنة الرابعة ثانوي),MATH,Mathématiques,رياضيات,bac-mathematiques,ALLEM,Allemand,الألمانية,de,True,,1,Feste und fröhliche Ereignisse
secondaire,BAC,Baccalauréat (4ème année secondaire),البكالوريا (السنة الرابعة ثانوي),MATH,Mathématiques,رياضيات,bac-mathematiques,ALLEM,Allemand,الألمانية,de,True,,2,Städte und Verkehrsmittel
secondaire,BAC,Baccalauréat (4ème année secondaire),البكالوريا (السنة الرابعة ثانوي),MATH,Mathématiques,رياضيات,bac-mathematiques,ALLEM,Allemand,الألمانية,de,True,,3,Aussehen und Charakter
secondaire,BAC,Baccalauréat (4ème année secondaire),البكالوريا (السنة الرابعة ثانوي),MATH,Mathématiques,رياضيات,bac-mathematiques,ALLEM,Allemand,الألمانية,de,True,,4,Schule und Beruf
secondaire,BAC,Baccalauréat (4ème année secondaire),البكالوريا (السنة الرابعة ثانوي),MATH,Mathématiques,رياضيات,bac-mathematiques,ALLEM,Allemand,الألمانية,de,True,,5,Massenmedien
secondaire,BAC,Baccalauréat (4ème année secondaire),البكالوريا (السنة الرابعة ثانوي),MATH,Mathématiques,رياضيات,bac-mathematiques,ESPA,Espagnol,الإسبانية,es,True,,1,¿Qué hora es?
secondaire,BAC,Baccalauréat (4ème année secondaire),البكالوريا (السنة الرابعة ثانوي),MATH,Mathématiques,رياضيات,bac-mathematiques,ESPA,Espagnol,الإسبانية,es,True,,2,¿Qué haces cada día?
secondaire,BAC,Baccalauréat (4ème année secondaire),البكالوريا (السنة الرابعة ثانوي),MATH,Mathématiques,رياضيات,bac-mathematiques,ESPA,Espagnol,الإسبانية,es,True,,3,¡Por fin el sábado!
secondaire,BAC,Baccalauréat (4ème année secondaire),البكالوريا (السنة الرابعة ثانوي),MATH,Mathématiques,رياضيات,bac-mathematiques,ESPA,Espagnol,الإسبانية,es,True,,4,¿Qué plan tienes?
secondaire,BAC,Baccalauréat (4ème année secondaire),البكالوريا (السنة الرابعة ثانوي),MATH,Mathématiques,رياضيات,bac-mathematiques,ESPA,Espagnol,الإسبانية,es,True,,5,¿Cómo quedamos?
secondaire,BAC,Baccalauréat (4ème année secondaire),البكالوريا (السنة الرابعة ثانوي),MATH,Mathématiques,رياضيات,bac-mathematiques,ESPA,Espagnol,الإسبانية,es,True,,6,¿Vienes conmigo?
secondaire,BAC,Baccalauréat (4ème année secondaire),البكالوريا (السنة الرابعة ثانوي),MATH,Mathématiques,رياضيات,bac-mathematiques,ESPA,Espagnol,الإسبانية,es,True,,7,¿Qué has hecho este fin de semana?
secondaire,BAC,Baccalauréat (4ème année secondaire),البكالوريا (السنة الرابعة ثانوي),MATH,Mathématiques,رياضيات,bac-mathematiques,ESPA,Espagnol,الإسبانية,es,True,,8,¿Dónde fuiste la semana pasada?
secondaire,BAC,Baccalauréat (4ème année secondaire),البكالوريا (السنة الرابعة ثانوي),MATH,Mathématiques,رياضيات,bac-mathematiques,ESPA,Espagnol,الإسبانية,es,True,,9,¡Qué gente tan interesante!
secondaire,BAC,Baccalauréat (4ème année secondaire),البكالوريا (السنة الرابعة ثانوي),MATH,Mathématiques,رياضيات,bac-mathematiques,ESPA,Espagnol,الإسبانية,es,True,,10,Cuando yo era niña...
secondaire,BAC,Baccalauréat (4ème année secondaire),البكالوريا (السنة الرابعة ثانوي),MATH,Mathématiques,رياضيات,bac-mathematiques,ESPA,Espagnol,الإسبانية,es,True,,11,¡Cómo cambian las cosas!
secondaire,BAC,Baccalauréat (4ème année secondaire),البكالوريا (السنة الرابعة ثانوي),MATH,Mathématiques,رياضيات,bac-mathematiques,ESPA,Espagnol,الإسبانية,es,True,,12,¿Qué te pasa?
secondaire,BAC,Baccalauréat (4ème année secondaire),البكالوريا (السنة الرابعة ثانوي),MATH,Mathématiques,رياضيات,bac-mathematiques,ITAL,Italien,الإيطالية,it,True,,1,Città o campagna
secondaire,BAC,Baccalauréat (4ème année secondaire),البكالوريا (السنة الرابعة ثانوي),MATH,Mathématiques,رياضيات,bac-mathematiques,ITAL,Italien,الإيطالية,it,True,,2,Moda e Made in Italy
secondaire,BAC,Baccalauréat (4ème année secondaire),البكالوريا (السنة الرابعة ثانوي),MATH,Mathématiques,رياضيات,bac-mathematiques,ITAL,Italien,الإيطالية,it,True,,3,Sport e benessere
secondaire,BAC,Baccalauréat (4ème année secondaire),البكالوريا (السنة الرابعة ثانوي),MATH,Mathématiques,رياضيات,bac-mathematiques,ITAL,Italien,الإيطالية,it,True,,4,Cibo e alimentazione
secondaire,BAC,Baccalauréat (4ème année secondaire),البكالوريا (السنة الرابعة ثانوي),MATH,Mathématiques,رياضيات,bac-mathematiques,ITAL,Italien,الإيطالية,it,True,,5,Mass-media e telecomunicazioni
secondaire,BAC,Baccalauréat (4ème année secondaire),البكالوريا (السنة الرابعة ثانوي),MATH,Mathématiques,رياضيات,bac-mathematiques,ITAL,Italien,الإيطالية,it,True,,6,Le feste italiane
secondaire,BAC,Baccalauréat (4ème année secondaire),البكالوريا (السنة الرابعة ثانوي),MATH,Mathématiques,رياضيات,bac-mathematiques,CHIN,Chinois,الصينية,zh,True,,1,你买了什么东西
secondaire,BAC,Baccalauréat (4ème année secondaire),البكالوريا (السنة الرابعة ثانوي),MATH,Mathématiques,رياضيات,bac-mathematiques,CHIN,Chinois,الصينية,zh,True,,2,你们去长城了没有
secondaire,BAC,Baccalauréat (4ème année secondaire),البكالوريا (السنة الرابعة ثانوي),MATH,Mathématiques,رياضيات,bac-mathematiques,CHIN,Chinois,الصينية,zh,True,,3,他不去旅行了
secondaire,BAC,Baccalauréat (4ème année secondaire),البكالوريا (السنة الرابعة ثانوي),MATH,Mathématiques,رياضيات,bac-mathematiques,CHIN,Chinois,الصينية,zh,True,,4,我上网上两个小时
secondaire,BAC,Baccalauréat (4ème année secondaire),البكالوريا (السنة الرابعة ثانوي),MATH,Mathématiques,رياضيات,bac-mathematiques,CHIN,Chinois,الصينية,zh,True,,5,你吃过烤鸭吗
secondaire,BAC,Baccalauréat (4ème année secondaire),البكالوريا (السنة الرابعة ثانوي),MATH,Mathématiques,رياضيات,bac-mathematiques,CHIN,Chinois,الصينية,zh,True,,6,我正在打电话
secondaire,BAC,Baccalauréat (4ème année secondaire),البكالوريا (السنة الرابعة ثانوي),MATH,Mathématiques,رياضيات,bac-mathematiques,CHIN,Chinois,الصينية,zh,True,,7,学校里边有医院吗
secondaire,BAC,Baccalauréat (4ème année secondaire),البكالوريا (السنة الرابعة ثانوي),MATH,Mathématiques,رياضيات,bac-mathematiques,CHIN,Chinois,الصينية,zh,True,,8,你们先进来吧
secondaire,BAC,Baccalauréat (4ème année secondaire),البكالوريا (السنة الرابعة ثانوي),MATH,Mathématiques,رياضيات,bac-mathematiques,CHIN,Chinois,الصينية,zh,True,,9,你说对了
secondaire,BAC,Baccalauréat (4ème année secondaire),البكالوريا (السنة الرابعة ثانوي),MATH,Mathématiques,رياضيات,bac-mathematiques,CHIN,Chinois,الصينية,zh,True,,10,再见
secondaire,BAC,Baccalauréat (4ème année secondaire),البكالوريا (السنة الرابعة ثانوي),SCEXP,Sciences expérimentales,علوم تجريبية,bac-sciences-experimentales,ARAB,Arabe,العربية,ar,False,,1,جوانب من الحضارة العربية الإسلامية قديما
secondaire,BAC,Baccalauréat (4ème année secondaire),البكالوريا (السنة الرابعة ثانوي),SCEXP,Sciences expérimentales,علوم تجريبية,bac-sciences-experimentales,ARAB,Arabe,العربية,ar,False,,2,بعض شواغل الإنسان العربي المعاصر
secondaire,BAC,Baccalauréat (4ème année secondaire),البكالوريا (السنة الرابعة ثانوي),SCEXP,Sciences expérimentales,علوم تجريبية,bac-sciences-experimentales,FRAN,Français,الفرنسية,fr,False,,1,Souvenirs et nostalgie
secondaire,BAC,Baccalauréat (4ème année secondaire),البكالوريا (السنة الرابعة ثانوي),SCEXP,Sciences expérimentales,علوم تجريبية,bac-sciences-experimentales,FRAN,Français,الفرنسية,fr,False,,2,Histoires d'amour
secondaire,BAC,Baccalauréat (4ème année secondaire),البكالوريا (السنة الرابعة ثانوي),SCEXP,Sciences expérimentales,علوم تجريبية,bac-sciences-experimentales,FRAN,Français,الفرنسية,fr,False,,3,"Liberté, j'écris ton nom..."
secondaire,BAC,Baccalauréat (4ème année secondaire),البكالوريا (السنة الرابعة ثانوي),SCEXP,Sciences expérimentales,علوم تجريبية,bac-sciences-experimentales,FRAN,Français,الفرنسية,fr,False,,4,Module de lecture : Le silence de la mer
secondaire,BAC,Baccalauréat (4ème année secondaire),البكالوريا (السنة الرابعة ثانوي),SCEXP,Sciences expérimentales,علوم تجريبية,bac-sciences-experimentales,FRAN,Français,الفرنسية,fr,False,,5,Guerre et Paix
secondaire,BAC,Baccalauréat (4ème année secondaire),البكالوريا (السنة الرابعة ثانوي),SCEXP,Sciences expérimentales,علوم تجريبية,bac-sciences-experimentales,FRAN,Français,الفرنسية,fr,False,,6,L'Homme et la Science
secondaire,BAC,Baccalauréat (4ème année secondaire),البكالوريا (السنة الرابعة ثانوي),SCEXP,Sciences expérimentales,علوم تجريبية,bac-sciences-experimentales,FRAN,Français,الفرنسية,fr,False,,7,Module de lecture : La Cantatrice chauve
secondaire,BAC,Baccalauréat (4ème année secondaire),البكالوريا (السنة الرابعة ثانوي),SCEXP,Sciences expérimentales,علوم تجريبية,bac-sciences-experimentales,ANGL,Anglais,الإنجليزية,en,False,,1,First Impressions
secondaire,BAC,Baccalauréat (4ème année secondaire),البكالوريا (السنة الرابعة ثانوي),SCEXP,Sciences expérimentales,علوم تجريبية,bac-sciences-experimentales,ANGL,Anglais,الإنجليزية,en,False,,2,Art Shows and Holidaying
secondaire,BAC,Baccalauréat (4ème année secondaire),البكالوريا (السنة الرابعة ثانوي),SCEXP,Sciences expérimentales,علوم تجريبية,bac-sciences-experimentales,ANGL,Anglais,الإنجليزية,en,False,,3,Education Matters
secondaire,BAC,Baccalauréat (4ème année secondaire),البكالوريا (السنة الرابعة ثانوي),SCEXP,Sciences expérimentales,علوم تجريبية,bac-sciences-experimentales,ANGL,Anglais,الإنجليزية,en,False,,4,Creative Inventive Minds
secondaire,BAC,Baccalauréat (4ème année secondaire),البكالوريا (السنة الرابعة ثانوي),SCEXP,Sciences expérimentales,علوم تجريبية,bac-sciences-experimentales,ANGL,Anglais,الإنجليزية,en,False,,5,Life Issues
secondaire,BAC,Baccalauréat (4ème année secondaire),البكالوريا (السنة الرابعة ثانوي),SCEXP,Sciences expérimentales,علوم تجريبية,bac-sciences-experimentales,SVT,Sciences de la vie et de la terre,علوم الحياة والأرض,fr,False,Reproduction humaine et santé,1,La fonction reproductrice chez l'homme
secondaire,BAC,Baccalauréat (4ème année secondaire),البكالوريا (السنة الرابعة ثانوي),SCEXP,Sciences expérimentales,علوم تجريبية,bac-sciences-experimentales,SVT,Sciences de la vie et de la terre,علوم الحياة والأرض,fr,False,Reproduction humaine et santé,2,La fonction reproductrice chez la femme
secondaire,BAC,Baccalauréat (4ème année secondaire),البكالوريا (السنة الرابعة ثانوي),SCEXP,Sciences expérimentales,علوم تجريبية,bac-sciences-experimentales,SVT,Sciences de la vie et de la terre,علوم الحياة والأرض,fr,False,Reproduction humaine et santé,3,La procréation
secondaire,BAC,Baccalauréat (4ème année secondaire),البكالوريا (السنة الرابعة ثانوي),SCEXP,Sciences expérimentales,علوم تجريبية,bac-sciences-experimentales,SVT,Sciences de la vie et de la terre,علوم الحياة والأرض,fr,False,Génétique,4,Le brassage de l'information génétique
secondaire,BAC,Baccalauréat (4ème année secondaire),البكالوريا (السنة الرابعة ثانوي),SCEXP,Sciences expérimentales,علوم تجريبية,bac-sciences-experimentales,SVT,Sciences de la vie et de la terre,علوم الحياة والأرض,fr,False,Génétique,5,La génétique humaine
secondaire,BAC,Baccalauréat (4ème année secondaire),البكالوريا (السنة الرابعة ثانوي),SCEXP,Sciences expérimentales,علوم تجريبية,bac-sciences-experimentales,SVT,Sciences de la vie et de la terre,علوم الحياة والأرض,fr,False,L'évolution biologique,6,Argumenter l'évolution par les données de l'anatomie comparée
secondaire,BAC,Baccalauréat (4ème année secondaire),البكالوريا (السنة الرابعة ثانوي),SCEXP,Sciences expérimentales,علوم تجريبية,bac-sciences-experimentales,SVT,Sciences de la vie et de la terre,علوم الحياة والأرض,fr,False,L'évolution biologique,7,Argumenter l'évolution à partir de la comparaison d'embryons de vertébrés
secondaire,BAC,Baccalauréat (4ème année secondaire),البكالوريا (السنة الرابعة ثانوي),SCEXP,Sciences expérimentales,علوم تجريبية,bac-sciences-experimentales,SVT,Sciences de la vie et de la terre,علوم الحياة والأرض,fr,False,L'évolution biologique,8,Argumenter l'évolution par des données de la biologie moléculaire
secondaire,BAC,Baccalauréat (4ème année secondaire),البكالوريا (السنة الرابعة ثانوي),SCEXP,Sciences expérimentales,علوم تجريبية,bac-sciences-experimentales,SVT,Sciences de la vie et de la terre,علوم الحياة والأرض,fr,False,L'évolution biologique,9,Expliquer les mécanismes de l'évolution
secondaire,BAC,Baccalauréat (4ème année secondaire),البكالوريا (السنة الرابعة ثانوي),SCEXP,Sciences expérimentales,علوم تجريبية,bac-sciences-experimentales,SVT,Sciences de la vie et de la terre,علوم الحياة والأرض,fr,False,L'évolution biologique,10,Dégager les mécanismes de la spéciation
secondaire,BAC,Baccalauréat (4ème année secondaire),البكالوريا (السنة الرابعة ثانوي),SCEXP,Sciences expérimentales,علوم تجريبية,bac-sciences-experimentales,SVT,Sciences de la vie et de la terre,علوم الحياة والأرض,fr,False,Neurophysiologie,11,Le tissu nerveux
secondaire,BAC,Baccalauréat (4ème année secondaire),البكالوريا (السنة الرابعة ثانوي),SCEXP,Sciences expérimentales,علوم تجريبية,bac-sciences-experimentales,SVT,Sciences de la vie et de la terre,علوم الحياة والأرض,fr,False,Neurophysiologie,12,Étude d'une réaction motrice : le réflexe myotatique
secondaire,BAC,Baccalauréat (4ème année secondaire),البكالوريا (السنة الرابعة ثانوي),SCEXP,Sciences expérimentales,علوم تجريبية,bac-sciences-experimentales,SVT,Sciences de la vie et de la terre,علوم الحياة والأرض,fr,False,Neurophysiologie,13,Étude du fonctionnement d'un effecteur moteur : le fonctionnement du muscle squelettique
secondaire,BAC,Baccalauréat (4ème année secondaire),البكالوريا (السنة الرابعة ثانوي),SCEXP,Sciences expérimentales,علوم تجريبية,bac-sciences-experimentales,SVT,Sciences de la vie et de la terre,علوم الحياة والأرض,fr,False,Neurophysiologie,14,La régulation de la pression artérielle
secondaire,BAC,Baccalauréat (4ème année secondaire),البكالوريا (السنة الرابعة ثانوي),SCEXP,Sciences expérimentales,علوم تجريبية,bac-sciences-experimentales,SVT,Sciences de la vie et de la terre,علوم الحياة والأرض,fr,False,Neurophysiologie,15,L'hygiène du système nerveux
secondaire,BAC,Baccalauréat (4ème année secondaire),البكالوريا (السنة الرابعة ثانوي),SCEXP,Sciences expérimentales,علوم تجريبية,bac-sciences-experimentales,SVT,Sciences de la vie et de la terre,علوم الحياة والأرض,fr,False,L'immunité,16,Le soi et le non soi
secondaire,BAC,Baccalauréat (4ème année secondaire),البكالوريا (السنة الرابعة ثانوي),SCEXP,Sciences expérimentales,علوم تجريبية,bac-sciences-experimentales,SVT,Sciences de la vie et de la terre,علوم الحياة والأرض,fr,False,L'immunité,17,Les acteurs de l'immunité spécifique
secondaire,BAC,Baccalauréat (4ème année secondaire),البكالوريا (السنة الرابعة ثانوي),SCEXP,Sciences expérimentales,علوم تجريبية,bac-sciences-experimentales,SVT,Sciences de la vie et de la terre,علوم الحياة والأرض,fr,False,L'immunité,18,Le déroulement de la réponse immunitaire spécifique
secondaire,BAC,Baccalauréat (4ème année secondaire),البكالوريا (السنة الرابعة ثانوي),SCEXP,Sciences expérimentales,علوم تجريبية,bac-sciences-experimentales,SVT,Sciences de la vie et de la terre,علوم الحياة والأرض,fr,False,L'immunité,19,Le dysfonctionnement du système immunitaire
secondaire,BAC,Baccalauréat (4ème année secondaire),البكالوريا (السنة الرابعة ثانوي),SCEXP,Sciences expérimentales,علوم تجريبية,bac-sciences-experimentales,PHYS,Sciences physiques,العلوم الفيزيائية,fr,False,Physique > Évolution de systèmes,1,Le condensateur ; le dipôle RC
secondaire,BAC,Baccalauréat (4ème année secondaire),البكالوريا (السنة الرابعة ثانوي),SCEXP,Sciences expérimentales,علوم تجريبية,bac-sciences-experimentales,PHYS,Sciences physiques,العلوم الفيزيائية,fr,False,Physique > Évolution de systèmes,2,La bobine ; le dipôle RL
secondaire,BAC,Baccalauréat (4ème année secondaire),البكالوريا (السنة الرابعة ثانوي),SCEXP,Sciences expérimentales,علوم تجريبية,bac-sciences-experimentales,PHYS,Sciences physiques,العلوم الفيزيائية,fr,False,Physique > Évolution de systèmes,3,Oscillations électriques libres
secondaire,BAC,Baccalauréat (4ème année secondaire),البكالوريا (السنة الرابعة ثانوي),SCEXP,Sciences expérimentales,علوم تجريبية,bac-sciences-experimentales,PHYS,Sciences physiques,العلوم الفيزيائية,fr,False,Physique > Évolution de systèmes,4,Oscillations électriques forcées en régime sinusoïdal
secondaire,BAC,Baccalauréat (4ème année secondaire),البكالوريا (السنة الرابعة ثانوي),SCEXP,Sciences expérimentales,علوم تجريبية,bac-sciences-experimentales,PHYS,Sciences physiques,العلوم الفيزيائية,fr,False,Physique > Évolution de systèmes,5,Oscillations libres d'un pendule élastique
secondaire,BAC,Baccalauréat (4ème année secondaire),البكالوريا (السنة الرابعة ثانوي),SCEXP,Sciences expérimentales,علوم تجريبية,bac-sciences-experimentales,PHYS,Sciences physiques,العلوم الفيزيائية,fr,False,Physique > Évolution de systèmes,6,Oscillations forcées d'un pendule élastique en régime sinusoïdal
secondaire,BAC,Baccalauréat (4ème année secondaire),البكالوريا (السنة الرابعة ثانوي),SCEXP,Sciences expérimentales,علوم تجريبية,bac-sciences-experimentales,PHYS,Sciences physiques,العلوم الفيزيائية,fr,False,Physique > Ondes,7,Ondes mécaniques progressives
secondaire,BAC,Baccalauréat (4ème année secondaire),البكالوريا (السنة الرابعة ثانوي),SCEXP,Sciences expérimentales,علوم تجريبية,bac-sciences-experimentales,PHYS,Sciences physiques,العلوم الفيزيائية,fr,False,Physique > Ondes,8,Nature ondulatoire de la lumière
secondaire,BAC,Baccalauréat (4ème année secondaire),البكالوريا (السنة الرابعة ثانوي),SCEXP,Sciences expérimentales,علوم تجريبية,bac-sciences-experimentales,PHYS,Sciences physiques,العلوم الفيزيائية,fr,False,Physique > Physique atomique et nucléaire,9,Spectre atomique
secondaire,BAC,Baccalauréat (4ème année secondaire),البكالوريا (السنة الرابعة ثانوي),SCEXP,Sciences expérimentales,علوم تجريبية,bac-sciences-experimentales,PHYS,Sciences physiques,العلوم الفيزيائية,fr,False,Physique > Physique atomique et nucléaire,10,Le noyau atomique
secondaire,BAC,Baccalauréat (4ème année secondaire),البكالوريا (السنة الرابعة ثانوي),SCEXP,Sciences expérimentales,علوم تجريبية,bac-sciences-experimentales,PHYS,Sciences physiques,العلوم الفيزيائية,fr,False,Physique > Physique atomique et nucléaire,11,Réactions nucléaires
secondaire,BAC,Baccalauréat (4ème année secondaire),البكالوريا (السنة الرابعة ثانوي),SCEXP,Sciences expérimentales,علوم تجريبية,bac-sciences-experimentales,PHYS,Sciences physiques,العلوم الفيزيائية,fr,False,Chimie > Cinétique chimique,12,Avancement d'une réaction chimique
secondaire,BAC,Baccalauréat (4ème année secondaire),البكالوريا (السنة الرابعة ثانوي),SCEXP,Sciences expérimentales,علوم تجريبية,bac-sciences-experimentales,PHYS,Sciences physiques,العلوم الفيزيائية,fr,False,Chimie > Cinétique chimique,13,Vitesse d'une réaction chimique
secondaire,BAC,Baccalauréat (4ème année secondaire),البكالوريا (السنة الرابعة ثانوي),SCEXP,Sciences expérimentales,علوم تجريبية,bac-sciences-experimentales,PHYS,Sciences physiques,العلوم الفيزيائية,fr,False,Chimie > Cinétique chimique,14,Principaux facteurs cinétiques
secondaire,BAC,Baccalauréat (4ème année secondaire),البكالوريا (السنة الرابعة ثانوي),SCEXP,Sciences expérimentales,علوم تجريبية,bac-sciences-experimentales,PHYS,Sciences physiques,العلوم الفيزيائية,fr,False,Chimie > Équilibre chimique,15,Notion d'équilibre chimique
secondaire,BAC,Baccalauréat (4ème année secondaire),البكالوريا (السنة الرابعة ثانوي),SCEXP,Sciences expérimentales,علوم تجريبية,bac-sciences-experimentales,PHYS,Sciences physiques,العلوم الفيزيائية,fr,False,Chimie > Équilibre chimique,16,Loi d'action de masse - Conditions d'évolution spontanée
secondaire,BAC,Baccalauréat (4ème année secondaire),البكالوريا (السنة الرابعة ثانوي),SCEXP,Sciences expérimentales,علوم تجريبية,bac-sciences-experimentales,PHYS,Sciences physiques,العلوم الفيزيائية,fr,False,Chimie > Équilibre chimique,17,Déplacement des équilibres chimiques - Loi de modération
secondaire,BAC,Baccalauréat (4ème année secondaire),البكالوريا (السنة الرابعة ثانوي),SCEXP,Sciences expérimentales,علوم تجريبية,bac-sciences-experimentales,PHYS,Sciences physiques,العلوم الفيزيائية,fr,False,Chimie > Les réactions acide-base,18,Application de la loi d'action de masse aux réactions acide-base
secondaire,BAC,Baccalauréat (4ème année secondaire),البكالوريا (السنة الرابعة ثانوي),SCEXP,Sciences expérimentales,علوم تجريبية,bac-sciences-experimentales,PHYS,Sciences physiques,العلوم الفيزيائية,fr,False,Chimie > Les réactions acide-base,19,pH des solutions aqueuses
secondaire,BAC,Baccalauréat (4ème année secondaire),البكالوريا (السنة الرابعة ثانوي),SCEXP,Sciences expérimentales,علوم تجريبية,bac-sciences-experimentales,PHYS,Sciences physiques,العلوم الفيزيائية,fr,False,Chimie > Les réactions acide-base,20,Variation du pH au cours d'une réaction entre un acide et une base
secondaire,BAC,Baccalauréat (4ème année secondaire),البكالوريا (السنة الرابعة ثانوي),SCEXP,Sciences expérimentales,علوم تجريبية,bac-sciences-experimentales,PHYS,Sciences physiques,العلوم الفيزيائية,fr,False,Chimie > La chimie organique,21,Les amides aliphatiques
secondaire,BAC,Baccalauréat (4ème année secondaire),البكالوريا (السنة الرابعة ثانوي),SCEXP,Sciences expérimentales,علوم تجريبية,bac-sciences-experimentales,PHYS,Sciences physiques,العلوم الفيزيائية,fr,False,Chimie > La chimie organique,22,Passage entre les dérivés des acides carboxyliques
secondaire,BAC,Baccalauréat (4ème année secondaire),البكالوريا (السنة الرابعة ثانوي),SCEXP,Sciences expérimentales,علوم تجريبية,bac-sciences-experimentales,PHYS,Sciences physiques,العلوم الفيزيائية,fr,False,Chimie > Piles électrochimiques,23,Étude de la pile Daniell
secondaire,BAC,Baccalauréat (4ème année secondaire),البكالوريا (السنة الرابعة ثانوي),SCEXP,Sciences expérimentales,علوم تجريبية,bac-sciences-experimentales,PHYS,Sciences physiques,العلوم الفيزيائية,fr,False,Chimie > Piles électrochimiques,24,Potentiel standard d'un couple redox et pouvoir oxydant de sa forme oxydée
secondaire,BAC,Baccalauréat (4ème année secondaire),البكالوريا (السنة الرابعة ثانوي),SCEXP,Sciences expérimentales,علوم تجريبية,bac-sciences-experimentales,MATH,Mathématiques,الرياضيات,fr,False,,1,Continuité et limites
secondaire,BAC,Baccalauréat (4ème année secondaire),البكالوريا (السنة الرابعة ثانوي),SCEXP,Sciences expérimentales,علوم تجريبية,bac-sciences-experimentales,MATH,Mathématiques,الرياضيات,fr,False,,2,Suites réelles
secondaire,BAC,Baccalauréat (4ème année secondaire),البكالوريا (السنة الرابعة ثانوي),SCEXP,Sciences expérimentales,علوم تجريبية,bac-sciences-experimentales,MATH,Mathématiques,الرياضيات,fr,False,,3,Dérivabilité
secondaire,BAC,Baccalauréat (4ème année secondaire),البكالوريا (السنة الرابعة ثانوي),SCEXP,Sciences expérimentales,علوم تجريبية,bac-sciences-experimentales,MATH,Mathématiques,الرياضيات,fr,False,,4,Fonctions réciproques
secondaire,BAC,Baccalauréat (4ème année secondaire),البكالوريا (السنة الرابعة ثانوي),SCEXP,Sciences expérimentales,علوم تجريبية,bac-sciences-experimentales,MATH,Mathématiques,الرياضيات,fr,False,,5,Etudes de fonctions
secondaire,BAC,Baccalauréat (4ème année secondaire),البكالوريا (السنة الرابعة ثانوي),SCEXP,Sciences expérimentales,علوم تجريبية,bac-sciences-experimentales,MATH,Mathématiques,الرياضيات,fr,False,,6,Primitives
secondaire,BAC,Baccalauréat (4ème année secondaire),البكالوريا (السنة الرابعة ثانوي),SCEXP,Sciences expérimentales,علوم تجريبية,bac-sciences-experimentales,MATH,Mathématiques,الرياضيات,fr,False,,7,Intégrales
secondaire,BAC,Baccalauréat (4ème année secondaire),البكالوريا (السنة الرابعة ثانوي),SCEXP,Sciences expérimentales,علوم تجريبية,bac-sciences-experimentales,MATH,Mathématiques,الرياضيات,fr,False,,8,Fonction logarithme népérien
secondaire,BAC,Baccalauréat (4ème année secondaire),البكالوريا (السنة الرابعة ثانوي),SCEXP,Sciences expérimentales,علوم تجريبية,bac-sciences-experimentales,MATH,Mathématiques,الرياضيات,fr,False,,9,Fonction exponentielle
secondaire,BAC,Baccalauréat (4ème année secondaire),البكالوريا (السنة الرابعة ثانوي),SCEXP,Sciences expérimentales,علوم تجريبية,bac-sciences-experimentales,MATH,Mathématiques,الرياضيات,fr,False,,10,Equations différentielles
secondaire,BAC,Baccalauréat (4ème année secondaire),البكالوريا (السنة الرابعة ثانوي),SCEXP,Sciences expérimentales,علوم تجريبية,bac-sciences-experimentales,MATH,Mathématiques,الرياضيات,fr,False,,11,Nombres complexes
secondaire,BAC,Baccalauréat (4ème année secondaire),البكالوريا (السنة الرابعة ثانوي),SCEXP,Sciences expérimentales,علوم تجريبية,bac-sciences-experimentales,MATH,Mathématiques,الرياضيات,fr,False,,12,Equations à coefficients complexes
secondaire,BAC,Baccalauréat (4ème année secondaire),البكالوريا (السنة الرابعة ثانوي),SCEXP,Sciences expérimentales,علوم تجريبية,bac-sciences-experimentales,MATH,Mathématiques,الرياضيات,fr,False,,13,Produit scalaire – Produit vectoriel dans l'espace
secondaire,BAC,Baccalauréat (4ème année secondaire),البكالوريا (السنة الرابعة ثانوي),SCEXP,Sciences expérimentales,علوم تجريبية,bac-sciences-experimentales,MATH,Mathématiques,الرياضيات,fr,False,,14,"Equations de droites, de plans et de sphères"
secondaire,BAC,Baccalauréat (4ème année secondaire),البكالوريا (السنة الرابعة ثانوي),SCEXP,Sciences expérimentales,علوم تجريبية,bac-sciences-experimentales,MATH,Mathématiques,الرياضيات,fr,False,,15,Probabilités sur un ensemble fini
secondaire,BAC,Baccalauréat (4ème année secondaire),البكالوريا (السنة الرابعة ثانوي),SCEXP,Sciences expérimentales,علوم تجريبية,bac-sciences-experimentales,MATH,Mathématiques,الرياضيات,fr,False,,16,Variables aléatoires
secondaire,BAC,Baccalauréat (4ème année secondaire),البكالوريا (السنة الرابعة ثانوي),SCEXP,Sciences expérimentales,علوم تجريبية,bac-sciences-experimentales,MATH,Mathématiques,الرياضيات,fr,False,,17,Statistiques
secondaire,BAC,Baccalauréat (4ème année secondaire),البكالوريا (السنة الرابعة ثانوي),SCEXP,Sciences expérimentales,علوم تجريبية,bac-sciences-experimentales,PHILO,Philosophie,الفلسفة,ar,False,الإنسان بين الكثرة والوحدة,1,الإنية والغيرية
secondaire,BAC,Baccalauréat (4ème année secondaire),البكالوريا (السنة الرابعة ثانوي),SCEXP,Sciences expérimentales,علوم تجريبية,bac-sciences-experimentales,PHILO,Philosophie,الفلسفة,ar,False,الإنسان بين الكثرة والوحدة,2,الخصوصية والكونية
secondaire,BAC,Baccalauréat (4ème année secondaire),البكالوريا (السنة الرابعة ثانوي),SCEXP,Sciences expérimentales,علوم تجريبية,bac-sciences-experimentales,PHILO,Philosophie,الفلسفة,ar,False,الحقيقة,3,العلم بين الحقيقة والنمذجة
secondaire,BAC,Baccalauréat (4ème année secondaire),البكالوريا (السنة الرابعة ثانوي),SCEXP,Sciences expérimentales,علوم تجريبية,bac-sciences-experimentales,PHILO,Philosophie,الفلسفة,ar,False,القيم بين النسبي والمطلق,4,الدولة: السيادة والمواطنة
secondaire,BAC,Baccalauréat (4ème année secondaire),البكالوريا (السنة الرابعة ثانوي),SCEXP,Sciences expérimentales,علوم تجريبية,bac-sciences-experimentales,PHILO,Philosophie,الفلسفة,ar,False,القيم بين النسبي والمطلق,5,الأخلاق: الخير والسعادة
secondaire,BAC,Baccalauréat (4ème année secondaire),البكالوريا (السنة الرابعة ثانوي),SCEXP,Sciences expérimentales,علوم تجريبية,bac-sciences-experimentales,ALLEM,Allemand,الألمانية,de,True,,1,Feste und fröhliche Ereignisse
secondaire,BAC,Baccalauréat (4ème année secondaire),البكالوريا (السنة الرابعة ثانوي),SCEXP,Sciences expérimentales,علوم تجريبية,bac-sciences-experimentales,ALLEM,Allemand,الألمانية,de,True,,2,Städte und Verkehrsmittel
secondaire,BAC,Baccalauréat (4ème année secondaire),البكالوريا (السنة الرابعة ثانوي),SCEXP,Sciences expérimentales,علوم تجريبية,bac-sciences-experimentales,ALLEM,Allemand,الألمانية,de,True,,3,Aussehen und Charakter
secondaire,BAC,Baccalauréat (4ème année secondaire),البكالوريا (السنة الرابعة ثانوي),SCEXP,Sciences expérimentales,علوم تجريبية,bac-sciences-experimentales,ALLEM,Allemand,الألمانية,de,True,,4,Schule und Beruf
secondaire,BAC,Baccalauréat (4ème année secondaire),البكالوريا (السنة الرابعة ثانوي),SCEXP,Sciences expérimentales,علوم تجريبية,bac-sciences-experimentales,ALLEM,Allemand,الألمانية,de,True,,5,Massenmedien
secondaire,BAC,Baccalauréat (4ème année secondaire),البكالوريا (السنة الرابعة ثانوي),SCEXP,Sciences expérimentales,علوم تجريبية,bac-sciences-experimentales,ESPA,Espagnol,الإسبانية,es,True,,1,¿Qué hora es?
secondaire,BAC,Baccalauréat (4ème année secondaire),البكالوريا (السنة الرابعة ثانوي),SCEXP,Sciences expérimentales,علوم تجريبية,bac-sciences-experimentales,ESPA,Espagnol,الإسبانية,es,True,,2,¿Qué haces cada día?
secondaire,BAC,Baccalauréat (4ème année secondaire),البكالوريا (السنة الرابعة ثانوي),SCEXP,Sciences expérimentales,علوم تجريبية,bac-sciences-experimentales,ESPA,Espagnol,الإسبانية,es,True,,3,¡Por fin el sábado!
secondaire,BAC,Baccalauréat (4ème année secondaire),البكالوريا (السنة الرابعة ثانوي),SCEXP,Sciences expérimentales,علوم تجريبية,bac-sciences-experimentales,ESPA,Espagnol,الإسبانية,es,True,,4,¿Qué plan tienes?
secondaire,BAC,Baccalauréat (4ème année secondaire),البكالوريا (السنة الرابعة ثانوي),SCEXP,Sciences expérimentales,علوم تجريبية,bac-sciences-experimentales,ESPA,Espagnol,الإسبانية,es,True,,5,¿Cómo quedamos?
secondaire,BAC,Baccalauréat (4ème année secondaire),البكالوريا (السنة الرابعة ثانوي),SCEXP,Sciences expérimentales,علوم تجريبية,bac-sciences-experimentales,ESPA,Espagnol,الإسبانية,es,True,,6,¿Vienes conmigo?
secondaire,BAC,Baccalauréat (4ème année secondaire),البكالوريا (السنة الرابعة ثانوي),SCEXP,Sciences expérimentales,علوم تجريبية,bac-sciences-experimentales,ESPA,Espagnol,الإسبانية,es,True,,7,¿Qué has hecho este fin de semana?
secondaire,BAC,Baccalauréat (4ème année secondaire),البكالوريا (السنة الرابعة ثانوي),SCEXP,Sciences expérimentales,علوم تجريبية,bac-sciences-experimentales,ESPA,Espagnol,الإسبانية,es,True,,8,¿Dónde fuiste la semana pasada?
secondaire,BAC,Baccalauréat (4ème année secondaire),البكالوريا (السنة الرابعة ثانوي),SCEXP,Sciences expérimentales,علوم تجريبية,bac-sciences-experimentales,ESPA,Espagnol,الإسبانية,es,True,,9,¡Qué gente tan interesante!
secondaire,BAC,Baccalauréat (4ème année secondaire),البكالوريا (السنة الرابعة ثانوي),SCEXP,Sciences expérimentales,علوم تجريبية,bac-sciences-experimentales,ESPA,Espagnol,الإسبانية,es,True,,10,Cuando yo era niña...
secondaire,BAC,Baccalauréat (4ème année secondaire),البكالوريا (السنة الرابعة ثانوي),SCEXP,Sciences expérimentales,علوم تجريبية,bac-sciences-experimentales,ESPA,Espagnol,الإسبانية,es,True,,11,¡Cómo cambian las cosas!
secondaire,BAC,Baccalauréat (4ème année secondaire),البكالوريا (السنة الرابعة ثانوي),SCEXP,Sciences expérimentales,علوم تجريبية,bac-sciences-experimentales,ESPA,Espagnol,الإسبانية,es,True,,12,¿Qué te pasa?
secondaire,BAC,Baccalauréat (4ème année secondaire),البكالوريا (السنة الرابعة ثانوي),SCEXP,Sciences expérimentales,علوم تجريبية,bac-sciences-experimentales,ITAL,Italien,الإيطالية,it,True,,1,Città o campagna
secondaire,BAC,Baccalauréat (4ème année secondaire),البكالوريا (السنة الرابعة ثانوي),SCEXP,Sciences expérimentales,علوم تجريبية,bac-sciences-experimentales,ITAL,Italien,الإيطالية,it,True,,2,Moda e Made in Italy
secondaire,BAC,Baccalauréat (4ème année secondaire),البكالوريا (السنة الرابعة ثانوي),SCEXP,Sciences expérimentales,علوم تجريبية,bac-sciences-experimentales,ITAL,Italien,الإيطالية,it,True,,3,Sport e benessere
secondaire,BAC,Baccalauréat (4ème année secondaire),البكالوريا (السنة الرابعة ثانوي),SCEXP,Sciences expérimentales,علوم تجريبية,bac-sciences-experimentales,ITAL,Italien,الإيطالية,it,True,,4,Cibo e alimentazione
secondaire,BAC,Baccalauréat (4ème année secondaire),البكالوريا (السنة الرابعة ثانوي),SCEXP,Sciences expérimentales,علوم تجريبية,bac-sciences-experimentales,ITAL,Italien,الإيطالية,it,True,,5,Mass-media e telecomunicazioni
secondaire,BAC,Baccalauréat (4ème année secondaire),البكالوريا (السنة الرابعة ثانوي),SCEXP,Sciences expérimentales,علوم تجريبية,bac-sciences-experimentales,ITAL,Italien,الإيطالية,it,True,,6,Le feste italiane
secondaire,BAC,Baccalauréat (4ème année secondaire),البكالوريا (السنة الرابعة ثانوي),SCEXP,Sciences expérimentales,علوم تجريبية,bac-sciences-experimentales,CHIN,Chinois,الصينية,zh,True,,1,你买了什么东西
secondaire,BAC,Baccalauréat (4ème année secondaire),البكالوريا (السنة الرابعة ثانوي),SCEXP,Sciences expérimentales,علوم تجريبية,bac-sciences-experimentales,CHIN,Chinois,الصينية,zh,True,,2,你们去长城了没有
secondaire,BAC,Baccalauréat (4ème année secondaire),البكالوريا (السنة الرابعة ثانوي),SCEXP,Sciences expérimentales,علوم تجريبية,bac-sciences-experimentales,CHIN,Chinois,الصينية,zh,True,,3,他不去旅行了
secondaire,BAC,Baccalauréat (4ème année secondaire),البكالوريا (السنة الرابعة ثانوي),SCEXP,Sciences expérimentales,علوم تجريبية,bac-sciences-experimentales,CHIN,Chinois,الصينية,zh,True,,4,我上网上两个小时
secondaire,BAC,Baccalauréat (4ème année secondaire),البكالوريا (السنة الرابعة ثانوي),SCEXP,Sciences expérimentales,علوم تجريبية,bac-sciences-experimentales,CHIN,Chinois,الصينية,zh,True,,5,你吃过烤鸭吗
secondaire,BAC,Baccalauréat (4ème année secondaire),البكالوريا (السنة الرابعة ثانوي),SCEXP,Sciences expérimentales,علوم تجريبية,bac-sciences-experimentales,CHIN,Chinois,الصينية,zh,True,,6,我正在打电话
secondaire,BAC,Baccalauréat (4ème année secondaire),البكالوريا (السنة الرابعة ثانوي),SCEXP,Sciences expérimentales,علوم تجريبية,bac-sciences-experimentales,CHIN,Chinois,الصينية,zh,True,,7,学校里边有医院吗
secondaire,BAC,Baccalauréat (4ème année secondaire),البكالوريا (السنة الرابعة ثانوي),SCEXP,Sciences expérimentales,علوم تجريبية,bac-sciences-experimentales,CHIN,Chinois,الصينية,zh,True,,8,你们先进来吧
secondaire,BAC,Baccalauréat (4ème année secondaire),البكالوريا (السنة الرابعة ثانوي),SCEXP,Sciences expérimentales,علوم تجريبية,bac-sciences-experimentales,CHIN,Chinois,الصينية,zh,True,,9,你说对了
secondaire,BAC,Baccalauréat (4ème année secondaire),البكالوريا (السنة الرابعة ثانوي),SCEXP,Sciences expérimentales,علوم تجريبية,bac-sciences-experimentales,CHIN,Chinois,الصينية,zh,True,,10,再见
secondaire,BAC,Baccalauréat (4ème année secondaire),البكالوريا (السنة الرابعة ثانوي),SPORT,Sport,رياضة,bac-sport,ARAB,Arabe,العربية,ar,False,,1,الرياضة والقيم
secondaire,BAC,Baccalauréat (4ème année secondaire),البكالوريا (السنة الرابعة ثانوي),SPORT,Sport,رياضة,bac-sport,ARAB,Arabe,العربية,ar,False,,2,الرياضة والإعلام
secondaire,BAC,Baccalauréat (4ème année secondaire),البكالوريا (السنة الرابعة ثانوي),SPORT,Sport,رياضة,bac-sport,ARAB,Arabe,العربية,ar,False,,3,الرياضة والقانون
secondaire,BAC,Baccalauréat (4ème année secondaire),البكالوريا (السنة الرابعة ثانوي),SPORT,Sport,رياضة,bac-sport,FRAN,Français,الفرنسية,fr,False,,1,Souvenirs et nostalgie
secondaire,BAC,Baccalauréat (4ème année secondaire),البكالوريا (السنة الرابعة ثانوي),SPORT,Sport,رياضة,bac-sport,FRAN,Français,الفرنسية,fr,False,,2,Histoires d'amour
secondaire,BAC,Baccalauréat (4ème année secondaire),البكالوريا (السنة الرابعة ثانوي),SPORT,Sport,رياضة,bac-sport,FRAN,Français,الفرنسية,fr,False,,3,"Liberté, j'écris ton nom..."
secondaire,BAC,Baccalauréat (4ème année secondaire),البكالوريا (السنة الرابعة ثانوي),SPORT,Sport,رياضة,bac-sport,FRAN,Français,الفرنسية,fr,False,,4,Module de lecture : Le silence de la mer
secondaire,BAC,Baccalauréat (4ème année secondaire),البكالوريا (السنة الرابعة ثانوي),SPORT,Sport,رياضة,bac-sport,FRAN,Français,الفرنسية,fr,False,,5,Guerre et Paix
secondaire,BAC,Baccalauréat (4ème année secondaire),البكالوريا (السنة الرابعة ثانوي),SPORT,Sport,رياضة,bac-sport,FRAN,Français,الفرنسية,fr,False,,6,L'Homme et la Science
secondaire,BAC,Baccalauréat (4ème année secondaire),البكالوريا (السنة الرابعة ثانوي),SPORT,Sport,رياضة,bac-sport,FRAN,Français,الفرنسية,fr,False,,7,Module de lecture : La Cantatrice chauve
secondaire,BAC,Baccalauréat (4ème année secondaire),البكالوريا (السنة الرابعة ثانوي),SPORT,Sport,رياضة,bac-sport,ANGL,Anglais,الإنجليزية,en,False,,1,First Impressions
secondaire,BAC,Baccalauréat (4ème année secondaire),البكالوريا (السنة الرابعة ثانوي),SPORT,Sport,رياضة,bac-sport,ANGL,Anglais,الإنجليزية,en,False,,2,Art Shows and Holidaying
secondaire,BAC,Baccalauréat (4ème année secondaire),البكالوريا (السنة الرابعة ثانوي),SPORT,Sport,رياضة,bac-sport,ANGL,Anglais,الإنجليزية,en,False,,3,Education Matters
secondaire,BAC,Baccalauréat (4ème année secondaire),البكالوريا (السنة الرابعة ثانوي),SPORT,Sport,رياضة,bac-sport,ANGL,Anglais,الإنجليزية,en,False,,4,Creative Inventive Minds
secondaire,BAC,Baccalauréat (4ème année secondaire),البكالوريا (السنة الرابعة ثانوي),SPORT,Sport,رياضة,bac-sport,ANGL,Anglais,الإنجليزية,en,False,,5,Life Issues
secondaire,BAC,Baccalauréat (4ème année secondaire),البكالوريا (السنة الرابعة ثانوي),SPORT,Sport,رياضة,bac-sport,MATH,Mathématiques,الرياضيات,fr,False,,1,Exemples de fonctions polynômes et fonctions homographiques
secondaire,BAC,Baccalauréat (4ème année secondaire),البكالوريا (السنة الرابعة ثانوي),SPORT,Sport,رياضة,bac-sport,MATH,Mathématiques,الرياضيات,fr,False,,2,Solution(s) d'une équation du type f(x) = k
secondaire,BAC,Baccalauréat (4ème année secondaire),البكالوريا (السنة الرابعة ثانوي),SPORT,Sport,رياضة,bac-sport,MATH,Mathématiques,الرياضيات,fr,False,,3,Calcul d'aires planes
secondaire,BAC,Baccalauréat (4ème année secondaire),البكالوريا (السنة الرابعة ثانوي),SPORT,Sport,رياضة,bac-sport,MATH,Mathématiques,الرياضيات,fr,False,,4,Fonctions logarithme népérien
secondaire,BAC,Baccalauréat (4ème année secondaire),البكالوريا (السنة الرابعة ثانوي),SPORT,Sport,رياضة,bac-sport,MATH,Mathématiques,الرياضيات,fr,False,,5,Fonction exponentielle de base e
secondaire,BAC,Baccalauréat (4ème année secondaire),البكالوريا (السنة الرابعة ثانوي),SPORT,Sport,رياضة,bac-sport,MATH,Mathématiques,الرياضيات,fr,False,,6,Suites réelles
secondaire,BAC,Baccalauréat (4ème année secondaire),البكالوريا (السنة الرابعة ثانوي),SPORT,Sport,رياضة,bac-sport,MATH,Mathématiques,الرياضيات,fr,False,,7,Probabilités
secondaire,BAC,Baccalauréat (4ème année secondaire),البكالوريا (السنة الرابعة ثانوي),SPORT,Sport,رياضة,bac-sport,BIO,Sciences biologiques,علوم البيولوجيا,fr,False,La reproduction humaine,1,La fonction reproductrice chez l'homme
secondaire,BAC,Baccalauréat (4ème année secondaire),البكالوريا (السنة الرابعة ثانوي),SPORT,Sport,رياضة,bac-sport,BIO,Sciences biologiques,علوم البيولوجيا,fr,False,La reproduction humaine,2,La fonction reproductrice chez la femme
secondaire,BAC,Baccalauréat (4ème année secondaire),البكالوريا (السنة الرابعة ثانوي),SPORT,Sport,رياضة,bac-sport,BIO,Sciences biologiques,علوم البيولوجيا,fr,False,La reproduction humaine,3,La procréation
secondaire,BAC,Baccalauréat (4ème année secondaire),البكالوريا (السنة الرابعة ثانوي),SPORT,Sport,رياضة,bac-sport,BIO,Sciences biologiques,علوم البيولوجيا,fr,False,Génétique humaine,4,Transmission des caractères héréditaires
secondaire,BAC,Baccalauréat (4ème année secondaire),البكالوريا (السنة الرابعة ثانوي),SPORT,Sport,رياضة,bac-sport,BIO,Sciences biologiques,علوم البيولوجيا,fr,False,Génétique humaine,5,Prévention des maladies héréditaires
secondaire,BAC,Baccalauréat (4ème année secondaire),البكالوريا (السنة الرابعة ثانوي),SPORT,Sport,رياضة,bac-sport,BIO,Sciences biologiques,علوم البيولوجيا,fr,False,Neurophysiologie,6,Le tissu nerveux
secondaire,BAC,Baccalauréat (4ème année secondaire),البكالوريا (السنة الرابعة ثانوي),SPORT,Sport,رياضة,bac-sport,BIO,Sciences biologiques,علوم البيولوجيا,fr,False,Neurophysiologie,7,Le réflexe myotatique
secondaire,BAC,Baccalauréat (4ème année secondaire),البكالوريا (السنة الرابعة ثانوي),SPORT,Sport,رياضة,bac-sport,BIO,Sciences biologiques,علوم البيولوجيا,fr,False,Neurophysiologie,8,Les réflexes conditionnels
secondaire,BAC,Baccalauréat (4ème année secondaire),البكالوريا (السنة الرابعة ثانوي),SPORT,Sport,رياضة,bac-sport,BIO,Sciences biologiques,علوم البيولوجيا,fr,False,Neurophysiologie,9,Le muscle squelettique
secondaire,BAC,Baccalauréat (4ème année secondaire),البكالوريا (السنة الرابعة ثانوي),SPORT,Sport,رياضة,bac-sport,BIO,Sciences biologiques,علوم البيولوجيا,fr,False,Neurophysiologie,10,La régulation de la pression artérielle
secondaire,BAC,Baccalauréat (4ème année secondaire),البكالوريا (السنة الرابعة ثانوي),SPORT,Sport,رياضة,bac-sport,PHILO,Philosophie,الفلسفة,ar,False,الإنسان بين الكثرة والوحدة,1,الإنية والغيرية
secondaire,BAC,Baccalauréat (4ème année secondaire),البكالوريا (السنة الرابعة ثانوي),SPORT,Sport,رياضة,bac-sport,PHILO,Philosophie,الفلسفة,ar,False,الإنسان بين الكثرة والوحدة,2,الخصوصية والكونية
secondaire,BAC,Baccalauréat (4ème année secondaire),البكالوريا (السنة الرابعة ثانوي),SPORT,Sport,رياضة,bac-sport,PHILO,Philosophie,الفلسفة,ar,False,الحقيقة,3,العلم بين الحقيقة والنمذجة
secondaire,BAC,Baccalauréat (4ème année secondaire),البكالوريا (السنة الرابعة ثانوي),SPORT,Sport,رياضة,bac-sport,PHILO,Philosophie,الفلسفة,ar,False,القيم بين النسبي والمطلق,4,الدولة: السيادة والمواطنة
secondaire,BAC,Baccalauréat (4ème année secondaire),البكالوريا (السنة الرابعة ثانوي),SPORT,Sport,رياضة,bac-sport,PHILO,Philosophie,الفلسفة,ar,False,القيم بين النسبي والمطلق,5,الأخلاق: الخير والسعادة
secondaire,BAC,Baccalauréat (4ème année secondaire),البكالوريا (السنة الرابعة ثانوي),TECH,Sciences techniques,العلوم التقنية,bac-techniques,ARAB,Arabe,العربية,ar,False,,1,جوانب من الحضارة العربية الإسلامية قديما
secondaire,BAC,Baccalauréat (4ème année secondaire),البكالوريا (السنة الرابعة ثانوي),TECH,Sciences techniques,العلوم التقنية,bac-techniques,ARAB,Arabe,العربية,ar,False,,2,بعض شواغل الإنسان العربي المعاصر
secondaire,BAC,Baccalauréat (4ème année secondaire),البكالوريا (السنة الرابعة ثانوي),TECH,Sciences techniques,العلوم التقنية,bac-techniques,FRAN,Français,الفرنسية,fr,False,,1,Souvenirs et nostalgie
secondaire,BAC,Baccalauréat (4ème année secondaire),البكالوريا (السنة الرابعة ثانوي),TECH,Sciences techniques,العلوم التقنية,bac-techniques,FRAN,Français,الفرنسية,fr,False,,2,Histoires d'amour
secondaire,BAC,Baccalauréat (4ème année secondaire),البكالوريا (السنة الرابعة ثانوي),TECH,Sciences techniques,العلوم التقنية,bac-techniques,FRAN,Français,الفرنسية,fr,False,,3,"Liberté, j'écris ton nom..."
secondaire,BAC,Baccalauréat (4ème année secondaire),البكالوريا (السنة الرابعة ثانوي),TECH,Sciences techniques,العلوم التقنية,bac-techniques,FRAN,Français,الفرنسية,fr,False,,4,Module de lecture : Le silence de la mer
secondaire,BAC,Baccalauréat (4ème année secondaire),البكالوريا (السنة الرابعة ثانوي),TECH,Sciences techniques,العلوم التقنية,bac-techniques,FRAN,Français,الفرنسية,fr,False,,5,Guerre et Paix
secondaire,BAC,Baccalauréat (4ème année secondaire),البكالوريا (السنة الرابعة ثانوي),TECH,Sciences techniques,العلوم التقنية,bac-techniques,FRAN,Français,الفرنسية,fr,False,,6,L'Homme et la Science
secondaire,BAC,Baccalauréat (4ème année secondaire),البكالوريا (السنة الرابعة ثانوي),TECH,Sciences techniques,العلوم التقنية,bac-techniques,FRAN,Français,الفرنسية,fr,False,,7,Module de lecture : La Cantatrice chauve
secondaire,BAC,Baccalauréat (4ème année secondaire),البكالوريا (السنة الرابعة ثانوي),TECH,Sciences techniques,العلوم التقنية,bac-techniques,ANGL,Anglais,الإنجليزية,en,False,,1,First Impressions
secondaire,BAC,Baccalauréat (4ème année secondaire),البكالوريا (السنة الرابعة ثانوي),TECH,Sciences techniques,العلوم التقنية,bac-techniques,ANGL,Anglais,الإنجليزية,en,False,,2,Art Shows and Holidaying
secondaire,BAC,Baccalauréat (4ème année secondaire),البكالوريا (السنة الرابعة ثانوي),TECH,Sciences techniques,العلوم التقنية,bac-techniques,ANGL,Anglais,الإنجليزية,en,False,,3,Education Matters
secondaire,BAC,Baccalauréat (4ème année secondaire),البكالوريا (السنة الرابعة ثانوي),TECH,Sciences techniques,العلوم التقنية,bac-techniques,ANGL,Anglais,الإنجليزية,en,False,,4,Creative Inventive Minds
secondaire,BAC,Baccalauréat (4ème année secondaire),البكالوريا (السنة الرابعة ثانوي),TECH,Sciences techniques,العلوم التقنية,bac-techniques,ANGL,Anglais,الإنجليزية,en,False,,5,Life Issues
secondaire,BAC,Baccalauréat (4ème année secondaire),البكالوريا (السنة الرابعة ثانوي),TECH,Sciences techniques,العلوم التقنية,bac-techniques,TECHNO,Technologie,التكنولوجيا,fr,False,,1,Microcontrôleurs
secondaire,BAC,Baccalauréat (4ème année secondaire),البكالوريا (السنة الرابعة ثانوي),TECH,Sciences techniques,العلوم التقنية,bac-techniques,TECHNO,Technologie,التكنولوجيا,fr,False,,2,Logique combinatoire
secondaire,BAC,Baccalauréat (4ème année secondaire),البكالوريا (السنة الرابعة ثانوي),TECH,Sciences techniques,العلوم التقنية,bac-techniques,TECHNO,Technologie,التكنولوجيا,fr,False,,3,Logique séquentielle
secondaire,BAC,Baccalauréat (4ème année secondaire),البكالوريا (السنة الرابعة ثانوي),TECH,Sciences techniques,العلوم التقنية,bac-techniques,TECHNO,Technologie,التكنولوجيا,fr,False,,4,Amplificateurs linéaires intégrés
secondaire,BAC,Baccalauréat (4ème année secondaire),البكالوريا (السنة الرابعة ثانوي),TECH,Sciences techniques,العلوم التقنية,bac-techniques,TECHNO,Technologie,التكنولوجيا,fr,False,,5,Systèmes triphasés équilibrés
secondaire,BAC,Baccalauréat (4ème année secondaire),البكالوريا (السنة الرابعة ثانوي),TECH,Sciences techniques,العلوم التقنية,bac-techniques,TECHNO,Technologie,التكنولوجيا,fr,False,,6,Moteur à courant continu
secondaire,BAC,Baccalauréat (4ème année secondaire),البكالوريا (السنة الرابعة ثانوي),TECH,Sciences techniques,العلوم التقنية,bac-techniques,TECHNO,Technologie,التكنولوجيا,fr,False,Analyse fonctionnelle,7,Analyse fonctionnelle interne d'un produit
secondaire,BAC,Baccalauréat (4ème année secondaire),البكالوريا (السنة الرابعة ثانوي),TECH,Sciences techniques,العلوم التقنية,bac-techniques,TECHNO,Technologie,التكنولوجيا,fr,False,Analyse structurelle et conception,8,Communication technique
secondaire,BAC,Baccalauréat (4ème année secondaire),البكالوريا (السنة الرابعة ثانوي),TECH,Sciences techniques,العلوم التقنية,bac-techniques,TECHNO,Technologie,التكنولوجيا,fr,False,Analyse structurelle et conception,9,Typologie des assemblages
secondaire,BAC,Baccalauréat (4ème année secondaire),البكالوريا (السنة الرابعة ثانوي),TECH,Sciences techniques,العلوم التقنية,bac-techniques,TECHNO,Technologie,التكنولوجيا,fr,False,Analyse structurelle et conception,10,Transmission de puissance
secondaire,BAC,Baccalauréat (4ème année secondaire),البكالوريا (السنة الرابعة ثانوي),TECH,Sciences techniques,العلوم التقنية,bac-techniques,TECHNO,Technologie,التكنولوجيا,fr,False,Analyse structurelle et conception,11,Comportement du solide déformable
secondaire,BAC,Baccalauréat (4ème année secondaire),البكالوريا (السنة الرابعة ثانوي),TECH,Sciences techniques,العلوم التقنية,bac-techniques,TECHNO,Technologie,التكنولوجيا,fr,False,Réalisation et production,12,Obtention des pièces
secondaire,BAC,Baccalauréat (4ème année secondaire),البكالوريا (السنة الرابعة ثانوي),TECH,Sciences techniques,العلوم التقنية,bac-techniques,MATH,Mathématiques,الرياضيات,fr,False,,1,Limite et continuité
secondaire,BAC,Baccalauréat (4ème année secondaire),البكالوريا (السنة الرابعة ثانوي),TECH,Sciences techniques,العلوم التقنية,bac-techniques,MATH,Mathématiques,الرياضيات,fr,False,,2,Dérivabilité
secondaire,BAC,Baccalauréat (4ème année secondaire),البكالوريا (السنة الرابعة ثانوي),TECH,Sciences techniques,العلوم التقنية,bac-techniques,MATH,Mathématiques,الرياضيات,fr,False,,3,Fonction continue et strictement monotone sur un intervalle
secondaire,BAC,Baccalauréat (4ème année secondaire),البكالوريا (السنة الرابعة ثانوي),TECH,Sciences techniques,العلوم التقنية,bac-techniques,MATH,Mathématiques,الرياضيات,fr,False,,4,Etude de fonctions
secondaire,BAC,Baccalauréat (4ème année secondaire),البكالوريا (السنة الرابعة ثانوي),TECH,Sciences techniques,العلوم التقنية,bac-techniques,MATH,Mathématiques,الرياضيات,fr,False,,5,Fonctions primitives
secondaire,BAC,Baccalauréat (4ème année secondaire),البكالوريا (السنة الرابعة ثانوي),TECH,Sciences techniques,العلوم التقنية,bac-techniques,MATH,Mathématiques,الرياضيات,fr,False,,6,Fonctions logarithmes
secondaire,BAC,Baccalauréat (4ème année secondaire),البكالوريا (السنة الرابعة ثانوي),TECH,Sciences techniques,العلوم التقنية,bac-techniques,MATH,Mathématiques,الرياضيات,fr,False,,7,Fonctions exponentielles
secondaire,BAC,Baccalauréat (4ème année secondaire),البكالوريا (السنة الرابعة ثانوي),TECH,Sciences techniques,العلوم التقنية,bac-techniques,MATH,Mathématiques,الرياضيات,fr,False,,8,Calcul intégral
secondaire,BAC,Baccalauréat (4ème année secondaire),البكالوريا (السنة الرابعة ثانوي),TECH,Sciences techniques,العلوم التقنية,bac-techniques,MATH,Mathématiques,الرياضيات,fr,False,,9,Suites réelles
secondaire,BAC,Baccalauréat (4ème année secondaire),البكالوريا (السنة الرابعة ثانوي),TECH,Sciences techniques,العلوم التقنية,bac-techniques,MATH,Mathématiques,الرياضيات,fr,False,,10,Nombres complexes
secondaire,BAC,Baccalauréat (4ème année secondaire),البكالوريا (السنة الرابعة ثانوي),TECH,Sciences techniques,العلوم التقنية,bac-techniques,MATH,Mathématiques,الرياضيات,fr,False,,11,Equations à coefficients complexes
secondaire,BAC,Baccalauréat (4ème année secondaire),البكالوريا (السنة الرابعة ثانوي),TECH,Sciences techniques,العلوم التقنية,bac-techniques,MATH,Mathématiques,الرياضيات,fr,False,,12,Droites et plans dans l'espace
secondaire,BAC,Baccalauréat (4ème année secondaire),البكالوريا (السنة الرابعة ثانوي),TECH,Sciences techniques,العلوم التقنية,bac-techniques,MATH,Mathématiques,الرياضيات,fr,False,,13,"Produit scalaire, produit vectoriel et produit mixte dans l'espace"
secondaire,BAC,Baccalauréat (4ème année secondaire),البكالوريا (السنة الرابعة ثانوي),TECH,Sciences techniques,العلوم التقنية,bac-techniques,MATH,Mathématiques,الرياضيات,fr,False,,14,Probabilité sur un ensemble fini
secondaire,BAC,Baccalauréat (4ème année secondaire),البكالوريا (السنة الرابعة ثانوي),TECH,Sciences techniques,العلوم التقنية,bac-techniques,MATH,Mathématiques,الرياضيات,fr,False,,15,Variables aléatoires réelles
secondaire,BAC,Baccalauréat (4ème année secondaire),البكالوريا (السنة الرابعة ثانوي),TECH,Sciences techniques,العلوم التقنية,bac-techniques,MATH,Mathématiques,الرياضيات,fr,False,,16,Statistiques
secondaire,BAC,Baccalauréat (4ème année secondaire),البكالوريا (السنة الرابعة ثانوي),TECH,Sciences techniques,العلوم التقنية,bac-techniques,PHYS,Sciences physiques,العلوم الفيزيائية,fr,False,Physique > Évolution de systèmes,1,Le condensateur ; le dipôle RC
secondaire,BAC,Baccalauréat (4ème année secondaire),البكالوريا (السنة الرابعة ثانوي),TECH,Sciences techniques,العلوم التقنية,bac-techniques,PHYS,Sciences physiques,العلوم الفيزيائية,fr,False,Physique > Évolution de systèmes,2,La bobine ; le dipôle RL
secondaire,BAC,Baccalauréat (4ème année secondaire),البكالوريا (السنة الرابعة ثانوي),TECH,Sciences techniques,العلوم التقنية,bac-techniques,PHYS,Sciences physiques,العلوم الفيزيائية,fr,False,Physique > Évolution de systèmes,3,Oscillations électriques libres
secondaire,BAC,Baccalauréat (4ème année secondaire),البكالوريا (السنة الرابعة ثانوي),TECH,Sciences techniques,العلوم التقنية,bac-techniques,PHYS,Sciences physiques,العلوم الفيزيائية,fr,False,Physique > Évolution de systèmes,4,Oscillations électriques forcées en régime sinusoïdal
secondaire,BAC,Baccalauréat (4ème année secondaire),البكالوريا (السنة الرابعة ثانوي),TECH,Sciences techniques,العلوم التقنية,bac-techniques,PHYS,Sciences physiques,العلوم الفيزيائية,fr,False,Physique > Évolution de systèmes,5,Oscillations libres d'un pendule élastique
secondaire,BAC,Baccalauréat (4ème année secondaire),البكالوريا (السنة الرابعة ثانوي),TECH,Sciences techniques,العلوم التقنية,bac-techniques,PHYS,Sciences physiques,العلوم الفيزيائية,fr,False,Physique > Évolution de systèmes,6,Oscillations forcées d'un pendule élastique en régime sinusoïdal
secondaire,BAC,Baccalauréat (4ème année secondaire),البكالوريا (السنة الرابعة ثانوي),TECH,Sciences techniques,العلوم التقنية,bac-techniques,PHYS,Sciences physiques,العلوم الفيزيائية,fr,False,Physique > Filtres électriques,7,Les filtres électriques
secondaire,BAC,Baccalauréat (4ème année secondaire),البكالوريا (السنة الرابعة ثانوي),TECH,Sciences techniques,العلوم التقنية,bac-techniques,PHYS,Sciences physiques,العلوم الفيزيائية,fr,False,Physique > Filtres électriques,8,Exemples de filtres électriques
secondaire,BAC,Baccalauréat (4ème année secondaire),البكالوريا (السنة الرابعة ثانوي),TECH,Sciences techniques,العلوم التقنية,bac-techniques,PHYS,Sciences physiques,العلوم الفيزيائية,fr,False,Physique > Ondes mécaniques,9,Ondes mécaniques progressives
secondaire,BAC,Baccalauréat (4ème année secondaire),البكالوريا (السنة الرابعة ثانوي),TECH,Sciences techniques,العلوم التقنية,bac-techniques,PHYS,Sciences physiques,العلوم الفيزيائية,fr,False,Chimie > Équilibre chimique,10,Notion d'équilibre chimique
secondaire,BAC,Baccalauréat (4ème année secondaire),البكالوريا (السنة الرابعة ثانوي),TECH,Sciences techniques,العلوم التقنية,bac-techniques,PHYS,Sciences physiques,العلوم الفيزيائية,fr,False,Chimie > Équilibre chimique,11,Loi d'action de masse - Conditions d'évolution spontanée
secondaire,BAC,Baccalauréat (4ème année secondaire),البكالوريا (السنة الرابعة ثانوي),TECH,Sciences techniques,العلوم التقنية,bac-techniques,PHYS,Sciences physiques,العلوم الفيزيائية,fr,False,Chimie > Équilibre chimique,12,Déplacement des équilibres chimiques - Loi de modération
secondaire,BAC,Baccalauréat (4ème année secondaire),البكالوريا (السنة الرابعة ثانوي),TECH,Sciences techniques,العلوم التقنية,bac-techniques,PHYS,Sciences physiques,العلوم الفيزيائية,fr,False,Chimie > Les réactions acide-base,13,Application de la loi d'action de masse aux réactions acide-base
secondaire,BAC,Baccalauréat (4ème année secondaire),البكالوريا (السنة الرابعة ثانوي),TECH,Sciences techniques,العلوم التقنية,bac-techniques,PHYS,Sciences physiques,العلوم الفيزيائية,fr,False,Chimie > Les réactions acide-base,14,pH des solutions aqueuses
secondaire,BAC,Baccalauréat (4ème année secondaire),البكالوريا (السنة الرابعة ثانوي),TECH,Sciences techniques,العلوم التقنية,bac-techniques,PHYS,Sciences physiques,العلوم الفيزيائية,fr,False,Chimie > Les réactions acide-base,15,Variation du pH au cours d'une réaction entre un acide et une base
secondaire,BAC,Baccalauréat (4ème année secondaire),البكالوريا (السنة الرابعة ثانوي),TECH,Sciences techniques,العلوم التقنية,bac-techniques,PHYS,Sciences physiques,العلوم الفيزيائية,fr,False,Chimie > Piles électrochimiques,16,Piles du type pile Daniell
secondaire,BAC,Baccalauréat (4ème année secondaire),البكالوريا (السنة الرابعة ثانوي),TECH,Sciences techniques,العلوم التقنية,bac-techniques,PHYS,Sciences physiques,العلوم الفيزيائية,fr,False,Chimie > Piles électrochimiques,17,Potentiel standard d'un couple redox et pouvoir oxydant de sa forme oxydée
secondaire,BAC,Baccalauréat (4ème année secondaire),البكالوريا (السنة الرابعة ثانوي),TECH,Sciences techniques,العلوم التقنية,bac-techniques,PHYS,Sciences physiques,العلوم الفيزيائية,fr,False,Chimie > Piles électrochimiques,18,Piles alcalines
secondaire,BAC,Baccalauréat (4ème année secondaire),البكالوريا (السنة الرابعة ثانوي),TECH,Sciences techniques,العلوم التقنية,bac-techniques,PHYS,Sciences physiques,العلوم الفيزيائية,fr,False,Chimie > Piles électrochimiques,19,Électrolyse
secondaire,BAC,Baccalauréat (4ème année secondaire),البكالوريا (السنة الرابعة ثانوي),TECH,Sciences techniques,العلوم التقنية,bac-techniques,PHILO,Philosophie,الفلسفة,ar,False,الإنسان بين الكثرة والوحدة,1,الإنية والغيرية
secondaire,BAC,Baccalauréat (4ème année secondaire),البكالوريا (السنة الرابعة ثانوي),TECH,Sciences techniques,العلوم التقنية,bac-techniques,PHILO,Philosophie,الفلسفة,ar,False,الإنسان بين الكثرة والوحدة,2,الخصوصية والكونية
secondaire,BAC,Baccalauréat (4ème année secondaire),البكالوريا (السنة الرابعة ثانوي),TECH,Sciences techniques,العلوم التقنية,bac-techniques,PHILO,Philosophie,الفلسفة,ar,False,الحقيقة,3,العلم بين الحقيقة والنمذجة
secondaire,BAC,Baccalauréat (4ème année secondaire),البكالوريا (السنة الرابعة ثانوي),TECH,Sciences techniques,العلوم التقنية,bac-techniques,PHILO,Philosophie,الفلسفة,ar,False,القيم بين النسبي والمطلق,4,الدولة: السيادة والمواطنة
secondaire,BAC,Baccalauréat (4ème année secondaire),البكالوريا (السنة الرابعة ثانوي),TECH,Sciences techniques,العلوم التقنية,bac-techniques,PHILO,Philosophie,الفلسفة,ar,False,القيم بين النسبي والمطلق,5,الأخلاق: الخير والسعادة
secondaire,BAC,Baccalauréat (4ème année secondaire),البكالوريا (السنة الرابعة ثانوي),TECH,Sciences techniques,العلوم التقنية,bac-techniques,ALLEM,Allemand,الألمانية,de,True,,1,Feste und fröhliche Ereignisse
secondaire,BAC,Baccalauréat (4ème année secondaire),البكالوريا (السنة الرابعة ثانوي),TECH,Sciences techniques,العلوم التقنية,bac-techniques,ALLEM,Allemand,الألمانية,de,True,,2,Städte und Verkehrsmittel
secondaire,BAC,Baccalauréat (4ème année secondaire),البكالوريا (السنة الرابعة ثانوي),TECH,Sciences techniques,العلوم التقنية,bac-techniques,ALLEM,Allemand,الألمانية,de,True,,3,Aussehen und Charakter
secondaire,BAC,Baccalauréat (4ème année secondaire),البكالوريا (السنة الرابعة ثانوي),TECH,Sciences techniques,العلوم التقنية,bac-techniques,ALLEM,Allemand,الألمانية,de,True,,4,Schule und Beruf
secondaire,BAC,Baccalauréat (4ème année secondaire),البكالوريا (السنة الرابعة ثانوي),TECH,Sciences techniques,العلوم التقنية,bac-techniques,ALLEM,Allemand,الألمانية,de,True,,5,Massenmedien
secondaire,BAC,Baccalauréat (4ème année secondaire),البكالوريا (السنة الرابعة ثانوي),TECH,Sciences techniques,العلوم التقنية,bac-techniques,ESPA,Espagnol,الإسبانية,es,True,,1,¿Qué hora es?
secondaire,BAC,Baccalauréat (4ème année secondaire),البكالوريا (السنة الرابعة ثانوي),TECH,Sciences techniques,العلوم التقنية,bac-techniques,ESPA,Espagnol,الإسبانية,es,True,,2,¿Qué haces cada día?
secondaire,BAC,Baccalauréat (4ème année secondaire),البكالوريا (السنة الرابعة ثانوي),TECH,Sciences techniques,العلوم التقنية,bac-techniques,ESPA,Espagnol,الإسبانية,es,True,,3,¡Por fin el sábado!
secondaire,BAC,Baccalauréat (4ème année secondaire),البكالوريا (السنة الرابعة ثانوي),TECH,Sciences techniques,العلوم التقنية,bac-techniques,ESPA,Espagnol,الإسبانية,es,True,,4,¿Qué plan tienes?
secondaire,BAC,Baccalauréat (4ème année secondaire),البكالوريا (السنة الرابعة ثانوي),TECH,Sciences techniques,العلوم التقنية,bac-techniques,ESPA,Espagnol,الإسبانية,es,True,,5,¿Cómo quedamos?
secondaire,BAC,Baccalauréat (4ème année secondaire),البكالوريا (السنة الرابعة ثانوي),TECH,Sciences techniques,العلوم التقنية,bac-techniques,ESPA,Espagnol,الإسبانية,es,True,,6,¿Vienes conmigo?
secondaire,BAC,Baccalauréat (4ème année secondaire),البكالوريا (السنة الرابعة ثانوي),TECH,Sciences techniques,العلوم التقنية,bac-techniques,ESPA,Espagnol,الإسبانية,es,True,,7,¿Qué has hecho este fin de semana?
secondaire,BAC,Baccalauréat (4ème année secondaire),البكالوريا (السنة الرابعة ثانوي),TECH,Sciences techniques,العلوم التقنية,bac-techniques,ESPA,Espagnol,الإسبانية,es,True,,8,¿Dónde fuiste la semana pasada?
secondaire,BAC,Baccalauréat (4ème année secondaire),البكالوريا (السنة الرابعة ثانوي),TECH,Sciences techniques,العلوم التقنية,bac-techniques,ESPA,Espagnol,الإسبانية,es,True,,9,¡Qué gente tan interesante!
secondaire,BAC,Baccalauréat (4ème année secondaire),البكالوريا (السنة الرابعة ثانوي),TECH,Sciences techniques,العلوم التقنية,bac-techniques,ESPA,Espagnol,الإسبانية,es,True,,10,Cuando yo era niña...
secondaire,BAC,Baccalauréat (4ème année secondaire),البكالوريا (السنة الرابعة ثانوي),TECH,Sciences techniques,العلوم التقنية,bac-techniques,ESPA,Espagnol,الإسبانية,es,True,,11,¡Cómo cambian las cosas!
secondaire,BAC,Baccalauréat (4ème année secondaire),البكالوريا (السنة الرابعة ثانوي),TECH,Sciences techniques,العلوم التقنية,bac-techniques,ESPA,Espagnol,الإسبانية,es,True,,12,¿Qué te pasa?
secondaire,BAC,Baccalauréat (4ème année secondaire),البكالوريا (السنة الرابعة ثانوي),TECH,Sciences techniques,العلوم التقنية,bac-techniques,ITAL,Italien,الإيطالية,it,True,,1,Città o campagna
secondaire,BAC,Baccalauréat (4ème année secondaire),البكالوريا (السنة الرابعة ثانوي),TECH,Sciences techniques,العلوم التقنية,bac-techniques,ITAL,Italien,الإيطالية,it,True,,2,Moda e Made in Italy
secondaire,BAC,Baccalauréat (4ème année secondaire),البكالوريا (السنة الرابعة ثانوي),TECH,Sciences techniques,العلوم التقنية,bac-techniques,ITAL,Italien,الإيطالية,it,True,,3,Sport e benessere
secondaire,BAC,Baccalauréat (4ème année secondaire),البكالوريا (السنة الرابعة ثانوي),TECH,Sciences techniques,العلوم التقنية,bac-techniques,ITAL,Italien,الإيطالية,it,True,,4,Cibo e alimentazione
secondaire,BAC,Baccalauréat (4ème année secondaire),البكالوريا (السنة الرابعة ثانوي),TECH,Sciences techniques,العلوم التقنية,bac-techniques,ITAL,Italien,الإيطالية,it,True,,5,Mass-media e telecomunicazioni
secondaire,BAC,Baccalauréat (4ème année secondaire),البكالوريا (السنة الرابعة ثانوي),TECH,Sciences techniques,العلوم التقنية,bac-techniques,ITAL,Italien,الإيطالية,it,True,,6,Le feste italiane
secondaire,BAC,Baccalauréat (4ème année secondaire),البكالوريا (السنة الرابعة ثانوي),TECH,Sciences techniques,العلوم التقنية,bac-techniques,CHIN,Chinois,الصينية,zh,True,,1,你买了什么东西
secondaire,BAC,Baccalauréat (4ème année secondaire),البكالوريا (السنة الرابعة ثانوي),TECH,Sciences techniques,العلوم التقنية,bac-techniques,CHIN,Chinois,الصينية,zh,True,,2,你们去长城了没有
secondaire,BAC,Baccalauréat (4ème année secondaire),البكالوريا (السنة الرابعة ثانوي),TECH,Sciences techniques,العلوم التقنية,bac-techniques,CHIN,Chinois,الصينية,zh,True,,3,他不去旅行了
secondaire,BAC,Baccalauréat (4ème année secondaire),البكالوريا (السنة الرابعة ثانوي),TECH,Sciences techniques,العلوم التقنية,bac-techniques,CHIN,Chinois,الصينية,zh,True,,4,我上网上两个小时
secondaire,BAC,Baccalauréat (4ème année secondaire),البكالوريا (السنة الرابعة ثانوي),TECH,Sciences techniques,العلوم التقنية,bac-techniques,CHIN,Chinois,الصينية,zh,True,,5,你吃过烤鸭吗
secondaire,BAC,Baccalauréat (4ème année secondaire),البكالوريا (السنة الرابعة ثانوي),TECH,Sciences techniques,العلوم التقنية,bac-techniques,CHIN,Chinois,الصينية,zh,True,,6,我正在打电话
secondaire,BAC,Baccalauréat (4ème année secondaire),البكالوريا (السنة الرابعة ثانوي),TECH,Sciences techniques,العلوم التقنية,bac-techniques,CHIN,Chinois,الصينية,zh,True,,7,学校里边有医院吗
secondaire,BAC,Baccalauréat (4ème année secondaire),البكالوريا (السنة الرابعة ثانوي),TECH,Sciences techniques,العلوم التقنية,bac-techniques,CHIN,Chinois,الصينية,zh,True,,8,你们先进来吧
secondaire,BAC,Baccalauréat (4ème année secondaire),البكالوريا (السنة الرابعة ثانوي),TECH,Sciences techniques,العلوم التقنية,bac-techniques,CHIN,Chinois,الصينية,zh,True,,9,你说对了
secondaire,BAC,Baccalauréat (4ème année secondaire),البكالوريا (السنة الرابعة ثانوي),TECH,Sciences techniques,العلوم التقنية,bac-techniques,CHIN,Chinois,الصينية,zh,True,,10,再见
